sequence	bank	text_id	kind	source_location	packed_bytes	japanese_exact	japanese_readable	mechanical_romaji	normalized_japanese_aid	current_english_exact	current_english_readable	source_controls	english_controls	control_match	script_profile	voice_dialect_register	orthography_kanji_katakana	comparison_flags	review_priority	proposed_retranslation	reviewer_notes
1	TT1A	TT1A/g0/r0	scenario	group 0 @ 0xA4C2; record 0	group-compressed	1995ねん 9がつ25にち{CTRL:1}すべては このひからはじまった……	1995ねん 9がつ25にち ⟦CTRL:1⟧ すべては このひからはじまった……	1995nen 9gatsu25nichi / subeteha konohikarahajimatta……	1995ねん 9がつ25にちすべては このひからはじまった……	September 25, 1995{CTRL:1}It all began that day...	September 25, 1995 ⟦CTRL:1⟧ It all began that day...	1	1	yes	hiragana:20; katakana:0; kanji:0; Latin:0; digits:7; phonetic hiragana orthography		Source suppresses normal kanji/katakana distinctions; restore only with context	source numerals ['1995', '9', '25']; verify dates/counts and Japanese ordering | ellipsis carries timing/hesitation tone	medium		
2	TT1A	TT1A/g0/r1	scenario	group 0 @ 0xA4C2; record 1	group-compressed	"きゃすたー「こどくのてんさい とよばれる{CTRL:0} ぶつりがくしゃの しもんはかせは{CTRL:2} さくや ""たいむとらべる"" にかんする{CTRL:0} きわめてきょうみぶかい つぎのような{CTRL:4} こめんとを はっぴょういたしました」"	"きゃすたー「こどくのてんさい とよばれる ⟦CTRL:0⟧  ぶつりがくしゃの しもんはかせは ⟦CTRL:2⟧  さくや ""たいむとらべる"" にかんする ⟦CTRL:0⟧  きわめてきょうみぶかい つぎのような ⟦CTRL:4⟧  こめんとを はっぴょういたしました」"	"kyasutaa「kodokunotensai toyobareru /  butsurigakushano shimonhakaseha /  sakuya ""taimutoraberu"" nikansuru /  kiwametekyoumibukai tsuginoyouna /  komentoo happyouitashimashita」"	"きゃすたー「こどくのてんさい とよばれる ぶつりがくしゃの しもんはかせは さくや ""たいむとらべる"" にかんする きわめてきょうみぶかい つぎのような こめんとを はっぴょういたしました」"	News: Dr. Simon,{CTRL:0}a reclusive genius in{CTRL:2}physics, made this{CTRL:0}statement on time travel{CTRL:4}late last night.	News: Dr. Simon, ⟦CTRL:0⟧ a reclusive genius in ⟦CTRL:2⟧ physics, made this ⟦CTRL:0⟧ statement on time travel ⟦CTRL:4⟧ late last night.	0,2,0,4	0,2,0,4	yes	hiragana:80; katakana:1; kanji:0; Latin:0; digits:0		しもん → シモン (Simon) | たいむ → タイム | はかせ → 博士		low		
3	TT1A	TT1A/g0/r2	scenario	group 0 @ 0xA4C2; record 2	group-compressed	"しもん「えー… ながねんにわたるけんきゅうの{CTRL:0} けっか わたしはこれまでくうそうに{CTRL:0} すぎなかった ""たいむとらべる"" について{CTRL:0} そのじつげんに おおきくちかづいたことを…」"	"しもん「えー… ながねんにわたるけんきゅうの ⟦CTRL:0⟧  けっか わたしはこれまでくうそうに ⟦CTRL:0⟧  すぎなかった ""たいむとらべる"" について ⟦CTRL:0⟧  そのじつげんに おおきくちかづいたことを…」"	"shimon「ee… naganenniwatarukenkyuuno /  kekka watashihakoremadekuusouni /  suginakatta ""taimutoraberu"" nitsuite /  sonojitsugenni ookikuchikazuitakotoo…」"	"しもん「えー… ながねんにわたるけんきゅうの けっか わたしはこれまでくうそうに すぎなかった ""たいむとらべる"" について そのじつげんに おおきくちかづいたことを…」"	Simon: Well... years of{CTRL:0}research have brought{CTRL:0}time travel from fantasy{CTRL:0}closer to reality...	Simon: Well... years of ⟦CTRL:0⟧ research have brought ⟦CTRL:0⟧ time travel from fantasy ⟦CTRL:0⟧ closer to reality...	0,0,0	0,0,0	yes	hiragana:70; katakana:1; kanji:0; Latin:0; digits:0		しもん → シモン (Simon) | たいむ → タイム | けんきゅう → 研究	ellipsis carries timing/hesitation tone	low		
4	TT1A	TT1A/g0/r3	scenario	group 0 @ 0xA4C2; record 3	group-compressed	うらないさーびすせんたーが おおくりする{CTRL:0}「きょうのうんせい」です{CTRL:2}あなたのけつえきがたを とうろくしてください	うらないさーびすせんたーが おおくりする ⟦CTRL:0⟧ 「きょうのうんせい」です ⟦CTRL:2⟧ あなたのけつえきがたを とうろくしてください	uranaisaabisusentaaga ookurisuru / 「kyounounsei」desu / anatanoketsuekigatao tourokushitekudasai	うらないさーびすせんたーが おおくりする「きょうのうんせい」ですあなたのけつえきがたを とうろくしてください	"The Fortune Center{CTRL:0}presents ""Today's Luck"".{CTRL:2}Enter your blood type."	"The Fortune Center ⟦CTRL:0⟧ presents ""Today's Luck"". ⟦CTRL:2⟧ Enter your blood type."	0,2	0,2	yes	hiragana:48; katakana:2; kanji:0; Latin:0; digits:0		うらない → 占い		low		
5	TT1A	TT1A/g0/r4	scenario	group 0 @ 0xA4C2; record 4	group-compressed	あなたの うまれたつきは！	あなたの うまれたつきは！	anatano umaretatsukiha！	あなたの うまれたつきは！	Your birth month?	Your birth month?			yes	hiragana:11; katakana:0; kanji:0; Latin:0; digits:0; phonetic hiragana orthography		Source suppresses normal kanji/katakana distinctions; restore only with context		medium		
6	TT1A	TT1A/g0/r5	scenario	group 0 @ 0xA4C2; record 5	group-compressed	では せいかくしんだんからはじめます{CTRL:1}しつもんに おこたえください	では せいかくしんだんからはじめます ⟦CTRL:1⟧ しつもんに おこたえください	deha seikakushindankarahajimemasu / shitsumonni okotaekudasai	では せいかくしんだんからはじめますしつもんに おこたえください	First: personality test.{CTRL:1}Answer each question.	First: personality test. ⟦CTRL:1⟧ Answer each question.	1	1	yes	hiragana:30; katakana:0; kanji:0; Latin:0; digits:0; phonetic hiragana orthography		Source suppresses normal kanji/katakana distinctions; restore only with context		medium		
7	TT1A	TT1A/g0/r6	scenario	group 0 @ 0xA4C2; record 6	group-compressed	みそしるより こんそめすーぷが すき	みそしるより こんそめすーぷが すき	misoshiruyori konsomesuupuga suki	みそしるより こんそめすーぷが すき	Do you prefer consommé  to miso soup?	Do you prefer consommé  to miso soup?			yes	hiragana:15; katakana:1; kanji:0; Latin:0; digits:0		こんそめ → コンソメ	English contains padding used for layout or packed size	low		
8	TT1A	TT1A/g0/r7	scenario	group 0 @ 0xA4C2; record 7	group-compressed	50めーとるいじょう およげる	50めーとるいじょう およげる	50meetoruijou oyogeru	50めーとるいじょう およげる	Swim 50 meters or more?	Swim 50 meters or more?			yes	hiragana:11; katakana:1; kanji:0; Latin:0; digits:2		Source suppresses normal kanji/katakana distinctions; restore only with context	source numerals ['50']; verify dates/counts and Japanese ordering	medium		
9	TT1A	TT1A/g0/r8	scenario	group 0 @ 0xA4C2; record 8	group-compressed	いみもなくとつぜん わらいだすことがある	いみもなくとつぜん わらいだすことがある	imimonakutotsuzen waraidasukotogaaru	いみもなくとつぜん わらいだすことがある	Do you laugh at random?	Do you laugh at random?			yes	hiragana:19; katakana:0; kanji:0; Latin:0; digits:0; phonetic hiragana orthography		Source suppresses normal kanji/katakana distinctions; restore only with context		medium		
10	TT1A	TT1A/g0/r9	scenario	group 0 @ 0xA4C2; record 9	group-compressed	やっぱりやきゅうは じゃいあんつだ	やっぱりやきゅうは じゃいあんつだ	yappariyakyuuha jaiantsuda	やっぱりやきゅうは じゃいあんつだ	Are the Giants the best?	Are the Giants the best?			yes	hiragana:16; katakana:0; kanji:0; Latin:0; digits:0; phonetic hiragana orthography	じゃ: old-person/western-style copula; context decides voice versus region	Source suppresses normal kanji/katakana distinctions; restore only with context		medium		
11	TT1A	TT1A/g0/r10	scenario	group 0 @ 0xA4C2; record 10	group-compressed	つきあったこが 3にんいじょう いる	つきあったこが 3にんいじょう いる	tsukiattakoga 3ninijou iru	つきあったこが 3にんいじょう いる	Have you dated at least three girls?	Have you dated at least three girls?			yes	hiragana:15; katakana:0; kanji:0; Latin:0; digits:1; phonetic hiragana orthography		Source suppresses normal kanji/katakana distinctions; restore only with context	source numerals ['3']; verify dates/counts and Japanese ordering	medium		
12	TT1A	TT1A/g0/r11	scenario	group 0 @ 0xA4C2; record 11	group-compressed	かなしばりに あったことがある	かなしばりに あったことがある	kanashibarini attakotogaaru	かなしばりに あったことがある	Have you had sleep      paralysis?	Have you had sleep      paralysis?			yes	hiragana:14; katakana:0; kanji:0; Latin:0; digits:0; phonetic hiragana orthography		Source suppresses normal kanji/katakana distinctions; restore only with context	English contains padding used for layout or packed size	medium		
13	TT1A	TT1A/g0/r12	scenario	group 0 @ 0xA4C2; record 12	group-compressed	なぐりたいやつが3にんいじょう いる	なぐりたいやつが3にんいじょう いる	naguritaiyatsuga3ninijou iru	なぐりたいやつが3にんいじょう いる	Do you want to hit      3 or more people?	Do you want to hit      3 or more people?			yes	hiragana:16; katakana:0; kanji:0; Latin:0; digits:1; phonetic hiragana orthography		Source suppresses normal kanji/katakana distinctions; restore only with context	source numerals ['3']; verify dates/counts and Japanese ordering | English contains padding used for layout or packed size	medium		
14	TT1A	TT1A/g0/r13	scenario	group 0 @ 0xA4C2; record 13	group-compressed	ひとり ひざをかかえてないたことがある	ひとり ひざをかかえてないたことがある	hitori hizaokakaetenaitakotogaaru	ひとり ひざをかかえてないたことがある	Have you curled up and  cried?	Have you curled up and  cried?			yes	hiragana:18; katakana:0; kanji:0; Latin:0; digits:0; phonetic hiragana orthography		Source suppresses normal kanji/katakana distinctions; restore only with context	English contains padding used for layout or packed size	medium		
15	TT1A	TT1A/g0/r14	scenario	group 0 @ 0xA4C2; record 14	group-compressed	あそぶじかんをけずってまで しごとをしたくない	あそぶじかんをけずってまで しごとをしたくない	asobujikanokezuttemade shigotooshitakunai	あそぶじかんをけずってまで しごとをしたくない	Don't want work cutting into your free time?	Don't want work cutting into your free time?			yes	hiragana:22; katakana:0; kanji:0; Latin:0; digits:0; phonetic hiragana orthography		じかん → 時間		low		
16	TT1A	TT1A/g0/r15	scenario	group 0 @ 0xA4C2; record 15	group-compressed	ぶらんどには こだわるほうだ	ぶらんどには こだわるほうだ	burandoniha kodawaruhouda	ぶらんどには こだわるほうだ	Do brand names matter?	Do brand names matter?			yes	hiragana:13; katakana:0; kanji:0; Latin:0; digits:0; phonetic hiragana orthography	だわ: traditionally feminine-coded sentence ending	Source suppresses normal kanji/katakana distinctions; restore only with context		medium		
17	TT1A	TT1A/g0/r16	scenario	group 0 @ 0xA4C2; record 16	group-compressed	あしたできることは きょうしない	あしたできることは きょうしない	ashitadekirukotoha kyoushinai	あしたできることは きょうしない	Do you leave work until tomorrow?	Do you leave work until tomorrow?			yes	hiragana:15; katakana:0; kanji:0; Latin:0; digits:0; phonetic hiragana orthography		Source suppresses normal kanji/katakana distinctions; restore only with context		medium		
18	TT1A	TT1A/g0/r17	scenario	group 0 @ 0xA4C2; record 17	group-compressed	じぶんをまもるのは けっきょくじぶんだけだ	じぶんをまもるのは けっきょくじぶんだけだ	jibunomamorunoha kekkyokujibundakeda	じぶんをまもるのは けっきょくじぶんだけだ	Do you believe only you can protect yourself?	Do you believe only you can protect yourself?			yes	hiragana:20; katakana:0; kanji:0; Latin:0; digits:0; phonetic hiragana orthography		Source suppresses normal kanji/katakana distinctions; restore only with context		medium		
19	TT1A	TT1A/g0/r18	scenario	group 0 @ 0xA4C2; record 18	group-compressed	しょうらいは しゃかいのやくにたちたい	しょうらいは しゃかいのやくにたちたい	shouraiha shakainoyakunitachitai	しょうらいは しゃかいのやくにたちたい	Want to help society    someday?	Want to help society    someday?			yes	hiragana:18; katakana:0; kanji:0; Latin:0; digits:0; phonetic hiragana orthography		Source suppresses normal kanji/katakana distinctions; restore only with context	English contains padding used for layout or packed size	medium		
20	TT1A	TT1A/g0/r19	scenario	group 0 @ 0xA4C2; record 19	group-compressed	ふとくみじかく いきたい	ふとくみじかく いきたい	futokumijikaku ikitai	ふとくみじかく いきたい	Do you want a brief,    full life?	Do you want a brief,    full life?			yes	hiragana:11; katakana:0; kanji:0; Latin:0; digits:0; phonetic hiragana orthography		Source suppresses normal kanji/katakana distinctions; restore only with context	English contains padding used for layout or packed size	medium		
21	TT1A	TT1A/g0/r20	scenario	group 0 @ 0xA4C2; record 20	group-compressed	あいがあれば なにもいらない	あいがあれば なにもいらない	aigaareba nanimoiranai	あいがあれば なにもいらない	Is love all you need?	Is love all you need?			yes	hiragana:13; katakana:0; kanji:0; Latin:0; digits:0; phonetic hiragana orthography		Source suppresses normal kanji/katakana distinctions; restore only with context		medium		
22	TT1A	TT1A/g0/r21	scenario	group 0 @ 0xA4C2; record 21	group-compressed	しばらく おまちください	しばらく おまちください	shibaraku omachikudasai	しばらく おまちください	Please wait.	Please wait.			yes	hiragana:11; katakana:0; kanji:0; Latin:0; digits:0; phonetic hiragana orthography		Source suppresses normal kanji/katakana distinctions; restore only with context		medium		
23	TT1A	TT1A/g0/r22	scenario	group 0 @ 0xA4C2; record 22	group-compressed	あなたのせいかくは……	あなたのせいかくは……	anatanoseikakuha……	あなたのせいかくは……	Your personality is...	Your personality is...			yes	hiragana:9; katakana:0; kanji:0; Latin:0; digits:0; phonetic hiragana orthography		Source suppresses normal kanji/katakana distinctions; restore only with context	ellipsis carries timing/hesitation tone	medium		
24	TT1A	TT1A/g0/r23	scenario	group 0 @ 0xA4C2; record 23	group-compressed	あらそいをこのまない くーるなへいわしゅぎしゃ{CTRL:0}じょうほうかんりにすぐれた いんてりたいぷです{CTRL:2}しゃこうてきなはんめん そしきにぞくすることを{CTRL:0}きらい ふかいつきあいをさけているうちに{CTRL:4}こりつしてしまうことも しばしば{CTRL:3}そういうじぶんさえ きゃっかんてきに{CTRL:4}ぶんせきしてしまう どくとくのせいかくです	あらそいをこのまない くーるなへいわしゅぎしゃ ⟦CTRL:0⟧ じょうほうかんりにすぐれた いんてりたいぷです ⟦CTRL:2⟧ しゃこうてきなはんめん そしきにぞくすることを ⟦CTRL:0⟧ きらい ふかいつきあいをさけているうちに ⟦CTRL:4⟧ こりつしてしまうことも しばしば ⟦CTRL:3⟧ そういうじぶんさえ きゃっかんてきに ⟦CTRL:4⟧ ぶんせきしてしまう どくとくのせいかくです	arasoiokonomanai kuurunaheiwashugisha / jouhoukanrinisugureta interitaipudesu / shakoutekinahanmen soshikinizokusurukotoo / kirai fukaitsukiaiosaketeiruuchini / koritsushiteshimaukotomo shibashiba / souiujibunsae kyakkantekini / bunsekishiteshimau dokutokunoseikakudesu	あらそいをこのまない くーるなへいわしゅぎしゃじょうほうかんりにすぐれた いんてりたいぷですしゃこうてきなはんめん そしきにぞくすることをきらい ふかいつきあいをさけているうちにこりつしてしまうことも しばしばそういうじぶんさえ きゃっかんてきにぶんせきしてしまう どくとくのせいかくです	You avoid conflict.{CTRL:0}A cool-headed pacifist.{CTRL:2}Good with information.{CTRL:0}Social, but hate groups.{CTRL:4}You avoid close bonds.{CTRL:3}Often ending up alone.{CTRL:4}Self-aware and unusual.	You avoid conflict. ⟦CTRL:0⟧ A cool-headed pacifist. ⟦CTRL:2⟧ Good with information. ⟦CTRL:0⟧ Social, but hate groups. ⟦CTRL:4⟧ You avoid close bonds. ⟦CTRL:3⟧ Often ending up alone. ⟦CTRL:4⟧ Self-aware and unusual.	0,2,0,4,3,4	0,2,0,4,3,4	yes	hiragana:136; katakana:1; kanji:0; Latin:0; digits:0	わし: elderly or authoritative masculine first person; character voice, not necessarily regional | です/ます: polite register	へいわ → 平和		medium		
25	TT1A	TT1A/g0/r24	scenario	group 0 @ 0xA4C2; record 24	group-compressed	しんちょうで けいかくせいがあるため{CTRL:0}しっぱいはすくないが へいぼんになりやすい{CTRL:2}すじをとおし こつこつとどりょくする{CTRL:0}きまじめでがんこな がくしゃたいぷです{CTRL:3}ひとにきをつかいすぎて つかれてしまうことが{CTRL:4}あり れんあいもぶきようですが{CTRL:4}ないめんはとても ろまんちすとです	しんちょうで けいかくせいがあるため ⟦CTRL:0⟧ しっぱいはすくないが へいぼんになりやすい ⟦CTRL:2⟧ すじをとおし こつこつとどりょくする ⟦CTRL:0⟧ きまじめでがんこな がくしゃたいぷです ⟦CTRL:3⟧ ひとにきをつかいすぎて つかれてしまうことが ⟦CTRL:4⟧ あり れんあいもぶきようですが ⟦CTRL:4⟧ ないめんはとても ろまんちすとです	shinchoude keikakuseigaarutame / shippaihasukunaiga heibonninariyasui / sujiotooshi kotsukotsutodoryokusuru / kimajimedegankona gakushataipudesu / hitonikiotsukaisugite tsukareteshimaukotoga / ari renaimobukiyoudesuga / naimenhatotemo romanchisutodesu	しんちょうで けいかくせいがあるためしっぱいはすくないが へいぼんになりやすいすじをとおし こつこつとどりょくするきまじめでがんこな がくしゃたいぷですひとにきをつかいすぎて つかれてしまうことがあり れんあいもぶきようですがないめんはとても ろまんちすとです	Cautious, methodical.{CTRL:0}Rarely fail, yet plain.{CTRL:2}Principled, diligent{CTRL:0}scholarly, earnest, firm{CTRL:3}You care till worn out{CTRL:4}and fumble at romance,{CTRL:4}but romantic inside.	Cautious, methodical. ⟦CTRL:0⟧ Rarely fail, yet plain. ⟦CTRL:2⟧ Principled, diligent ⟦CTRL:0⟧ scholarly, earnest, firm ⟦CTRL:3⟧ You care till worn out ⟦CTRL:4⟧ and fumble at romance, ⟦CTRL:4⟧ but romantic inside.	0,2,0,3,4,4	0,2,0,3,4,4	yes	hiragana:123; katakana:0; kanji:0; Latin:0; digits:0; phonetic hiragana orthography	です/ます: polite register	Source suppresses normal kanji/katakana distinctions; restore only with context		medium		
26	TT1A	TT1A/g0/r25	scenario	group 0 @ 0xA4C2; record 25	group-compressed	らくてんてきで だれにでもすかれる{CTRL:0}こせいゆたかな にんきもの{CTRL:2}すきなことには ねっちゅうするけれども{CTRL:0}きがむかないときは とたんにやるきをうしなって{CTRL:4}おもわぬぽかをしたりします{CTRL:3}こうきしんと するどいひらめきは{CTRL:4}じゃーなりすとに むいています	らくてんてきで だれにでもすかれる ⟦CTRL:0⟧ こせいゆたかな にんきもの ⟦CTRL:2⟧ すきなことには ねっちゅうするけれども ⟦CTRL:0⟧ きがむかないときは とたんにやるきをうしなって ⟦CTRL:4⟧ おもわぬぽかをしたりします ⟦CTRL:3⟧ こうきしんと するどいひらめきは ⟦CTRL:4⟧ じゃーなりすとに むいています	rakutentekide darenidemosukareru / koseiyutakana ninkimono / sukinakotoniha netchuusurukeredomo / kigamukanaitokiha totanniyarukioushinatte / omowanupokaoshitarishimasu / koukishinto surudoihiramekiha / jaanarisutoni muiteimasu	らくてんてきで だれにでもすかれるこせいゆたかな にんきものすきなことには ねっちゅうするけれどもきがむかないときは とたんにやるきをうしなっておもわぬぽかをしたりしますこうきしんと するどいひらめきはじゃーなりすとに むいています	Optimistic and popular,{CTRL:0}with unique charm.{CTRL:2}You chase what you like{CTRL:0}Moods sap your drive.{CTRL:4}Mistakes often follow.{CTRL:3}Curiosity, sharp insight{CTRL:4}fit you for journalism.	Optimistic and popular, ⟦CTRL:0⟧ with unique charm. ⟦CTRL:2⟧ You chase what you like ⟦CTRL:0⟧ Moods sap your drive. ⟦CTRL:4⟧ Mistakes often follow. ⟦CTRL:3⟧ Curiosity, sharp insight ⟦CTRL:4⟧ fit you for journalism.	0,2,0,4,3,4	0,2,0,4,3,4	yes	hiragana:109; katakana:1; kanji:0; Latin:0; digits:0	じゃ: old-person/western-style copula; context decides voice versus region | です/ます: polite register	Source suppresses normal kanji/katakana distinctions; restore only with context		high		
27	TT1A	TT1A/g0/r26	scenario	group 0 @ 0xA4C2; record 26	group-compressed	なにごとにもひたむきで ねっしん{CTRL:1}ものごとの ほんすじをみつめるめをもった{CTRL:0}せいじかたいぷです{CTRL:6}めいよをおもんじるが きんせんにはうとく{CTRL:4}じこしゅちょうのつよさが しばしばわがままに{CTRL:4}かわりやすくなります{CTRL:3}どらまちっくなれんあいを いつもゆめみています	なにごとにもひたむきで ねっしん ⟦CTRL:1⟧ ものごとの ほんすじをみつめるめをもった ⟦CTRL:0⟧ せいじかたいぷです ⟦CTRL:6⟧ めいよをおもんじるが きんせんにはうとく ⟦CTRL:4⟧ じこしゅちょうのつよさが しばしばわがままに ⟦CTRL:4⟧ かわりやすくなります ⟦CTRL:3⟧ どらまちっくなれんあいを いつもゆめみています	nanigotonimohitamukide nesshin / monogotono honsujiomitsumerumeomotta / seijikataipudesu / meiyooomonjiruga kinsennihautoku / jikoshuchounotsuyosaga shibashibawagamamani / kawariyasukunarimasu / doramachikkunarenaio itsumoyumemiteimasu	なにごとにもひたむきで ねっしんものごとの ほんすじをみつめるめをもったせいじかたいぷですめいよをおもんじるが きんせんにはうとくじこしゅちょうのつよさが しばしばわがままにかわりやすくなりますどらまちっくなれんあいを いつもゆめみています	Earnest, passionate.{CTRL:1}You see what matters,{CTRL:0}a born politician.{CTRL:6}Honor matters.{CTRL:4}Bad with money.{CTRL:4}Views can turn selfish.{CTRL:3}Dream of dramatic love.	Earnest, passionate. ⟦CTRL:1⟧ You see what matters, ⟦CTRL:0⟧ a born politician. ⟦CTRL:6⟧ Honor matters. ⟦CTRL:4⟧ Bad with money. ⟦CTRL:4⟧ Views can turn selfish. ⟦CTRL:3⟧ Dream of dramatic love.	1,0,6,4,4,3	1,0,6,4,4,3	yes	hiragana:115; katakana:0; kanji:0; Latin:0; digits:0; phonetic hiragana orthography	です/ます: polite register	Source suppresses normal kanji/katakana distinctions; restore only with context		medium		
28	TT1A	TT1A/g0/r27	scenario	group 0 @ 0xA4C2; record 27	group-compressed	「きょうのうんせい」{CTRL:0}{CTRL:2}きょうのひは あなたにとってわすれられない{CTRL:0}いちにちになりそうです{CTRL:3}れいせいなはんだんりょくと つよいいしが{CTRL:4}あなたをこううんへと みちびきます{CTRL:3}こうがいのはくぶつかんで であいのちゃんすあり{CTRL:4}すてきなじょせいが あなたのうでのなかへ{CTRL:4}きっと とびこんでくるでしょう{CTRL:3}ここできめる とどめのせりふ／{CTRL:3}そのことばは……	「きょうのうんせい」 ⟦CTRL:0⟧  ⟦CTRL:2⟧ きょうのひは あなたにとってわすれられない ⟦CTRL:0⟧ いちにちになりそうです ⟦CTRL:3⟧ れいせいなはんだんりょくと つよいいしが ⟦CTRL:4⟧ あなたをこううんへと みちびきます ⟦CTRL:3⟧ こうがいのはくぶつかんで であいのちゃんすあり ⟦CTRL:4⟧ すてきなじょせいが あなたのうでのなかへ ⟦CTRL:4⟧ きっと とびこんでくるでしょう ⟦CTRL:3⟧ ここできめる とどめのせりふ／ ⟦CTRL:3⟧ そのことばは……	「kyounounsei」 /  / kyounohiha anatanitottewasurerarenai / ichinichininarisoudesu / reiseinahandanryokuto tsuyoiishiga / anataokouunheto michibikimasu / kougainohakubutsukande deainochansuari / sutekinajoseiga anatanoudenonakahe / kitto tobikondekurudeshou / kokodekimeru todomenoserifu／ / sonokotobaha……	「きょうのうんせい」きょうのひは あなたにとってわすれられないいちにちになりそうですれいせいなはんだんりょくと つよいいしがあなたをこううんへと みちびきますこうがいのはくぶつかんで であいのちゃんすありすてきなじょせいが あなたのうでのなかへきっと とびこんでくるでしょうここできめる とどめのせりふ／そのことばは……	"""Today's Fortune""{CTRL:0}{CTRL:2}Today may be a day you{CTRL:0}never forget.{CTRL:3}Calm thought and resolve{CTRL:4}shall bring good luck.{CTRL:3}At a museum out of town,{CTRL:4}you may meet a woman.{CTRL:4}She runs into your arms.{CTRL:3}Use this perfect line:{CTRL:3}The magic words are..."	"""Today's Fortune"" ⟦CTRL:0⟧  ⟦CTRL:2⟧ Today may be a day you ⟦CTRL:0⟧ never forget. ⟦CTRL:3⟧ Calm thought and resolve ⟦CTRL:4⟧ shall bring good luck. ⟦CTRL:3⟧ At a museum out of town, ⟦CTRL:4⟧ you may meet a woman. ⟦CTRL:4⟧ She runs into your arms. ⟦CTRL:3⟧ Use this perfect line: ⟦CTRL:3⟧ The magic words are..."	0,2,0,3,4,3,4,4,3,3	0,2,0,3,4,3,4,4,3,3	yes	hiragana:148; katakana:0; kanji:0; Latin:0; digits:0; phonetic hiragana orthography		はくぶつかん → 博物館 | いのち → 命 | ことば → 言葉	ellipsis carries timing/hesitation tone	low		
29	TT1A	TT1A/g0/r28	scenario	group 0 @ 0xA4C2; record 28	group-compressed	そのことばは……	そのことばは……	sonokotobaha……	そのことばは……	Those magic words are...	Those magic words are...			yes	hiragana:6; katakana:0; kanji:0; Latin:0; digits:0; phonetic hiragana orthography		ことば → 言葉	ellipsis carries timing/hesitation tone	low		
30	TT1A	TT1A/g0/r29	scenario	group 0 @ 0xA4C2; record 29	group-compressed	……まらどぅる ばらお がらどぅーら……{CTRL:0}{CTRL:2}くりかえしくりかえし となえよ{CTRL:3}……まらどぅる ばらお がらどぅーら……{CTRL:4}……まらどぅる ばらお がらどぅーら……／	……まらどぅる ばらお がらどぅーら…… ⟦CTRL:0⟧  ⟦CTRL:2⟧ くりかえしくりかえし となえよ ⟦CTRL:3⟧ ……まらどぅる ばらお がらどぅーら…… ⟦CTRL:4⟧ ……まらどぅる ばらお がらどぅーら……／	……maraduru barao garaduura…… /  / kurikaeshikurikaeshi tonaeyo / ……maraduru barao garaduura…… / ……maraduru barao garaduura……／	……まらどぅる ばらお がらどぅーら……くりかえしくりかえし となえよ……まらどぅる ばらお がらどぅーら…………まらどぅる ばらお がらどぅーら……／	Maradul Barao Garadura{CTRL:0}{CTRL:2}Say it again and again.{CTRL:3}Maradul Barao Garadura{CTRL:4}Maradul Barao Garadura!	Maradul Barao Garadura ⟦CTRL:0⟧  ⟦CTRL:2⟧ Say it again and again. ⟦CTRL:3⟧ Maradul Barao Garadura ⟦CTRL:4⟧ Maradul Barao Garadura!	0,2,3,4	0,2,3,4	yes	hiragana:53; katakana:3; kanji:0; Latin:0; digits:0		Source suppresses normal kanji/katakana distinctions; restore only with context	ellipsis carries timing/hesitation tone	medium		
31	TT1A	TT1A/g0/r30	scenario	group 0 @ 0xA4C2; record 30	group-compressed	たいむとらべる か……{CTRL:1}はなしばっかりで じつげんしたためしが{CTRL:0}ないんだよなあ{CTRL:6}そんなことより……	たいむとらべる か…… ⟦CTRL:1⟧ はなしばっかりで じつげんしたためしが ⟦CTRL:0⟧ ないんだよなあ ⟦CTRL:6⟧ そんなことより……	taimutoraberu ka…… / hanashibakkaride jitsugenshitatameshiga / naindayonaa / sonnakotoyori……	たいむとらべる か……はなしばっかりで じつげんしたためしがないんだよなあそんなことより……	Time travel, huh...{CTRL:1}everyone talks about it,{CTRL:0}but nobody has done it.{CTRL:6}More importantly...	Time travel, huh... ⟦CTRL:1⟧ everyone talks about it, ⟦CTRL:0⟧ but nobody has done it. ⟦CTRL:6⟧ More importantly...	1,0,6	1,0,6	yes	hiragana:40; katakana:0; kanji:0; Latin:0; digits:0; phonetic hiragana orthography		たいむ → タイム | はなし → 話	ellipsis carries timing/hesitation tone	low		
32	TT1A	TT1A/g0/r31	scenario	group 0 @ 0xA4C2; record 31	group-compressed	………………………………{CTRL:1}かわってるな……{CTRL:0}おまじないか なんかかな！{CTRL:6}{CTRL:4}{CTRL:3}まあ いいや… ぜんはいそげだ／	……………………………… ⟦CTRL:1⟧ かわってるな…… ⟦CTRL:0⟧ おまじないか なんかかな！ ⟦CTRL:6⟧  ⟦CTRL:4⟧  ⟦CTRL:3⟧ まあ いいや… ぜんはいそげだ／	……………………………… / kawatteruna…… / omajinaika nankakana！ /  /  / maa iiya… zenhaisogeda／	………………………………かわってるな……おまじないか なんかかな！まあ いいや… ぜんはいそげだ／	............{CTRL:1}That is a strange one...{CTRL:0}maybe it is some spell?{CTRL:6}{CTRL:4}{CTRL:3}Well... no time to lose!	............ ⟦CTRL:1⟧ That is a strange one... ⟦CTRL:0⟧ maybe it is some spell? ⟦CTRL:6⟧  ⟦CTRL:4⟧  ⟦CTRL:3⟧ Well... no time to lose!	1,0,6,4,3	1,0,6,4,3	yes	hiragana:29; katakana:0; kanji:0; Latin:0; digits:0; phonetic hiragana orthography		Source suppresses normal kanji/katakana distinctions; restore only with context	ellipsis carries timing/hesitation tone	medium		
33	TT1A	TT1A/g1/r0	scenario	group 1 @ 0xA99E; record 0	group-compressed	……たいへん しつれいいたしました{CTRL:0}そのことばは……{CTRL:0}「きみがほほえむと たいようがのぼって{CTRL:0} くるようだ」です{CTRL:3}ごりよう ありがとうございました	……たいへん しつれいいたしました ⟦CTRL:0⟧ そのことばは…… ⟦CTRL:0⟧ 「きみがほほえむと たいようがのぼって ⟦CTRL:0⟧  くるようだ」です ⟦CTRL:3⟧ ごりよう ありがとうございました	……taihen shitsureiitashimashita / sonokotobaha…… / 「kimigahohoemuto taiyouganobotte /  kuruyouda」desu / goriyou arigatougozaimashita	……たいへん しつれいいたしましたそのことばは……「きみがほほえむと たいようがのぼって くるようだ」ですごりよう ありがとうございました	"... Forgive our mistake.{CTRL:0}Your magic words are:{CTRL:0}""Your smile makes the{CTRL:0}sun rise.""{CTRL:3}Thanks for using us."	"... Forgive our mistake. ⟦CTRL:0⟧ Your magic words are: ⟦CTRL:0⟧ ""Your smile makes the ⟦CTRL:0⟧ sun rise."" ⟦CTRL:3⟧ Thanks for using us."	0,0,0,3	0,0,0,3	yes	hiragana:59; katakana:0; kanji:0; Latin:0; digits:0; phonetic hiragana orthography		ことば → 言葉	ellipsis carries timing/hesitation tone	low		
34	TT1A	TT1A/g1/r1	scenario	group 1 @ 0xA99E; record 1	group-compressed	もうすぐ21せいき……{CTRL:1}でもひとびとは それほどあたらしいじだいを{CTRL:0}かんげいしてるわけじゃない{CTRL:6}あいかわらず せかいのあちこちではあらそいが{CTRL:4}たえないし{CTRL:3}かんきょうはかいや しょくりょうぶそくは{CTRL:4}ますます しんこくになっている{CTRL:3}ちきゅうのみらいは だれがみたって{CTRL:4}ふあんだらけだ	もうすぐ21せいき…… ⟦CTRL:1⟧ でもひとびとは それほどあたらしいじだいを ⟦CTRL:0⟧ かんげいしてるわけじゃない ⟦CTRL:6⟧ あいかわらず せかいのあちこちではあらそいが ⟦CTRL:4⟧ たえないし ⟦CTRL:3⟧ かんきょうはかいや しょくりょうぶそくは ⟦CTRL:4⟧ ますます しんこくになっている ⟦CTRL:3⟧ ちきゅうのみらいは だれがみたって ⟦CTRL:4⟧ ふあんだらけだ	mousugu21seiki…… / demohitobitoha sorehodoatarashiijidaio / kangeishiteruwakejanai / aikawarazu sekainoachikochidehaarasoiga / taenaishi / kankyouhakaiya shokuryoubusokuha / masumasu shinkokuninatteiru / chikyuunomiraiha daregamitatte / fuandarakeda	もうすぐ21せいき……でもひとびとは それほどあたらしいじだいをかんげいしてるわけじゃないあいかわらず せかいのあちこちではあらそいがたえないしかんきょうはかいや しょくりょうぶそくはますます しんこくになっているちきゅうのみらいは だれがみたってふあんだらけだ	The new century nears...{CTRL:1}few people welcome it.{CTRL:0}Across the world,{CTRL:6}conflicts still rage,{CTRL:4}with no end in sight.{CTRL:3}Nature is being ruined{CTRL:4}and food grows scarce.{CTRL:3}Earth's future clearly{CTRL:4}is full of uncertainty.	The new century nears... ⟦CTRL:1⟧ few people welcome it. ⟦CTRL:0⟧ Across the world, ⟦CTRL:6⟧ conflicts still rage, ⟦CTRL:4⟧ with no end in sight. ⟦CTRL:3⟧ Nature is being ruined ⟦CTRL:4⟧ and food grows scarce. ⟦CTRL:3⟧ Earth's future clearly ⟦CTRL:4⟧ is full of uncertainty.	1,0,6,4,3,4,3,4	1,0,6,4,3,4,3,4	yes	hiragana:122; katakana:0; kanji:0; Latin:0; digits:2; phonetic hiragana orthography	じゃ: old-person/western-style copula; context decides voice versus region	じだい → 時代 | みらい → 未来 | せかい → 世界	source numerals ['21']; verify dates/counts and Japanese ordering | ellipsis carries timing/hesitation tone	medium		
35	TT1A	TT1A/g1/r2	scenario	group 1 @ 0xA99E; record 2	group-compressed	そんなわけで まよえるげんだいじんは{CTRL:0}「うらない」に すくいをもとめはじめた{CTRL:2}くらいせそうをのりきるには{CTRL:0}みずさきあんないにんが ひつようというわけだ{CTRL:3}これがふしぎと あたるからおもしろい	そんなわけで まよえるげんだいじんは ⟦CTRL:0⟧ 「うらない」に すくいをもとめはじめた ⟦CTRL:2⟧ くらいせそうをのりきるには ⟦CTRL:0⟧ みずさきあんないにんが ひつようというわけだ ⟦CTRL:3⟧ これがふしぎと あたるからおもしろい	sonnawakede mayoerugendaijinha / 「uranai」ni sukuiomotomehajimeta / kuraisesouonorikiruniha / mizusakiannaininga hitsuyoutoiuwakeda / koregafushigito atarukaraomoshiroi	そんなわけで まよえるげんだいじんは「うらない」に すくいをもとめはじめたくらいせそうをのりきるにはみずさきあんないにんが ひつようというわけだこれがふしぎと あたるからおもしろい	So, people adrift today{CTRL:0}seek hope in fortunes.{CTRL:2}Dark times need a guide{CTRL:0}to show the way.{CTRL:3}Strangely, it works.	So, people adrift today ⟦CTRL:0⟧ seek hope in fortunes. ⟦CTRL:2⟧ Dark times need a guide ⟦CTRL:0⟧ to show the way. ⟦CTRL:3⟧ Strangely, it works.	0,2,0,3	0,2,0,3	yes	hiragana:84; katakana:0; kanji:0; Latin:0; digits:0; phonetic hiragana orthography		うらない → 占い | だいじ → 大事		low		
36	TT1B	TT1B/g0/r0	scenario	group 0 @ 0xADE4; record 0	group-compressed	ついたぞ…… 「あくまはくぶつかん」{CTRL:1}いちどこようと おもってたんだ	ついたぞ…… 「あくまはくぶつかん」 ⟦CTRL:1⟧ いちどこようと おもってたんだ	tsuitazo…… 「akumahakubutsukan」 / ichidokoyouto omottetanda	ついたぞ…… 「あくまはくぶつかん」いちどこようと おもってたんだ	The Devil Museum...{CTRL:1}I've wanted to visit.	The Devil Museum... ⟦CTRL:1⟧ I've wanted to visit.	1	1	yes	hiragana:27; katakana:0; kanji:0; Latin:0; digits:0; phonetic hiragana orthography	ぞ: forceful assertion or command emphasis	はくぶつかん → 博物館 | あくま → 悪魔	ellipsis carries timing/hesitation tone	medium		
37	TT1B	TT1B/g0/r1	scenario	group 0 @ 0xADE4; record 1	group-compressed	さいごにあおぞらをみたのは いつだっけ	さいごにあおぞらをみたのは いつだっけ	saigoniaozoraomitanoha itsudakke	さいごにあおぞらをみたのは いつだっけ	Blue sky... when was it?	Blue sky... when was it?			yes	hiragana:18; katakana:0; kanji:0; Latin:0; digits:0; phonetic hiragana orthography		Source suppresses normal kanji/katakana distinctions; restore only with context		medium		
38	TT1B	TT1B/g0/r2	scenario	group 0 @ 0xADE4; record 2	group-compressed	{CTRL:0}なんていってる ばあいじゃない／	⟦CTRL:0⟧ なんていってる ばあいじゃない／	 / nanteitteru baaijanai／	なんていってる ばあいじゃない／	{CTRL:0}No time for that now!	⟦CTRL:0⟧ No time for that now!	0	0	yes	hiragana:14; katakana:0; kanji:0; Latin:0; digits:0; phonetic hiragana orthography	じゃ: old-person/western-style copula; context decides voice versus region	Source suppresses normal kanji/katakana distinctions; restore only with context		medium		
39	TT1B	TT1B/g0/r3	scenario	group 0 @ 0xADE4; record 3	group-compressed	ここにはまだ みどりがある	ここにはまだ みどりがある	kokonihamada midorigaaru	ここにはまだ みどりがある	Some greenery remains.	Some greenery remains.			yes	hiragana:12; katakana:0; kanji:0; Latin:0; digits:0; phonetic hiragana orthography		Source suppresses normal kanji/katakana distinctions; restore only with context		medium		
40	TT1B	TT1B/g0/r4	scenario	group 0 @ 0xADE4; record 4	group-compressed	ちきしょう／ どこいった／	ちきしょう／ どこいった／	chikishou／ dokoitta／	ちきしょう／ どこいった／	Damn! Where did it go?	Damn! Where did it go?			yes	hiragana:10; katakana:0; kanji:0; Latin:0; digits:0; phonetic hiragana orthography		Source suppresses normal kanji/katakana distinctions; restore only with context		medium		
41	TT1B	TT1B/g0/r5	scenario	group 0 @ 0xADE4; record 5	group-compressed	いりぐちに ふだがかかっている	いりぐちに ふだがかかっている	iriguchini fudagakakatteiru	いりぐちに ふだがかかっている	A sign is on the door.	A sign is on the door.			yes	hiragana:14; katakana:0; kanji:0; Latin:0; digits:0; phonetic hiragana orthography		Source suppresses normal kanji/katakana distinctions; restore only with context		medium		
42	TT1B	TT1B/g0/r6	scenario	group 0 @ 0xADE4; record 6	group-compressed	「ほんじつ きゅうかんび{CTRL:1} ごようのあるかたは きょうかいまで」	「ほんじつ きゅうかんび ⟦CTRL:1⟧  ごようのあるかたは きょうかいまで」	「honjitsu kyuukanbi /  goyounoarukataha kyoukaimade」	「ほんじつ きゅうかんび ごようのあるかたは きょうかいまで」	"""Closed today.{CTRL:1}Inquire at the church."""	"""Closed today. ⟦CTRL:1⟧ Inquire at the church."""	1	1	yes	hiragana:26; katakana:0; kanji:0; Latin:0; digits:0; phonetic hiragana orthography		きょうかい → 教会		low		
43	TT1B	TT1B/g0/r7	scenario	group 0 @ 0xADE4; record 7	group-compressed	おれは あくむをみてるんだろうか……	おれは あくむをみてるんだろうか……	oreha akumuomiterundarouka……	おれは あくむをみてるんだろうか……	Is this a nightmare...?	Is this a nightmare...?			yes	hiragana:15; katakana:0; kanji:0; Latin:0; digits:0; phonetic hiragana orthography	おれ: plain-to-rough masculine first person	Source suppresses normal kanji/katakana distinctions; restore only with context	ellipsis carries timing/hesitation tone	medium		
44	TT1B	TT1B/g0/r8	scenario	group 0 @ 0xADE4; record 8	group-compressed	おれ「げっ／」{CTRL:0}ぼろぼろと からだがくずれていく／	おれ「げっ／」 ⟦CTRL:0⟧ ぼろぼろと からだがくずれていく／	ore「ge／」 / bboroboroto karadagakuzureteiku／	おれ「げっ／」ぼろぼろと からだがくずれていく／	Me: Agh!{CTRL:0}My body's falling apart!	Me: Agh! ⟦CTRL:0⟧ My body's falling apart!	0	0	yes	hiragana:19; katakana:0; kanji:0; Latin:0; digits:0; phonetic hiragana orthography	おれ: plain-to-rough masculine first person	からだ → 体		medium		
45	TT1B	TT1B/g0/r9	scenario	group 0 @ 0xADE4; record 9	group-compressed	あああ…… このままでは やばいぞ／	あああ…… このままでは やばいぞ／	aaa…… konomamadeha yabaizo／	あああ…… このままでは やばいぞ／	Aah... this is bad!	Aah... this is bad!			yes	hiragana:13; katakana:0; kanji:0; Latin:0; digits:0; phonetic hiragana orthography		Source suppresses normal kanji/katakana distinctions; restore only with context	ellipsis carries timing/hesitation tone	medium		
46	TT1B	TT1B/g0/r10	scenario	group 0 @ 0xADE4; record 10	group-compressed	だれもいない	だれもいない	daremoinai	だれもいない	Nobody is here.	Nobody is here.			yes	hiragana:6; katakana:0; kanji:0; Latin:0; digits:0; phonetic hiragana orthography		Source suppresses normal kanji/katakana distinctions; restore only with context		medium		
47	TT1B	TT1B/g0/r11	scenario	group 0 @ 0xADE4; record 11	group-compressed	かぎが かかっている	かぎが かかっている	kagiga kakatteiru	かぎが かかっている	It is locked.	It is locked.			yes	hiragana:9; katakana:0; kanji:0; Latin:0; digits:0; phonetic hiragana orthography		Source suppresses normal kanji/katakana distinctions; restore only with context		medium		
48	TT1B	TT1B/g0/r12	scenario	group 0 @ 0xADE4; record 12	group-compressed	かぎをつかって なかへはいった	かぎをつかって なかへはいった	kagiotsukatte nakahehaitta	かぎをつかって なかへはいった	I unlock it and enter.	I unlock it and enter.			yes	hiragana:14; katakana:0; kanji:0; Latin:0; digits:0; phonetic hiragana orthography		Source suppresses normal kanji/katakana distinctions; restore only with context		medium		
49	TT1B	TT1B/g0/r13	scenario	group 0 @ 0xADE4; record 13	group-compressed	ばらばらに こわれている	ばらばらに こわれている	barabarani kowareteiru	ばらばらに こわれている	It is smashed to pieces.	It is smashed to pieces.			yes	hiragana:11; katakana:0; kanji:0; Latin:0; digits:0; phonetic hiragana orthography		Source suppresses normal kanji/katakana distinctions; restore only with context		medium		
50	TT1B	TT1B/g0/r14	scenario	group 0 @ 0xADE4; record 14	group-compressed	「さばとのはこ」{CTRL:0}{CTRL:2}ちゅうせいのよーろっぱで まじょのしゅうかいに{CTRL:6}つかわれたはこ{CTRL:3}あくまとかわした たましいのけいやくしょを{CTRL:4}おさめたといわれている	「さばとのはこ」 ⟦CTRL:0⟧  ⟦CTRL:2⟧ ちゅうせいのよーろっぱで まじょのしゅうかいに ⟦CTRL:6⟧ つかわれたはこ ⟦CTRL:3⟧ あくまとかわした たましいのけいやくしょを ⟦CTRL:4⟧ おさめたといわれている	「sabatonohako」 /  / chuuseinoyooroppade majonoshuukaini / tsukawaretahako / akumatokawashita tamashiinokeiyakushoo / osametatoiwareteiru	「さばとのはこ」ちゅうせいのよーろっぱで まじょのしゅうかいにつかわれたはこあくまとかわした たましいのけいやくしょをおさめたといわれている	"""Sabbath Box""{CTRL:0}{CTRL:2}Used in medieval Europe{CTRL:6}witches' rites.{CTRL:3}Said to hold contracts{CTRL:4}for souls sold to devils"	"""Sabbath Box"" ⟦CTRL:0⟧  ⟦CTRL:2⟧ Used in medieval Europe ⟦CTRL:6⟧ witches' rites. ⟦CTRL:3⟧ Said to hold contracts ⟦CTRL:4⟧ for souls sold to devils"	0,2,6,3,4	0,2,6,3,4	yes	hiragana:65; katakana:1; kanji:0; Latin:0; digits:0	わし: elderly or authoritative masculine first person; character voice, not necessarily regional	たましい → 魂 | あくま → 悪魔		medium		
51	TT1B	TT1B/g0/r15	scenario	group 0 @ 0xADE4; record 15	group-compressed	「まふうじのつぼ」{CTRL:0}{CTRL:2}すうせんねんのむかし かみのこが{CTRL:0}そうぜつなたたかいのすえ あくまをとじこめ{CTRL:4}ふういんしたとされる でんせつのつぼ	「まふうじのつぼ」 ⟦CTRL:0⟧  ⟦CTRL:2⟧ すうせんねんのむかし かみのこが ⟦CTRL:0⟧ そうぜつなたたかいのすえ あくまをとじこめ ⟦CTRL:4⟧ ふういんしたとされる でんせつのつぼ	「mafuujinotsubo」 /  / suusennennomukashi kaminokoga / souzetsunatatakainosue akumaotojikome / fuuinshitatosareru densetsunotsubo	「まふうじのつぼ」すうせんねんのむかし かみのこがそうぜつなたたかいのすえ あくまをとじこめふういんしたとされる でんせつのつぼ	"""Demon-Sealing Jar""{CTRL:0}{CTRL:2}Long ago, God's son{CTRL:0}after a fierce battle{CTRL:4}sealed the Devil within."	"""Demon-Sealing Jar"" ⟦CTRL:0⟧  ⟦CTRL:2⟧ Long ago, God's son ⟦CTRL:0⟧ after a fierce battle ⟦CTRL:4⟧ sealed the Devil within."	0,2,0,4	0,2,0,4	yes	hiragana:59; katakana:0; kanji:0; Latin:0; digits:0; phonetic hiragana orthography		あくま → 悪魔 | かみ → 神/紙/髪		medium		
52	TT1B	TT1B/g0/r16	scenario	group 0 @ 0xADE4; record 16	group-compressed	「いましめのすず」{CTRL:0}{CTRL:2}こだいえじぷとの ふぁらおが{CTRL:0}まよけにつかったという いいつたえのすず{CTRL:3}すきとおったねいろが あくまのこまくを{CTRL:4}ひきさいた	「いましめのすず」 ⟦CTRL:0⟧  ⟦CTRL:2⟧ こだいえじぷとの ふぁらおが ⟦CTRL:0⟧ まよけにつかったという いいつたえのすず ⟦CTRL:3⟧ すきとおったねいろが あくまのこまくを ⟦CTRL:4⟧ ひきさいた	「imashimenosuzu」 /  / kodaiejiputono faraoga / mayokenitsukattatoiu iitsutaenosuzu / sukitoottaneiroga akumanokomakuo / hikisaita	「いましめのすず」こだいえじぷとの ふぁらおがまよけにつかったという いいつたえのすずすきとおったねいろが あくまのこまくをひきさいた	"""Warding Bell""{CTRL:0}{CTRL:2}Ancient pharaohs{CTRL:0}used it as a charm.{CTRL:3}Its clear tone tore{CTRL:4}the Devil's eardrums."	"""Warding Bell"" ⟦CTRL:0⟧  ⟦CTRL:2⟧ Ancient pharaohs ⟦CTRL:0⟧ used it as a charm. ⟦CTRL:3⟧ Its clear tone tore ⟦CTRL:4⟧ the Devil's eardrums."	0,2,0,3,4	0,2,0,3,4	yes	hiragana:62; katakana:0; kanji:0; Latin:0; digits:0; phonetic hiragana orthography		あくま → 悪魔		low		
53	TT1B	TT1B/g0/r17	scenario	group 0 @ 0xADE4; record 17	group-compressed	「あくまのて」{CTRL:0}{CTRL:2}19せいきのあめりかで あくまをすうはいする{CTRL:0}ひみつけっしゃの しんぼるとなった{CTRL:4}ぶろんずのぞう{CTRL:3}するどいつめで いけにえのしんぞうを{CTRL:4}えぐりとった	「あくまのて」 ⟦CTRL:0⟧  ⟦CTRL:2⟧ 19せいきのあめりかで あくまをすうはいする ⟦CTRL:0⟧ ひみつけっしゃの しんぼるとなった ⟦CTRL:4⟧ ぶろんずのぞう ⟦CTRL:3⟧ するどいつめで いけにえのしんぞうを ⟦CTRL:4⟧ えぐりとった	「akumanote」 /  / 19seikinoamerikade akumaosuuhaisuru / himitsukesshano shinborutonatta / buronzunozou / surudoitsumede ikenienoshinzouo / eguritotta	「あくまのて」19せいきのあめりかで あくまをすうはいするひみつけっしゃの しんぼるとなったぶろんずのぞうするどいつめで いけにえのしんぞうをえぐりとった	"""Devil's Hand""{CTRL:0}{CTRL:2}1800s U.S. devil cult{CTRL:0}secret society symbol.{CTRL:4}A bronze statue.{CTRL:3}Sharp claws tore hearts{CTRL:4}from sacrifices."	"""Devil's Hand"" ⟦CTRL:0⟧  ⟦CTRL:2⟧ 1800s U.S. devil cult ⟦CTRL:0⟧ secret society symbol. ⟦CTRL:4⟧ A bronze statue. ⟦CTRL:3⟧ Sharp claws tore hearts ⟦CTRL:4⟧ from sacrifices."	0,2,0,4,3,4	0,2,0,4,3,4	yes	hiragana:70; katakana:0; kanji:0; Latin:0; digits:2; phonetic hiragana orthography		あめりか → アメリカ (America) | どいつ → ドイツ (Germany) | あくま → 悪魔	source numerals ['19']; verify dates/counts and Japanese ordering	low		
54	TT1B	TT1B/g0/r18	scenario	group 0 @ 0xADE4; record 18	group-compressed	「じぷしーのまもりふだ」{CTRL:0}{CTRL:2}17せいきこうはん ほうろうのたみが{CTRL:0}たびのさいなんから みをまもった{CTRL:4}ほしがたのめだる{CTRL:3}まよけのじゅもんが きざまれている	「じぷしーのまもりふだ」 ⟦CTRL:0⟧  ⟦CTRL:2⟧ 17せいきこうはん ほうろうのたみが ⟦CTRL:0⟧ たびのさいなんから みをまもった ⟦CTRL:4⟧ ほしがたのめだる ⟦CTRL:3⟧ まよけのじゅもんが きざまれている	「jipushiinomamorifuda」 /  / 17seikikouhan hourounotamiga / tabinosainankara miomamotta / hoshigatanomedaru / mayokenojumonga kizamareteiru	「じぷしーのまもりふだ」17せいきこうはん ほうろうのたみがたびのさいなんから みをまもったほしがたのめだるまよけのじゅもんが きざまれている	"""Romani Talisman""{CTRL:0}{CTRL:2}Late-1600s nomads wore{CTRL:0}this star medal{CTRL:4}for safe travel.{CTRL:3}Warding spell engraved."	"""Romani Talisman"" ⟦CTRL:0⟧  ⟦CTRL:2⟧ Late-1600s nomads wore ⟦CTRL:0⟧ this star medal ⟦CTRL:4⟧ for safe travel. ⟦CTRL:3⟧ Warding spell engraved."	0,2,0,4,3	0,2,0,4,3	yes	hiragana:63; katakana:1; kanji:0; Latin:0; digits:2		Source suppresses normal kanji/katakana distinctions; restore only with context	source numerals ['17']; verify dates/counts and Japanese ordering	medium		
55	TT1B	TT1B/g0/r19	scenario	group 0 @ 0xADE4; record 19	group-compressed	だだっぴろいが じめじめしている	だだっぴろいが じめじめしている	dadappiroiga jimejimeshiteiru	だだっぴろいが じめじめしている	It is vast, but damp.	It is vast, but damp.			yes	hiragana:15; katakana:0; kanji:0; Latin:0; digits:0; phonetic hiragana orthography		Source suppresses normal kanji/katakana distinctions; restore only with context		medium		
56	TT1B	TT1B/g0/r20	scenario	group 0 @ 0xADE4; record 20	group-compressed	はげしく ゆれている	はげしく ゆれている	hageshiku yureteiru	はげしく ゆれている	It is shaking violently.	It is shaking violently.			yes	hiragana:9; katakana:0; kanji:0; Latin:0; digits:0; phonetic hiragana orthography		Source suppresses normal kanji/katakana distinctions; restore only with context		medium		
57	TT1B	TT1B/g0/r21	scenario	group 0 @ 0xADE4; record 21	group-compressed	ぽにーてーるが めちゃかわいい	ぽにーてーるが めちゃかわいい	poniiteeruga mechakawaii	ぽにーてーるが めちゃかわいい	Her ponytail is so cute.	Her ponytail is so cute.			yes	hiragana:12; katakana:2; kanji:0; Latin:0; digits:0		Source suppresses normal kanji/katakana distinctions; restore only with context		medium		
58	TT1B	TT1B/g0/r22	scenario	group 0 @ 0xADE4; record 22	group-compressed	おれのうでを つかんではなさない	おれのうでを つかんではなさない	orenoudeo tsukandehanasanai	おれのうでを つかんではなさない	She clings to my arm.	She clings to my arm.			yes	hiragana:15; katakana:0; kanji:0; Latin:0; digits:0; phonetic hiragana orthography	おれ: plain-to-rough masculine first person	Source suppresses normal kanji/katakana distinctions; restore only with context		medium		
59	TT1B	TT1B/g0/r23	scenario	group 0 @ 0xADE4; record 23	group-compressed	おれのむねのなかで ふるえている	おれのむねのなかで ふるえている	orenomunenonakade furueteiru	おれのむねのなかで ふるえている	She trembles in my arms.	She trembles in my arms.			yes	hiragana:15; katakana:0; kanji:0; Latin:0; digits:0; phonetic hiragana orthography	おれ: plain-to-rough masculine first person	Source suppresses normal kanji/katakana distinctions; restore only with context		medium		
60	TT1B	TT1B/g0/r24	scenario	group 0 @ 0xADE4; record 24	group-compressed	きを うしなっている	きを うしなっている	kio ushinatteiru	きを うしなっている	She is unconscious.	She is unconscious.			yes	hiragana:9; katakana:0; kanji:0; Latin:0; digits:0; phonetic hiragana orthography		Source suppresses normal kanji/katakana distinctions; restore only with context		medium		
61	TT1B	TT1B/g0/r25	scenario	group 0 @ 0xADE4; record 25	group-compressed	きもちわりい……	きもちわりい……	kimochiwarii……	きもちわりい……	Creepy...	Creepy...			yes	hiragana:6; katakana:0; kanji:0; Latin:0; digits:0; phonetic hiragana orthography		Source suppresses normal kanji/katakana distinctions; restore only with context	ellipsis carries timing/hesitation tone	medium		
62	TT1B	TT1B/g0/r26	scenario	group 0 @ 0xADE4; record 26	group-compressed	おれ「こ こんにちは」{CTRL:1}おんなのこ「こんにちは……」	おれ「こ こんにちは」 ⟦CTRL:1⟧ おんなのこ「こんにちは……」	ore「ko konnichiha」 / onnanoko「konnichiha……」	おれ「こ こんにちは」おんなのこ「こんにちは……」	Me: H-hello.{CTRL:1}Girl: Hello...	Me: H-hello. ⟦CTRL:1⟧ Girl: Hello...	1	1	yes	hiragana:18; katakana:0; kanji:0; Latin:0; digits:0; phonetic hiragana orthography	おれ: plain-to-rough masculine first person	おんなのこ → 女の子	ellipsis carries timing/hesitation tone	medium		
63	TT1B	TT1B/g0/r27	scenario	group 0 @ 0xADE4; record 27	group-compressed	おれ「えーと……」{CTRL:1}おんなのこ「…………」	おれ「えーと……」 ⟦CTRL:1⟧ おんなのこ「…………」	ore「eeto……」 / onnanoko「…………」	おれ「えーと……」おんなのこ「…………」	Me: Um...{CTRL:1}Girl: ........	Me: Um... ⟦CTRL:1⟧ Girl: ........	1	1	yes	hiragana:9; katakana:1; kanji:0; Latin:0; digits:0	おれ: plain-to-rough masculine first person	おんなのこ → 女の子	ellipsis carries timing/hesitation tone	medium		
64	TT1B	TT1B/g0/r28	scenario	group 0 @ 0xADE4; record 28	group-compressed	おれ「えーと……」{CTRL:1}おんなのこ「てんじひん ぜんぶみました！」{CTRL:0}おれ「いえ……」	おれ「えーと……」 ⟦CTRL:1⟧ おんなのこ「てんじひん ぜんぶみました！」 ⟦CTRL:0⟧ おれ「いえ……」	ore「eeto……」 / onnanoko「tenjihin zenbumimashita！」 / ore「ie……」	おれ「えーと……」おんなのこ「てんじひん ぜんぶみました！」おれ「いえ……」	Me: Um...{CTRL:1}Girl: Seen everything?{CTRL:0}Me: No...	Me: Um... ⟦CTRL:1⟧ Girl: Seen everything? ⟦CTRL:0⟧ Me: No...	1,0	1,0	yes	hiragana:25; katakana:1; kanji:0; Latin:0; digits:0	おれ: plain-to-rough masculine first person	おんなのこ → 女の子	ellipsis carries timing/hesitation tone	medium		
65	TT1B	TT1B/g0/r29	scenario	group 0 @ 0xADE4; record 29	group-compressed	おんなのこ「きゃあーーっ／」	おんなのこ「きゃあーーっ／」	onnanoko「kyaaaa／」	おんなのこ「きゃあーーっ／」	Girl: Aaaaah!	Girl: Aaaaah!			yes	hiragana:9; katakana:2; kanji:0; Latin:0; digits:0		おんなのこ → 女の子		low		
66	TT1B	TT1B/g0/r30	scenario	group 0 @ 0xADE4; record 30	group-compressed	おんなのこ「ああ こわかった……」	おんなのこ「ああ こわかった……」	onnanoko「aa kowakatta……」	おんなのこ「ああ こわかった……」	Girl: Oh... how scary!	Girl: Oh... how scary!			yes	hiragana:12; katakana:0; kanji:0; Latin:0; digits:0; phonetic hiragana orthography		おんなのこ → 女の子	ellipsis carries timing/hesitation tone	low		
67	TT1B	TT1B/g0/r31	scenario	group 0 @ 0xADE4; record 31	group-compressed	おれ「まさか あんた……」{CTRL:0}あくま「いわゆるひとつの あくまだ」{CTRL:0}おれ「げげげげっ／」{CTRL:6}あくま「しんぼうづよく てれぱしーを{CTRL:4} おくりつづけたかいが あったというものだ」{CTRL:4}おれ「…………」	おれ「まさか あんた……」 ⟦CTRL:0⟧ あくま「いわゆるひとつの あくまだ」 ⟦CTRL:0⟧ おれ「げげげげっ／」 ⟦CTRL:6⟧ あくま「しんぼうづよく てれぱしーを ⟦CTRL:4⟧  おくりつづけたかいが あったというものだ」 ⟦CTRL:4⟧ おれ「…………」	ore「masaka anta……」 / akuma「iwayuruhitotsuno akumada」 / ore「gegegege／」 / aakuma「shinbouzuyoku terepashiio /  okuritsuzuketakaiga attatoiumonoda」 / ore「…………」	おれ「まさか あんた……」あくま「いわゆるひとつの あくまだ」おれ「げげげげっ／」あくま「しんぼうづよく てれぱしーを おくりつづけたかいが あったというものだ」おれ「…………」	Me: You mean you're...{CTRL:0}Devil: You might say so.{CTRL:0}Me: G-g-g-gah!{CTRL:6}Devil: My telepathy{CTRL:4}finally paid off.{CTRL:4}Me: ........	Me: You mean you're... ⟦CTRL:0⟧ Devil: You might say so. ⟦CTRL:0⟧ Me: G-g-g-gah! ⟦CTRL:6⟧ Devil: My telepathy ⟦CTRL:4⟧ finally paid off. ⟦CTRL:4⟧ Me: ........	0,0,6,4,4	0,0,6,4,4	yes	hiragana:66; katakana:1; kanji:0; Latin:0; digits:0	おれ: plain-to-rough masculine first person	あくま → 悪魔	ellipsis carries timing/hesitation tone	medium		
68	TT1B	TT1B/g1/r0	scenario	group 1 @ 0xB0D5; record 0	group-compressed	あくま「ながいあいだ とじこめられていた{CTRL:0} おかげで からだがすっかり もろくなった{CTRL:2} おまえのからだをもらうぞ」{CTRL:6}おれ「そんなこと いわれても…」{CTRL:4}あくま「もんどうむようだ」	あくま「ながいあいだ とじこめられていた ⟦CTRL:0⟧  おかげで からだがすっかり もろくなった ⟦CTRL:2⟧  おまえのからだをもらうぞ」 ⟦CTRL:6⟧ おれ「そんなこと いわれても…」 ⟦CTRL:4⟧ あくま「もんどうむようだ」	akuma「nagaiaida tojikomerareteita /  okagede karadagasukkari morokunatta /  omaenokaradaomorauzo」 / ore「sonnakoto iwaretemo…」 / akuma「mondoumuyouda」	あくま「ながいあいだ とじこめられていた おかげで からだがすっかり もろくなった おまえのからだをもらうぞ」おれ「そんなこと いわれても…」あくま「もんどうむようだ」	Devil: Long captivity{CTRL:0}left my body frail.{CTRL:2}I'm taking yours.{CTRL:6}Me: You can't just...{CTRL:4}Devil: No arguing.	Devil: Long captivity ⟦CTRL:0⟧ left my body frail. ⟦CTRL:2⟧ I'm taking yours. ⟦CTRL:6⟧ Me: You can't just... ⟦CTRL:4⟧ Devil: No arguing.	0,2,6,4	0,2,6,4	yes	hiragana:71; katakana:0; kanji:0; Latin:0; digits:0; phonetic hiragana orthography	おれ: plain-to-rough masculine first person | おまえ: familiar or rough second person; relationship and tone matter | ぞ: forceful assertion or command emphasis	あくま → 悪魔 | からだ → 体	ellipsis carries timing/hesitation tone	medium		
69	TT1B	TT1B/g1/r1	scenario	group 1 @ 0xB0D5; record 1	group-compressed	あくま「くくく…」	あくま「くくく…」	akuma「kukuku…」	あくま「くくく…」	Devil: Heh heh heh...	Devil: Heh heh heh...			yes	hiragana:6; katakana:0; kanji:0; Latin:0; digits:0; phonetic hiragana orthography		あくま → 悪魔	ellipsis carries timing/hesitation tone	low		
70	TT1B	TT1B/g1/r2	scenario	group 1 @ 0xB0D5; record 2	group-compressed	……な なんてこった／	……な なんてこった／	……na nantekotta／	……な なんてこった／	... Wh-what the hell?!	... Wh-what the hell?!			yes	hiragana:7; katakana:0; kanji:0; Latin:0; digits:0; phonetic hiragana orthography		Source suppresses normal kanji/katakana distinctions; restore only with context	ellipsis carries timing/hesitation tone	medium		
71	TT1B	TT1B/g1/r3	scenario	group 1 @ 0xB0D5; record 3	group-compressed	えーと たしか……{CTRL:1}おれ「…まらどぅる ばらお がらどぅーら…」	えーと たしか…… ⟦CTRL:1⟧ おれ「…まらどぅる ばらお がらどぅーら…」	eeto tashika…… / ore「…maraduru barao garaduura…」	えーと たしか……おれ「…まらどぅる ばらお がらどぅーら…」	"It was...{CTRL:1}""Maradul Barao Garadura"""	"It was... ⟦CTRL:1⟧ ""Maradul Barao Garadura"""	1	1	yes	hiragana:20; katakana:2; kanji:0; Latin:0; digits:0	おれ: plain-to-rough masculine first person	Source suppresses normal kanji/katakana distinctions; restore only with context	ellipsis carries timing/hesitation tone	medium		
72	TT1B	TT1B/g1/r4	scenario	group 1 @ 0xB0D5; record 4	group-compressed	おんなのこ「ひっ／」{CTRL:0}おれ「ぼくにつかまって／」	おんなのこ「ひっ／」 ⟦CTRL:0⟧ おれ「ぼくにつかまって／」	onnanoko「hi／」 / oore「bokunitsukamatte／」	おんなのこ「ひっ／」おれ「ぼくにつかまって／」	Girl: Eek!{CTRL:0}Me: Hold on to me!	Girl: Eek! ⟦CTRL:0⟧ Me: Hold on to me!	0	0	yes	hiragana:17; katakana:0; kanji:0; Latin:0; digits:0; phonetic hiragana orthography	ぼく: soft/juvenile masculine first person | おれ: plain-to-rough masculine first person	おんなのこ → 女の子		medium		
73	TT1B	TT1B/g1/r5	scenario	group 1 @ 0xB0D5; record 5	group-compressed	おれ「…まらどぅる ばらお がらどぅーら…」	おれ「…まらどぅる ばらお がらどぅーら…」	ore「…maraduru barao garaduura…」	おれ「…まらどぅる ばらお がらどぅーら…」	"""Maradul Barao Garadura"""	"""Maradul Barao Garadura"""			yes	hiragana:15; katakana:1; kanji:0; Latin:0; digits:0	おれ: plain-to-rough masculine first person	Source suppresses normal kanji/katakana distinctions; restore only with context	ellipsis carries timing/hesitation tone	medium		
74	TT1B	TT1B/g1/r6	scenario	group 1 @ 0xB0D5; record 6	group-compressed	おれ「まらどぅる ばらお がるどぅーら／{CTRL:0} まらどぅる ばらお がるどぅーら／{CTRL:0} まらどぅる ばらお がるどぅーらーーっ／／」	おれ「まらどぅる ばらお がるどぅーら／ ⟦CTRL:0⟧  まらどぅる ばらお がるどぅーら／ ⟦CTRL:0⟧  まらどぅる ばらお がるどぅーらーーっ／／」	ore「maraduru barao garuduura／ /  maraduru barao garuduura／ /  maraduru barao garuduuraaa／／」	おれ「まらどぅる ばらお がるどぅーら／ まらどぅる ばらお がるどぅーら／ まらどぅる ばらお がるどぅーらーーっ／／」	Maradul Barao Galdura!{CTRL:0}Maradul Barao Galdura!{CTRL:0}Maradul Barao Galdura!!	Maradul Barao Galdura! ⟦CTRL:0⟧ Maradul Barao Galdura! ⟦CTRL:0⟧ Maradul Barao Galdura!!	0,0	0,0	yes	hiragana:42; katakana:5; kanji:0; Latin:0; digits:0	おれ: plain-to-rough masculine first person	Source suppresses normal kanji/katakana distinctions; restore only with context		medium		
75	TT1B	TT1B/g1/r7	scenario	group 1 @ 0xB0D5; record 7	group-compressed	……「ぐうううう……」{CTRL:0}{CTRL:2}おれ「……ん！」	……「ぐうううう……」 ⟦CTRL:0⟧  ⟦CTRL:2⟧ おれ「……ん！」	……「guuuuu……」 /  / ore「……n！」	……「ぐうううう……」おれ「……ん！」	...: Grrrr...{CTRL:0}{CTRL:2}Me: ... Hm!	...: Grrrr... ⟦CTRL:0⟧  ⟦CTRL:2⟧ Me: ... Hm!	0,2	0,2	yes	hiragana:8; katakana:0; kanji:0; Latin:0; digits:0; phonetic hiragana orthography	おれ: plain-to-rough masculine first person	Source suppresses normal kanji/katakana distinctions; restore only with context	ellipsis carries timing/hesitation tone	medium		
76	TT1B	TT1B/g1/r8	scenario	group 1 @ 0xB0D5; record 8	group-compressed	おんなのこ「いやん／」	おんなのこ「いやん／」	onnanoko「iyan／」	おんなのこ「いやん／」	Girl: Oh!	Girl: Oh!			yes	hiragana:8; katakana:0; kanji:0; Latin:0; digits:0; phonetic hiragana orthography		おんなのこ → 女の子		low		
77	TT1B	TT1B/g1/r9	scenario	group 1 @ 0xB0D5; record 9	group-compressed	おれ「でへへへー」{CTRL:1}おんなのこ「…………」	おれ「でへへへー」 ⟦CTRL:1⟧ おんなのこ「…………」	ore「dehehehee」 / onnanoko「…………」	おれ「でへへへー」おんなのこ「…………」	Me: Heh heh heh!{CTRL:1}Girl: ........	Me: Heh heh heh! ⟦CTRL:1⟧ Girl: ........	1	1	yes	hiragana:11; katakana:1; kanji:0; Latin:0; digits:0	おれ: plain-to-rough masculine first person	おんなのこ → 女の子	ellipsis carries timing/hesitation tone	medium		
78	TT1B	TT1B/g1/r10	scenario	group 1 @ 0xB0D5; record 10	group-compressed	おれ「きれいな めをしてますね」{CTRL:1}おんなのこ「ありがとう」	おれ「きれいな めをしてますね」 ⟦CTRL:1⟧ おんなのこ「ありがとう」	ore「kireina meoshitemasune」 / onnanoko「arigatou」	おれ「きれいな めをしてますね」おんなのこ「ありがとう」	Me: Such lovely eyes.{CTRL:1}Girl: Thanks.	Me: Such lovely eyes. ⟦CTRL:1⟧ Girl: Thanks.	1	1	yes	hiragana:23; katakana:0; kanji:0; Latin:0; digits:0; phonetic hiragana orthography	おれ: plain-to-rough masculine first person	おんなのこ → 女の子		medium		
79	TT1B	TT1B/g1/r11	scenario	group 1 @ 0xB0D5; record 11	group-compressed	おれ「かたちのいい はなですね」{CTRL:1}おんなのこ「…………」	おれ「かたちのいい はなですね」 ⟦CTRL:1⟧ おんなのこ「…………」	ore「katachinoii hanadesune」 / onnanoko「…………」	おれ「かたちのいい はなですね」おんなのこ「…………」	Me: Nice nose.{CTRL:1}Girl: ........	Me: Nice nose. ⟦CTRL:1⟧ Girl: ........	1	1	yes	hiragana:18; katakana:0; kanji:0; Latin:0; digits:0; phonetic hiragana orthography	おれ: plain-to-rough masculine first person	おんなのこ → 女の子	ellipsis carries timing/hesitation tone	medium		
80	TT1B	TT1B/g1/r12	scenario	group 1 @ 0xB0D5; record 12	group-compressed	おれ「ふくみみ ですね」{CTRL:1}おんなのこ「ぷっ… おかしなひと」{CTRL:0}おれ「いやあ ははは」{CTRL:0}おんなのこ「ふふふ…」{CTRL:4}{CTRL:3}わらった……／{CTRL:4}{CTRL:3}おれ「きみの なまえは！」{CTRL:4}おんなのこ「わたしは…」	おれ「ふくみみ ですね」 ⟦CTRL:1⟧ おんなのこ「ぷっ… おかしなひと」 ⟦CTRL:0⟧ おれ「いやあ ははは」 ⟦CTRL:0⟧ おんなのこ「ふふふ…」 ⟦CTRL:4⟧  ⟦CTRL:3⟧ わらった……／ ⟦CTRL:4⟧  ⟦CTRL:3⟧ おれ「きみの なまえは！」 ⟦CTRL:4⟧ おんなのこ「わたしは…」	ore「fukumimi desune」 / onnanoko「pu… ookashinahito」 / ore「iyaa hahaha」 / onnanoko「fufufu…」 /  / waratta……／ /  / ore「kimino namaeha！」 / onnanoko「watashiha…」	おれ「ふくみみ ですね」おんなのこ「ぷっ… おかしなひと」おれ「いやあ ははは」おんなのこ「ふふふ…」わらった……／おれ「きみの なまえは！」おんなのこ「わたしは…」	Me: Lucky earlobes.{CTRL:1}Girl: Pfft... funny.{CTRL:0}Me: Ha ha...{CTRL:0}Girl: Hee hee...{CTRL:4}{CTRL:3}She laughed!{CTRL:4}{CTRL:3}Me: What's your name?{CTRL:4}Girl: I am...	Me: Lucky earlobes. ⟦CTRL:1⟧ Girl: Pfft... funny. ⟦CTRL:0⟧ Me: Ha ha... ⟦CTRL:0⟧ Girl: Hee hee... ⟦CTRL:4⟧  ⟦CTRL:3⟧ She laughed! ⟦CTRL:4⟧  ⟦CTRL:3⟧ Me: What's your name? ⟦CTRL:4⟧ Girl: I am...	1,0,0,4,3,4,3,4	1,0,0,4,3,4,3,4	yes	hiragana:60; katakana:0; kanji:0; Latin:0; digits:0; phonetic hiragana orthography	おれ: plain-to-rough masculine first person	おんなのこ → 女の子 | おんな → 女 | なまえ → 名前 | はは → 母	ellipsis carries timing/hesitation tone	medium		
81	TT1B	TT1B/g1/r13	scenario	group 1 @ 0xB0D5; record 13	group-compressed	おんなのこ「／」{CTRL:0}おれ「じしんだ／」	おんなのこ「／」 ⟦CTRL:0⟧ おれ「じしんだ／」	onnanoko「／」 / ore「jishinda／」	おんなのこ「／」おれ「じしんだ／」	Girl: Ah!{CTRL:0}Me: An earthquake!	Girl: Ah! ⟦CTRL:0⟧ Me: An earthquake!	0	0	yes	hiragana:11; katakana:0; kanji:0; Latin:0; digits:0; phonetic hiragana orthography	おれ: plain-to-rough masculine first person	おんなのこ → 女の子		medium		
82	TT1B	TT1B/g1/r14	scenario	group 1 @ 0xB0D5; record 14	group-compressed	おれ「けっこう ぼいんですね ひひ…」{CTRL:1}おんなのこ「いやん／」	おれ「けっこう ぼいんですね ひひ…」 ⟦CTRL:1⟧ おんなのこ「いやん／」	ore「kekkou boindesune hihi…」 / onnanoko「iyan／」	おれ「けっこう ぼいんですね ひひ…」おんなのこ「いやん／」	Me: You're busty. Heh...{CTRL:1}Girl: Eek!	Me: You're busty. Heh... ⟦CTRL:1⟧ Girl: Eek!	1	1	yes	hiragana:22; katakana:0; kanji:0; Latin:0; digits:0; phonetic hiragana orthography	おれ: plain-to-rough masculine first person	おんなのこ → 女の子	ellipsis carries timing/hesitation tone	medium		
83	TT1B	TT1B/g1/r15	scenario	group 1 @ 0xB0D5; record 15	group-compressed	おれ「どすこいーっ／」{CTRL:1}おんなのこ「…………」	おれ「どすこいーっ／」 ⟦CTRL:1⟧ おんなのこ「…………」	ore「dosukoii／」 / oonnanoko「…………」	おれ「どすこいーっ／」おんなのこ「…………」	Me: Dosukoi!{CTRL:1}Girl: ........	Me: Dosukoi! ⟦CTRL:1⟧ Girl: ........	1	1	yes	hiragana:12; katakana:1; kanji:0; Latin:0; digits:0	おれ: plain-to-rough masculine first person	おんなのこ → 女の子	ellipsis carries timing/hesitation tone	medium		
84	TT1B	TT1B/g1/r16	scenario	group 1 @ 0xB0D5; record 16	group-compressed	つんつん……{CTRL:0}おんなのこ「うーーん……」	つんつん…… ⟦CTRL:0⟧ おんなのこ「うーーん……」	tsuntsun…… / onnanoko「uuun……」	つんつん……おんなのこ「うーーん……」	Poke, poke...{CTRL:0}Girl: Mmm...	Poke, poke... ⟦CTRL:0⟧ Girl: Mmm...	0	0	yes	hiragana:11; katakana:2; kanji:0; Latin:0; digits:0		おんなのこ → 女の子	ellipsis carries timing/hesitation tone	low		
85	TT1B	TT1B/g1/r17	scenario	group 1 @ 0xB0D5; record 17	group-compressed	めをさましたのも つかのま……{CTRL:0}おんなのこ「ぎゃっ／」	めをさましたのも つかのま…… ⟦CTRL:0⟧ おんなのこ「ぎゃっ／」	meosamashitanomo tsukanoma…… / onnanoko「gya／」	めをさましたのも つかのま……おんなのこ「ぎゃっ／」	She wakes briefly...{CTRL:0}Girl: Aah!	She wakes briefly... ⟦CTRL:0⟧ Girl: Aah!	0	0	yes	hiragana:20; katakana:0; kanji:0; Latin:0; digits:0; phonetic hiragana orthography		おんなのこ → 女の子	ellipsis carries timing/hesitation tone	low		
86	TT1B	TT1B/g1/r18	scenario	group 1 @ 0xB0D5; record 18	group-compressed	また きぜつした	また きぜつした	mata kizetsushita	また きぜつした	She fainted again.	She fainted again.			yes	hiragana:7; katakana:0; kanji:0; Latin:0; digits:0; phonetic hiragana orthography		Source suppresses normal kanji/katakana distinctions; restore only with context		medium		
87	TT1B	TT1B/g1/r19	scenario	group 1 @ 0xB0D5; record 19	group-compressed	おれ「うわっ／」	おれ「うわっ／」	ore「uwa／」	おれ「うわっ／」	Me: Whoa!	Me: Whoa!			yes	hiragana:5; katakana:0; kanji:0; Latin:0; digits:0; phonetic hiragana orthography	おれ: plain-to-rough masculine first person	Source suppresses normal kanji/katakana distinctions; restore only with context		medium		
88	TT1B	TT1B/g1/r20	scenario	group 1 @ 0xB0D5; record 20	group-compressed	おれ「げっ／」{CTRL:1}あくま「ふうーー… ようやくでられたか……」	おれ「げっ／」 ⟦CTRL:1⟧ あくま「ふうーー… ようやくでられたか……」	ore「ge／」 / aakuma「fuuuu… youyakuderaretaka……」	おれ「げっ／」あくま「ふうーー… ようやくでられたか……」	Me: Agh!{CTRL:1}Devil: At last, freedom!	Me: Agh! ⟦CTRL:1⟧ Devil: At last, freedom!	1	1	yes	hiragana:18; katakana:2; kanji:0; Latin:0; digits:0	おれ: plain-to-rough masculine first person	あくま → 悪魔	ellipsis carries timing/hesitation tone	medium		
89	TT1B	TT1B/g1/r21	scenario	group 1 @ 0xB0D5; record 21	group-compressed	おれ「おや！{CTRL:1} なにか おとがしたような……」	おれ「おや！ ⟦CTRL:1⟧  なにか おとがしたような……」	ore「oya！ /  nanika otogashitayouna……」	おれ「おや！ なにか おとがしたような……」	Me: Hm?{CTRL:1}I heard something...	Me: Hm? ⟦CTRL:1⟧ I heard something...	1	1	yes	hiragana:15; katakana:0; kanji:0; Latin:0; digits:0; phonetic hiragana orthography	おれ: plain-to-rough masculine first person	おや → 親	ellipsis carries timing/hesitation tone	medium		
90	TT1B	TT1B/g1/r22	scenario	group 1 @ 0xB0D5; record 22	group-compressed	あしが うごかない／	あしが うごかない／	ashiga ugokanai／	あしが うごかない／	My legs won't move!	My legs won't move!			yes	hiragana:8; katakana:0; kanji:0; Latin:0; digits:0; phonetic hiragana orthography		Source suppresses normal kanji/katakana distinctions; restore only with context		medium		
91	TT1B	TT1B/g1/r23	scenario	group 1 @ 0xB0D5; record 23	group-compressed	おとこ「ぎゃあああーーっ／／」	おとこ「ぎゃあああーーっ／／」	otoko「gyaaaaaa／／」	おとこ「ぎゃあああーーっ／／」	Man: Aaaaah!!	Man: Aaaaah!!			yes	hiragana:9; katakana:2; kanji:0; Latin:0; digits:0		おとこ → 男		low		
92	TT1B	TT1B/g1/r24	scenario	group 1 @ 0xB0D5; record 24	group-compressed	おれ「ちょ ちょっと…／」{CTRL:0}おとこ「か かねなら なんぼでもやるで／{CTRL:0} たた たすけてくりゃーて／」{CTRL:6}おれ「だからさあ…」{CTRL:4}おとこ「よるな／ ひゃあーーっ／」	おれ「ちょ ちょっと…／」 ⟦CTRL:0⟧ おとこ「か かねなら なんぼでもやるで／ ⟦CTRL:0⟧  たた たすけてくりゃーて／」 ⟦CTRL:6⟧ おれ「だからさあ…」 ⟦CTRL:4⟧ おとこ「よるな／ ひゃあーーっ／」	ore「cho chotto…／」 / otoko「ka kanenara nanbodemoyarude／ /  tata tasuketekuryaate／」 / ore「dakarasaa…」 / otoko「yoruna／ hyaaaa／」	おれ「ちょ ちょっと…／」おとこ「か かねなら なんぼでもやるで／ たた たすけてくりゃーて／」おれ「だからさあ…」おとこ「よるな／ ひゃあーーっ／」	Me: W-wait!{CTRL:0}Man: I'll pay ya plenty!{CTRL:0}P-please, just save me!{CTRL:6}Me: But...{CTRL:4}Man: Stay back!	Me: W-wait! ⟦CTRL:0⟧ Man: I'll pay ya plenty! ⟦CTRL:0⟧ P-please, just save me! ⟦CTRL:6⟧ Me: But... ⟦CTRL:4⟧ Man: Stay back!	0,0,6,4	0,0,6,4	yes	hiragana:51; katakana:3; kanji:0; Latin:0; digits:0	おれ: plain-to-rough masculine first person	おとこ → 男	ellipsis carries timing/hesitation tone	medium		
93	TT1B	TT1B/g1/r25	scenario	group 1 @ 0xB0D5; record 25	group-compressed	おおきな ちずをひろげている	おおきな ちずをひろげている	ookina chizuohirogeteiru	おおきな ちずをひろげている	A huge map is laid out.	A huge map is laid out.			yes	hiragana:13; katakana:0; kanji:0; Latin:0; digits:0; phonetic hiragana orthography		Source suppresses normal kanji/katakana distinctions; restore only with context		medium		
94	TT1B	TT1B/g1/r26	scenario	group 1 @ 0xB0D5; record 26	group-compressed	おとこ「うるしゃー／ じゃまだがや／」	おとこ「うるしゃー／ じゃまだがや／」	otoko「urushaa／ jamadagaya／」	おとこ「うるしゃー／ じゃまだがや／」	Man: Shut up! Move it!	Man: Shut up! Move it!			yes	hiragana:13; katakana:1; kanji:0; Latin:0; digits:0	じゃ: old-person/western-style copula; context decides voice versus region	おとこ → 男		medium		
95	TT1B	TT1B/g1/r27	scenario	group 1 @ 0xB0D5; record 27	group-compressed	おとこ「ここに むちゃんこどえりゃー{CTRL:0} れじゃーせんたーを つくるがや／{CTRL:2} いまは どいなかでも{CTRL:0} そのうちにぎやかになるでー」	おとこ「ここに むちゃんこどえりゃー ⟦CTRL:0⟧  れじゃーせんたーを つくるがや／ ⟦CTRL:2⟧  いまは どいなかでも ⟦CTRL:0⟧  そのうちにぎやかになるでー」	otoko「kokoni muchankodoeryaa /  rejaasentaao tsukurugaya／ /  imaha doinakademo /  sonouchinigiyakaninarudee」	おとこ「ここに むちゃんこどえりゃー れじゃーせんたーを つくるがや／ いまは どいなかでも そのうちにぎやかになるでー」	Man: I'll build a huge{CTRL:0}leisure center here!{CTRL:2}It's the sticks now,{CTRL:0}but soon it'll boom!	Man: I'll build a huge ⟦CTRL:0⟧ leisure center here! ⟦CTRL:2⟧ It's the sticks now, ⟦CTRL:0⟧ but soon it'll boom!	0,2,0	0,2,0	yes	hiragana:48; katakana:4; kanji:0; Latin:0; digits:0	じゃ: old-person/western-style copula; context decides voice versus region	おとこ → 男		medium		
96	TT1B	TT1B/g1/r28	scenario	group 1 @ 0xB0D5; record 28	group-compressed	おとこ「かねがすべて／ かねのためなら{CTRL:0} あくまにたましいを うってもええがや／」	おとこ「かねがすべて／ かねのためなら ⟦CTRL:0⟧  あくまにたましいを うってもええがや／」	otoko「kanegasubete／ kanenotamenara /  akumanitamashiio uttemoeegaya／」	おとこ「かねがすべて／ かねのためなら あくまにたましいを うってもええがや／」	Man: Money's everything!{CTRL:0}I'd sell my soul for it!	Man: Money's everything! ⟦CTRL:0⟧ I'd sell my soul for it!	0	0	yes	hiragana:33; katakana:0; kanji:0; Latin:0; digits:0; phonetic hiragana orthography		たましい → 魂 | あくま → 悪魔 | おとこ → 男		low		
97	TT1B	TT1B/g1/r29	scenario	group 1 @ 0xB0D5; record 29	group-compressed	おんぼろだが しゃれたつくりだ	おんぼろだが しゃれたつくりだ	onborodaga sharetatsukurida	おんぼろだが しゃれたつくりだ	Run-down, but stylish.	Run-down, but stylish.			yes	hiragana:14; katakana:0; kanji:0; Latin:0; digits:0; phonetic hiragana orthography		Source suppresses normal kanji/katakana distinctions; restore only with context		medium		
98	TT1B	TT1B/g1/r30	scenario	group 1 @ 0xB0D5; record 30	group-compressed	{CTRL:0}もんに ひょうさつと いんたーほんがついている	⟦CTRL:0⟧ もんに ひょうさつと いんたーほんがついている	 / monni hyousatsuto intaahongatsuiteiru	もんに ひょうさつと いんたーほんがついている	{CTRL:0}Nameplate and intercom.	⟦CTRL:0⟧ Nameplate and intercom.	0	0	yes	hiragana:20; katakana:1; kanji:0; Latin:0; digits:0		Source suppresses normal kanji/katakana distinctions; restore only with context		medium		
99	TT1B	TT1B/g1/r31	scenario	group 1 @ 0xB0D5; record 31	group-compressed	「くが」	「くが」	「kuga」	「くが」	"""Kuga"""	"""Kuga"""			yes	hiragana:2; katakana:0; kanji:0; Latin:0; digits:0; phonetic hiragana orthography		Source suppresses normal kanji/katakana distinctions; restore only with context		medium		
100	TT1B	TT1B/g2/r0	scenario	group 2 @ 0xB38C; record 0	group-compressed	……「で なにかごようですか！」{CTRL:1}おれ「いえ べつに……」	……「で なにかごようですか！」 ⟦CTRL:1⟧ おれ「いえ べつに……」	……「de nanikagoyoudesuka！」 / ore「ie betsuni……」	……「で なにかごようですか！」おれ「いえ べつに……」	...: What do you want?{CTRL:1}Me: Oh, nothing...	...: What do you want? ⟦CTRL:1⟧ Me: Oh, nothing...	1	1	yes	hiragana:17; katakana:0; kanji:0; Latin:0; digits:0; phonetic hiragana orthography	おれ: plain-to-rough masculine first person	Source suppresses normal kanji/katakana distinctions; restore only with context	ellipsis carries timing/hesitation tone	medium		
101	TT1B	TT1B/g2/r1	scenario	group 2 @ 0xB38C; record 1	group-compressed	……「で なにかごようですか！」{CTRL:1}おれ「はくぶつかんに……」	……「で なにかごようですか！」 ⟦CTRL:1⟧ おれ「はくぶつかんに……」	……「de nanikagoyoudesuka！」 / ore「hakubutsukanni……」	……「で なにかごようですか！」おれ「はくぶつかんに……」	...: What do you want?{CTRL:1}Me: About the museum...	...: What do you want? ⟦CTRL:1⟧ Me: About the museum...	1	1	yes	hiragana:19; katakana:0; kanji:0; Latin:0; digits:0; phonetic hiragana orthography	おれ: plain-to-rough masculine first person	はくぶつかん → 博物館	ellipsis carries timing/hesitation tone	medium		
102	TT1B	TT1B/g2/r2	scenario	group 2 @ 0xB38C; record 2	group-compressed	……「おお そうでしたか／{CTRL:1} じつは…… はくぶつかんにかざっていない{CTRL:0} とくべつなものが あるんです{CTRL:0} どうぞ なかへおはいりください」	……「おお そうでしたか／ ⟦CTRL:1⟧  じつは…… はくぶつかんにかざっていない ⟦CTRL:0⟧  とくべつなものが あるんです ⟦CTRL:0⟧  どうぞ なかへおはいりください」	……「oo soudeshitaka／ /  jitsuha…… hakubutsukannikazatteinai /  tokubetsunamonoga arundesu /  douzo nakaheohairikudasai」	……「おお そうでしたか／ じつは…… はくぶつかんにかざっていない とくべつなものが あるんです どうぞ なかへおはいりください」	...: Oh, I see!{CTRL:1}I have something special{CTRL:0}not on museum display.{CTRL:0}Please come inside.	...: Oh, I see! ⟦CTRL:1⟧ I have something special ⟦CTRL:0⟧ not on museum display. ⟦CTRL:0⟧ Please come inside.	1,0,0	1,0,0	yes	hiragana:52; katakana:0; kanji:0; Latin:0; digits:0; phonetic hiragana orthography		はくぶつかん → 博物館	ellipsis carries timing/hesitation tone	low		
103	TT1B	TT1B/g2/r3	scenario	group 2 @ 0xB38C; record 3	group-compressed	おれ「あのう……」	おれ「あのう……」	ore「anou……」	おれ「あのう……」	Me: Um...	Me: Um...			yes	hiragana:5; katakana:0; kanji:0; Latin:0; digits:0; phonetic hiragana orthography	おれ: plain-to-rough masculine first person | のう: elderly/reflective sentence ending; often fictional voice	Source suppresses normal kanji/katakana distinctions; restore only with context	ellipsis carries timing/hesitation tone	high		
104	TT1B	TT1B/g2/r4	scenario	group 2 @ 0xB38C; record 4	group-compressed	{CTRL:0}……「かえれ／」	⟦CTRL:0⟧ ……「かえれ／」	 / ……「kaere／」	……「かえれ／」	{CTRL:0}...: Go away!	⟦CTRL:0⟧ ...: Go away!	0	0	yes	hiragana:3; katakana:0; kanji:0; Latin:0; digits:0; phonetic hiragana orthography		Source suppresses normal kanji/katakana distinctions; restore only with context	ellipsis carries timing/hesitation tone	medium		
105	TT1B	TT1B/g2/r5	scenario	group 2 @ 0xB38C; record 5	group-compressed	……「このいえにすんで もう40ねんになるんだ{CTRL:0} いまさら でていけるものか／」{CTRL:2}おれ「ぼくは じあげやじゃないですよ」{CTRL:6}……「え…！ あ… どうもしつれいしました」	……「このいえにすんで もう40ねんになるんだ ⟦CTRL:0⟧  いまさら でていけるものか／」 ⟦CTRL:2⟧ おれ「ぼくは じあげやじゃないですよ」 ⟦CTRL:6⟧ ……「え…！ あ… どうもしつれいしました」	……「konoienisunde mou40nenninarunda /  imasara deteikerumonoka／」 / ore「bokuha jiageyajanaidesuyo」 / ……「e…！ a… doumoshitsureishimashita」	……「このいえにすんで もう40ねんになるんだ いまさら でていけるものか／」おれ「ぼくは じあげやじゃないですよ」……「え…！ あ… どうもしつれいしました」	...: I've lived here{CTRL:0}40 years! I won't leave!{CTRL:2}Me: I'm no land shark.{CTRL:6}...: Oh! Sorry.	...: I've lived here ⟦CTRL:0⟧ 40 years! I won't leave! ⟦CTRL:2⟧ Me: I'm no land shark. ⟦CTRL:6⟧ ...: Oh! Sorry.	0,2,6	0,2,6	yes	hiragana:58; katakana:0; kanji:0; Latin:0; digits:2; phonetic hiragana orthography	ぼく: soft/juvenile masculine first person | おれ: plain-to-rough masculine first person | じゃ: old-person/western-style copula; context decides voice versus region	Source suppresses normal kanji/katakana distinctions; restore only with context	source numerals ['40']; verify dates/counts and Japanese ordering | ellipsis carries timing/hesitation tone	high		
106	TT1B	TT1B/g2/r6	scenario	group 2 @ 0xB38C; record 6	group-compressed	{CTRL:0}……「おや！ そのこえは さっきのひとですね」	⟦CTRL:0⟧ ……「おや！ そのこえは さっきのひとですね」	 / ……「oya！ sonokoeha sakkinohitodesune」	……「おや！ そのこえは さっきのひとですね」	{CTRL:0}...: Oh! You again.	⟦CTRL:0⟧ ...: Oh! You again.	0	0	yes	hiragana:16; katakana:0; kanji:0; Latin:0; digits:0; phonetic hiragana orthography		おや → 親	ellipsis carries timing/hesitation tone	low		
107	TT1B	TT1B/g2/r7	scenario	group 2 @ 0xB38C; record 7	group-compressed	{CTRL:0}……「おや！ そのこえは さっきのひとですね{CTRL:0} どうぞなかへ おはいりください」	⟦CTRL:0⟧ ……「おや！ そのこえは さっきのひとですね ⟦CTRL:0⟧  どうぞなかへ おはいりください」	 / ……「oya！ sonokoeha sakkinohitodesune /  douzonakahe ohairikudasai」	……「おや！ そのこえは さっきのひとですね どうぞなかへ おはいりください」	{CTRL:0}...: You again.{CTRL:0}Please come in.	⟦CTRL:0⟧ ...: You again. ⟦CTRL:0⟧ Please come in.	0,0	0,0	yes	hiragana:30; katakana:0; kanji:0; Latin:0; digits:0; phonetic hiragana orthography		おや → 親	ellipsis carries timing/hesitation tone	low		
108	TT1B	TT1B/g2/r8	scenario	group 2 @ 0xB38C; record 8	group-compressed	かってにはいるのは まずいな	かってにはいるのは まずいな	kattenihairunoha mazuina	かってにはいるのは まずいな	I can't just barge in.	I can't just barge in.			yes	hiragana:13; katakana:0; kanji:0; Latin:0; digits:0; phonetic hiragana orthography		Source suppresses normal kanji/katakana distinctions; restore only with context		medium		
109	TT1B	TT1B/g2/r9	scenario	group 2 @ 0xB38C; record 9	group-compressed	ろうじん「このえは わたしがかいた{CTRL:0} あくまのしょうぞうがです{CTRL:2} せかいじゅうをたびして つたえきいた{CTRL:0} あくまのとくちょうを ちゅうじつに{CTRL:4} さいげんしました{CTRL:3} かんせいまぢかで めをわずらったので{CTRL:4} てんじは できませんでしたが……」	ろうじん「このえは わたしがかいた ⟦CTRL:0⟧  あくまのしょうぞうがです ⟦CTRL:2⟧  せかいじゅうをたびして つたえきいた ⟦CTRL:0⟧  あくまのとくちょうを ちゅうじつに ⟦CTRL:4⟧  さいげんしました ⟦CTRL:3⟧  かんせいまぢかで めをわずらったので ⟦CTRL:4⟧  てんじは できませんでしたが……」	roujin「konoeha watashigakaita /  akumanoshouzougadesu /  sekaijuuotabishite tsutaekiita /  akumanotokuchouo chuujitsuni /  saigenshimashita /  kanseimajikade meowazurattanode /  tenjiha dekimasendeshitaga……」	ろうじん「このえは わたしがかいた あくまのしょうぞうがです せかいじゅうをたびして つたえきいた あくまのとくちょうを ちゅうじつに さいげんしました かんせいまぢかで めをわずらったので てんじは できませんでしたが……」	Elder: My own portrait{CTRL:0}of the Devil.{CTRL:2}I roamed the world,{CTRL:0}copying traits{CTRL:4}from old legends.{CTRL:3}My sight failed late,{CTRL:4}so it was never shown.	Elder: My own portrait ⟦CTRL:0⟧ of the Devil. ⟦CTRL:2⟧ I roamed the world, ⟦CTRL:0⟧ copying traits ⟦CTRL:4⟧ from old legends. ⟦CTRL:3⟧ My sight failed late, ⟦CTRL:4⟧ so it was never shown.	0,2,0,4,3,4	0,2,0,4,3,4	yes	hiragana:98; katakana:0; kanji:0; Latin:0; digits:0; phonetic hiragana orthography		せかい → 世界 | あくま → 悪魔	ellipsis carries timing/hesitation tone	low		
110	TT1B	TT1B/g2/r10	scenario	group 2 @ 0xB38C; record 10	group-compressed	おれ「あのう……」{CTRL:0}ろうじん「おや！ そのこえはさっきのひとですね」	おれ「あのう……」 ⟦CTRL:0⟧ ろうじん「おや！ そのこえはさっきのひとですね」	ore「anou……」 / roujin「oya！ sonokoehasakkinohitodesune」	おれ「あのう……」ろうじん「おや！ そのこえはさっきのひとですね」	Me: Um...{CTRL:0}Elder: Oh! You again.	Me: Um... ⟦CTRL:0⟧ Elder: Oh! You again.	0	0	yes	hiragana:25; katakana:0; kanji:0; Latin:0; digits:0; phonetic hiragana orthography	おれ: plain-to-rough masculine first person | のう: elderly/reflective sentence ending; often fictional voice	おや → 親	ellipsis carries timing/hesitation tone	medium		
111	TT1B	TT1B/g2/r11	scenario	group 2 @ 0xB38C; record 11	group-compressed	おうせつまだ{CTRL:1}てーぶるに しんぶんとむしめがねが おいてある	おうせつまだ ⟦CTRL:1⟧ てーぶるに しんぶんとむしめがねが おいてある	ousetsumada / teeburuni shinbuntomushimeganega oitearu	おうせつまだてーぶるに しんぶんとむしめがねが おいてある	The parlor.{CTRL:1}Paper and a magnifier.	The parlor. ⟦CTRL:1⟧ Paper and a magnifier.	1	1	yes	hiragana:26; katakana:1; kanji:0; Latin:0; digits:0		しんぶん → 新聞		low		
112	TT1B	TT1B/g2/r12	scenario	group 2 @ 0xB38C; record 12	group-compressed	「しもんはかせ じょうはつ」{CTRL:0}{CTRL:2}さくや おどろくべき たいむわーぷ・りろんを{CTRL:0}はっぴょうした しもんはかせ・84さいは{CTRL:3}ますこみのしゅざいこうせいから のがれるため{CTRL:4}いずこかへ ゆくえをくらましたもよう{CTRL:3}かんけいすじによると すでにたいむましーんは{CTRL:4}かんせいずみで はかせじしんがたいむわーぷ{CTRL:4}したのではないかと うわさされている	「しもんはかせ じょうはつ」 ⟦CTRL:0⟧  ⟦CTRL:2⟧ さくや おどろくべき たいむわーぷ・りろんを ⟦CTRL:0⟧ はっぴょうした しもんはかせ・84さいは ⟦CTRL:3⟧ ますこみのしゅざいこうせいから のがれるため ⟦CTRL:4⟧ いずこかへ ゆくえをくらましたもよう ⟦CTRL:3⟧ かんけいすじによると すでにたいむましーんは ⟦CTRL:4⟧ かんせいずみで はかせじしんがたいむわーぷ ⟦CTRL:4⟧ したのではないかと うわさされている	「shimonhakase jouhatsu」 /  / sakuya odorokubeki taimuwaapu・rirono / happyoushita shimonhakase・84saiha / masukominoshuzaikouseikara nogarerutame / izukokahe yukueokuramashitamoyou / kankeisujiniyoruto sudenitaimumashiinha / kanseizumide hakasejishingataimuwaapu / shitanodehanaikato uwasasareteiru	「しもんはかせ じょうはつ」さくや おどろくべき たいむわーぷ・りろんをはっぴょうした しもんはかせ・84さいはますこみのしゅざいこうせいから のがれるためいずこかへ ゆくえをくらましたもようかんけいすじによると すでにたいむましーんはかんせいずみで はかせじしんがたいむわーぷしたのではないかと うわさされている	"""Dr. Simon Vanishes""{CTRL:0}{CTRL:2}Simon, 84, unveiled{CTRL:0}a time-warp theory.{CTRL:3}He vanished to escape{CTRL:4}the press.{CTRL:3}His machine is complete{CTRL:4}Rumor says he warped{CTRL:4}away himself."	"""Dr. Simon Vanishes"" ⟦CTRL:0⟧  ⟦CTRL:2⟧ Simon, 84, unveiled ⟦CTRL:0⟧ a time-warp theory. ⟦CTRL:3⟧ He vanished to escape ⟦CTRL:4⟧ the press. ⟦CTRL:3⟧ His machine is complete ⟦CTRL:4⟧ Rumor says he warped ⟦CTRL:4⟧ away himself."	0,2,0,3,4,3,4,4	0,2,0,3,4,3,4,4	yes	hiragana:139; katakana:5; kanji:0; Latin:0; digits:2		しもん → シモン (Simon) | たいむ → タイム | はかせ → 博士	source numerals ['84']; verify dates/counts and Japanese ordering	low		
113	TT1B	TT1B/g2/r13	scenario	group 2 @ 0xB38C; record 13	group-compressed	これで しんぶんをよんでるんだな	これで しんぶんをよんでるんだな	korede shinbunoyonderundana	これで しんぶんをよんでるんだな	He uses it to read.	He uses it to read.			yes	hiragana:15; katakana:0; kanji:0; Latin:0; digits:0; phonetic hiragana orthography		しんぶん → 新聞		low		
114	TT1B	TT1B/g2/r14	scenario	group 2 @ 0xB38C; record 14	group-compressed	／／／ な なんだこりゃ おれじゃないか……／	／／／ な なんだこりゃ おれじゃないか……／	／／／ na nandakorya orejanaika……／	／／／ な なんだこりゃ おれじゃないか……／	What?! That's me!	What?! That's me!			yes	hiragana:14; katakana:0; kanji:0; Latin:0; digits:0; phonetic hiragana orthography	おれ: plain-to-rough masculine first person | じゃ: old-person/western-style copula; context decides voice versus region	Source suppresses normal kanji/katakana distinctions; restore only with context	ellipsis carries timing/hesitation tone	high		
115	TT1B	TT1B/g2/r15	scenario	group 2 @ 0xB38C; record 15	group-compressed	なんどみてもまちがいない おれだ……{CTRL:1}こしに へんなべるとをまいてるぞ	なんどみてもまちがいない おれだ…… ⟦CTRL:1⟧ こしに へんなべるとをまいてるぞ	nandomitemomachigainai oreda…… / koshini hennaberutoomaiteruzo	なんどみてもまちがいない おれだ……こしに へんなべるとをまいてるぞ	No doubt. That's me...{CTRL:1}with a strange belt.	No doubt. That's me... ⟦CTRL:1⟧ with a strange belt.	1	1	yes	hiragana:30; katakana:0; kanji:0; Latin:0; digits:0; phonetic hiragana orthography	おれ: plain-to-rough masculine first person | ぞ: forceful assertion or command emphasis	べると → ベルト	ellipsis carries timing/hesitation tone	medium		
116	TT1B	TT1B/g2/r16	scenario	group 2 @ 0xB38C; record 16	group-compressed	めが わるいようだ	めが わるいようだ	mega waruiyouda	めが わるいようだ	His eyesight seems poor.	His eyesight seems poor.			yes	hiragana:8; katakana:0; kanji:0; Latin:0; digits:0; phonetic hiragana orthography		Source suppresses normal kanji/katakana distinctions; restore only with context		medium		
117	TT1B	TT1B/g2/r17	scenario	group 2 @ 0xB38C; record 17	group-compressed	ろうじん「せんそうちゅうの ふしぎなたいけんが{CTRL:0} わたしのじんせいを かえました{CTRL:2} わたしは あくまにかんするあらゆるぶんけんを{CTRL:0} しらべ でんせつのしなものをかいあさり{CTRL:4} そしてここに はくぶつかんをたてたのです」	ろうじん「せんそうちゅうの ふしぎなたいけんが ⟦CTRL:0⟧  わたしのじんせいを かえました ⟦CTRL:2⟧  わたしは あくまにかんするあらゆるぶんけんを ⟦CTRL:0⟧  しらべ でんせつのしなものをかいあさり ⟦CTRL:4⟧  そしてここに はくぶつかんをたてたのです」	roujin「sensouchuuno fushiginataikenga /  watashinojinseio kaemashita /  watashiha akumanikansuruarayurubunkeno /  shirabe densetsunoshinamonookaiasari /  soshitekokoni hakubutsukanotatetanodesu」	ろうじん「せんそうちゅうの ふしぎなたいけんが わたしのじんせいを かえました わたしは あくまにかんするあらゆるぶんけんを しらべ でんせつのしなものをかいあさり そしてここに はくぶつかんをたてたのです」	Elder: A strange wartime{CTRL:0}experience changed me.{CTRL:2}I studied devil lore,{CTRL:0}bought legendary relics,{CTRL:4}and built this museum.	Elder: A strange wartime ⟦CTRL:0⟧ experience changed me. ⟦CTRL:2⟧ I studied devil lore, ⟦CTRL:0⟧ bought legendary relics, ⟦CTRL:4⟧ and built this museum.	0,2,0,4	0,2,0,4	yes	hiragana:93; katakana:0; kanji:0; Latin:0; digits:0; phonetic hiragana orthography	です/ます: polite register	はくぶつかん → 博物館 | せんそう → 戦争 | あくま → 悪魔		medium		
118	TT1B	TT1B/g2/r18	scenario	group 2 @ 0xB38C; record 18	group-compressed	おれ「あのう…… かぎを…」{CTRL:0}ろうじん「おお／ そうでしたな」	おれ「あのう…… かぎを…」 ⟦CTRL:0⟧ ろうじん「おお／ そうでしたな」	ore「anou…… kagio…」 / roujin「oo／ soudeshitana」	おれ「あのう…… かぎを…」ろうじん「おお／ そうでしたな」	Me: Um... the key...?{CTRL:0}Elder: Oh! Of course.	Me: Um... the key...? ⟦CTRL:0⟧ Elder: Oh! Of course.	0	0	yes	hiragana:20; katakana:0; kanji:0; Latin:0; digits:0; phonetic hiragana orthography	おれ: plain-to-rough masculine first person | のう: elderly/reflective sentence ending; often fictional voice	Source suppresses normal kanji/katakana distinctions; restore only with context	ellipsis carries timing/hesitation tone	high		
119	TT1B	TT1B/g2/r19	scenario	group 2 @ 0xB38C; record 19	group-compressed	かぎを うけとった{CTRL:0}ろうじん「どうぞ ごゆっくり」	かぎを うけとった ⟦CTRL:0⟧ ろうじん「どうぞ ごゆっくり」	kagio uketotta / roujin「douzo goyukkuri」	かぎを うけとったろうじん「どうぞ ごゆっくり」	I got the key.{CTRL:0}Elder: Take your time.	I got the key. ⟦CTRL:0⟧ Elder: Take your time.	0	0	yes	hiragana:20; katakana:0; kanji:0; Latin:0; digits:0; phonetic hiragana orthography		Source suppresses normal kanji/katakana distinctions; restore only with context		medium		
120	TT1B	TT1B/g2/r20	scenario	group 2 @ 0xB38C; record 20	group-compressed	おれ「だれか きませんでした！」{CTRL:0}ろうじん「いいえ だれも……」	おれ「だれか きませんでした！」 ⟦CTRL:0⟧ ろうじん「いいえ だれも……」	ore「dareka kimasendeshita！」 / roujin「iie daremo……」	おれ「だれか きませんでした！」ろうじん「いいえ だれも……」	Me: Did anyone come?{CTRL:0}Elder: No, nobody...	Me: Did anyone come? ⟦CTRL:0⟧ Elder: No, nobody...	0	0	yes	hiragana:22; katakana:0; kanji:0; Latin:0; digits:0; phonetic hiragana orthography	おれ: plain-to-rough masculine first person	Source suppresses normal kanji/katakana distinctions; restore only with context	ellipsis carries timing/hesitation tone	medium		
121	TT1B	TT1B/g2/r21	scenario	group 2 @ 0xB38C; record 21	group-compressed	おれ「だれか きませんでした！」{CTRL:0}ろうじん「ああ… たったいま きましたよ{CTRL:2} しかし さわがしいおとこだった{CTRL:0} しもんはかせのことを いろいろきかれましてな」	おれ「だれか きませんでした！」 ⟦CTRL:0⟧ ろうじん「ああ… たったいま きましたよ ⟦CTRL:2⟧  しかし さわがしいおとこだった ⟦CTRL:0⟧  しもんはかせのことを いろいろきかれましてな」	ore「dareka kimasendeshita！」 / roujin「aa… tattaima kimashitayo /  shikashi sawagashiiotokodatta /  shimonhakasenokotoo iroirokikaremashitena」	おれ「だれか きませんでした！」ろうじん「ああ… たったいま きましたよ しかし さわがしいおとこだった しもんはかせのことを いろいろきかれましてな」	Me: Anyone come?{CTRL:0}Elder: Yes, just now.{CTRL:2}A noisy man.{CTRL:0}He asked about Simon.	Me: Anyone come? ⟦CTRL:0⟧ Elder: Yes, just now. ⟦CTRL:2⟧ A noisy man. ⟦CTRL:0⟧ He asked about Simon.	0,2,0	0,2,0	yes	hiragana:63; katakana:0; kanji:0; Latin:0; digits:0; phonetic hiragana orthography	おれ: plain-to-rough masculine first person	しもん → シモン (Simon) | はかせ → 博士 | おとこ → 男	ellipsis carries timing/hesitation tone	medium		
122	TT1B	TT1B/g2/r22	scenario	group 2 @ 0xB38C; record 22	group-compressed	ろうじん「はかせとは 50ねんらいのつきあい{CTRL:0} でしてね ここだけのはなしですが……{CTRL:0} かれはいま こっちにきているんです{CTRL:6} このまちに ひみつのべっそうがあるんですよ{CTRL:3} いや… わたしはどうも おしゃべりでいかんな{CTRL:4} また しゃべってしまった……」	ろうじん「はかせとは 50ねんらいのつきあい ⟦CTRL:0⟧  でしてね ここだけのはなしですが…… ⟦CTRL:0⟧  かれはいま こっちにきているんです ⟦CTRL:6⟧  このまちに ひみつのべっそうがあるんですよ ⟦CTRL:3⟧  いや… わたしはどうも おしゃべりでいかんな ⟦CTRL:4⟧  また しゃべってしまった……」	roujin「hakasetoha 50nenrainotsukiai /  deshitene kokodakenohanashidesuga…… /  karehaima kotchinikiteirundesu /  konomachini himitsunobessougaarundesuyo /  iya… watashihadoumo oshaberideikanna /  mata shabetteshimatta……」	ろうじん「はかせとは 50ねんらいのつきあい でしてね ここだけのはなしですが…… かれはいま こっちにきているんです このまちに ひみつのべっそうがあるんですよ いや… わたしはどうも おしゃべりでいかんな また しゃべってしまった……」	Elder: I've known Simon{CTRL:0}50 years. Between us...{CTRL:0}he's here now.{CTRL:6}His villa is in town.{CTRL:3}I talk too much...{CTRL:4}I let it slip again...	Elder: I've known Simon ⟦CTRL:0⟧ 50 years. Between us... ⟦CTRL:0⟧ he's here now. ⟦CTRL:6⟧ His villa is in town. ⟦CTRL:3⟧ I talk too much... ⟦CTRL:4⟧ I let it slip again...	0,0,6,3,4	0,0,6,3,4	yes	hiragana:99; katakana:0; kanji:0; Latin:0; digits:2; phonetic hiragana orthography		はかせ → 博士 | はなし → 話	source numerals ['50']; verify dates/counts and Japanese ordering | ellipsis carries timing/hesitation tone	low		
123	TT1B	TT1B/g2/r23	scenario	group 2 @ 0xB38C; record 23	group-compressed	おれ「おじゃましました」{CTRL:0}ろうじん「おかまいも しませんで」	おれ「おじゃましました」 ⟦CTRL:0⟧ ろうじん「おかまいも しませんで」	ore「ojamashimashita」 / roujin「okamaimo shimasende」	おれ「おじゃましました」ろうじん「おかまいも しませんで」	Me: Thanks for having me{CTRL:0}Elder: My apologies.	Me: Thanks for having me ⟦CTRL:0⟧ Elder: My apologies.	0	0	yes	hiragana:24; katakana:0; kanji:0; Latin:0; digits:0; phonetic hiragana orthography	おれ: plain-to-rough masculine first person | じゃ: old-person/western-style copula; context decides voice versus region	Source suppresses normal kanji/katakana distinctions; restore only with context		high		
124	TT1B	TT1B/g2/r24	scenario	group 2 @ 0xB38C; record 24	group-compressed	ろうじん「まあまあ……{CTRL:0} もうすこし いいじゃないですか」	ろうじん「まあまあ…… ⟦CTRL:0⟧  もうすこし いいじゃないですか」	roujin「maamaa…… /  mousukoshi iijanaidesuka」	ろうじん「まあまあ…… もうすこし いいじゃないですか」	Elder: Oh, come now...{CTRL:0}stay a little longer.	Elder: Oh, come now... ⟦CTRL:0⟧ stay a little longer.	0	0	yes	hiragana:22; katakana:0; kanji:0; Latin:0; digits:0; phonetic hiragana orthography	じゃ: old-person/western-style copula; context decides voice versus region	Source suppresses normal kanji/katakana distinctions; restore only with context	ellipsis carries timing/hesitation tone	medium		
125	TT1B	TT1B/g2/r25	scenario	group 2 @ 0xB38C; record 25	group-compressed	おいしげるきで あるくすきまもない	おいしげるきで あるくすきまもない	oishigerukide arukusukimamonai	おいしげるきで あるくすきまもない	Trees block the way.	Trees block the way.			yes	hiragana:16; katakana:0; kanji:0; Latin:0; digits:0; phonetic hiragana orthography		Source suppresses normal kanji/katakana distinctions; restore only with context		medium		
126	TT1B	TT1B/g2/r26	scenario	group 2 @ 0xB38C; record 26	group-compressed	ちずが おちている	ちずが おちている	chizuga ochiteiru	ちずが おちている	A map is on the ground.	A map is on the ground.			yes	hiragana:8; katakana:0; kanji:0; Latin:0; digits:0; phonetic hiragana orthography		Source suppresses normal kanji/katakana distinctions; restore only with context		medium		
127	TT1B	TT1B/g2/r27	scenario	group 2 @ 0xB38C; record 27	group-compressed	なんか へんなものが……	なんか へんなものが……	nanka hennamonoga……	なんか へんなものが……	Something odd is here...	Something odd is here...			yes	hiragana:9; katakana:0; kanji:0; Latin:0; digits:0; phonetic hiragana orthography		Source suppresses normal kanji/katakana distinctions; restore only with context	ellipsis carries timing/hesitation tone	medium		
128	TT1B	TT1B/g2/r28	scenario	group 2 @ 0xB38C; record 28	group-compressed	へびが でそうだな	へびが でそうだな	hebiga desoudana	へびが でそうだな	Snakes could be here.	Snakes could be here.			yes	hiragana:8; katakana:0; kanji:0; Latin:0; digits:0; phonetic hiragana orthography		Source suppresses normal kanji/katakana distinctions; restore only with context		medium		
129	TT1B	TT1B/g2/r29	scenario	group 2 @ 0xB38C; record 29	group-compressed	このへんいったいの ちずのようだ{CTRL:1}きたに べっそうがある	このへんいったいの ちずのようだ ⟦CTRL:1⟧ きたに べっそうがある	konohenittaino chizunoyouda / kitani bessougaaru	このへんいったいの ちずのようだきたに べっそうがある	A map of this area.{CTRL:1}A villa lies north.	A map of this area. ⟦CTRL:1⟧ A villa lies north.	1	1	yes	hiragana:25; katakana:0; kanji:0; Latin:0; digits:0; phonetic hiragana orthography		Source suppresses normal kanji/katakana distinctions; restore only with context		medium		
130	TT1B	TT1B/g2/r30	scenario	group 2 @ 0xB38C; record 30	group-compressed	つんつん……	つんつん……	tsuntsun……	つんつん……	Poke, poke...	Poke, poke...			yes	hiragana:4; katakana:0; kanji:0; Latin:0; digits:0; phonetic hiragana orthography		Source suppresses normal kanji/katakana distinctions; restore only with context	ellipsis carries timing/hesitation tone	medium		
131	TT1B	TT1B/g2/r31	scenario	group 2 @ 0xB38C; record 31	group-compressed	おとこ「ひゃあーーっ またでたーーっ／」	おとこ「ひゃあーーっ またでたーーっ／」	otoko「hyaaaa mmatadetaaa／」	おとこ「ひゃあーーっ またでたーーっ／」	Man: Aaaah! It's back!!	Man: Aaaah! It's back!!			yes	hiragana:12; katakana:4; kanji:0; Latin:0; digits:0		おとこ → 男		low		
132	TT1B	TT1B/g3/r0	scenario	group 3 @ 0xB784; record 0	group-compressed	なんとか すすめるな	なんとか すすめるな	nantoka susumeruna	なんとか すすめるな	I can force my way in.	I can force my way in.			yes	hiragana:9; katakana:0; kanji:0; Latin:0; digits:0; phonetic hiragana orthography		Source suppresses normal kanji/katakana distinctions; restore only with context		medium		
133	TT1B	TT1B/g3/r1	scenario	group 3 @ 0xB784; record 1	group-compressed	あしあとが さらにもりのおくへと{CTRL:0}つづいている	あしあとが さらにもりのおくへと ⟦CTRL:0⟧ つづいている	ashiatoga saranimorinookuheto / tsuzuiteiru	あしあとが さらにもりのおくへとつづいている	Footprints continue{CTRL:0}deeper into the forest.	Footprints continue ⟦CTRL:0⟧ deeper into the forest.	0	0	yes	hiragana:21; katakana:0; kanji:0; Latin:0; digits:0; phonetic hiragana orthography		Source suppresses normal kanji/katakana distinctions; restore only with context		medium		
134	TT1B	TT1B/g3/r2	scenario	group 3 @ 0xB784; record 2	group-compressed	だれかでてくる／	だれかでてくる／	darekadetekuru／	だれかでてくる／	Someone is coming out!	Someone is coming out!			yes	hiragana:7; katakana:0; kanji:0; Latin:0; digits:0; phonetic hiragana orthography		Source suppresses normal kanji/katakana distinctions; restore only with context		medium		
135	TT1B	TT1B/g3/r3	scenario	group 3 @ 0xB784; record 3	group-compressed	しもん「ごほ／ ごほごほ／」	しもん「ごほ／ ごほごほ／」	shimon「goho／ gohogoho／」	しもん「ごほ／ ごほごほ／」	Simon: Cough! Cough!	Simon: Cough! Cough!			yes	hiragana:9; katakana:0; kanji:0; Latin:0; digits:0; phonetic hiragana orthography		しもん → シモン (Simon)		low		
136	TT1B	TT1B/g3/r4	scenario	group 3 @ 0xB784; record 4	group-compressed	もう ておくれだ	もう ておくれだ	mou teokureda	もう ておくれだ	It's too late.	It's too late.			yes	hiragana:7; katakana:0; kanji:0; Latin:0; digits:0; phonetic hiragana orthography		Source suppresses normal kanji/katakana distinctions; restore only with context		medium		
137	TT1B	TT1B/g3/r5	scenario	group 3 @ 0xB784; record 5	group-compressed	いきも たえだえだ	いきも たえだえだ	ikimo taedaeda	いきも たえだえだ	He is barely breathing.	He is barely breathing.			yes	hiragana:8; katakana:0; kanji:0; Latin:0; digits:0; phonetic hiragana orthography		Source suppresses normal kanji/katakana distinctions; restore only with context		medium		
138	TT1B	TT1B/g3/r6	scenario	group 3 @ 0xB784; record 6	group-compressed	しもん「／ ば…ばけもの／」{CTRL:1}おれ「ちがうんです／ きいてください／{CTRL:2} ぼくはさっき あくまにからだをむりやり{CTRL:0} こうかんさせられたんです／{CTRL:3} しんじてください／」{CTRL:3}しもん「…………」	しもん「／ ば…ばけもの／」 ⟦CTRL:1⟧ おれ「ちがうんです／ きいてください／ ⟦CTRL:2⟧  ぼくはさっき あくまにからだをむりやり ⟦CTRL:0⟧  こうかんさせられたんです／ ⟦CTRL:3⟧  しんじてください／」 ⟦CTRL:3⟧ しもん「…………」	shimon「／ ba…bakemono／」 / ore「chigaundesu／ kiitekudasai／ /  bokuhasakki akumanikaradaomuriyari /  koukansaseraretandesu／ /  shinjitekudasai／」 / shimon「…………」	しもん「／ ば…ばけもの／」おれ「ちがうんです／ きいてください／ ぼくはさっき あくまにからだをむりやり こうかんさせられたんです／ しんじてください／」しもん「…………」	Simon: Monster!{CTRL:1}Me: No, listen!{CTRL:2}A devil forced us{CTRL:0}to swap bodies!{CTRL:3}Believe me!{CTRL:3}Simon: ........	Simon: Monster! ⟦CTRL:1⟧ Me: No, listen! ⟦CTRL:2⟧ A devil forced us ⟦CTRL:0⟧ to swap bodies! ⟦CTRL:3⟧ Believe me! ⟦CTRL:3⟧ Simon: ........	1,2,0,3,3	1,2,0,3,3	yes	hiragana:64; katakana:0; kanji:0; Latin:0; digits:0; phonetic hiragana orthography	ぼく: soft/juvenile masculine first person | おれ: plain-to-rough masculine first person	しもん → シモン (Simon) | あくま → 悪魔 | からだ → 体	ellipsis carries timing/hesitation tone	medium		
139	TT1B	TT1B/g3/r7	scenario	group 3 @ 0xB784; record 7	group-compressed	しもん「たったいま わかいおとこが{CTRL:0} とびこんできて わたしのはつめいした{CTRL:0} たいむべるとを うばっていった……」	しもん「たったいま わかいおとこが ⟦CTRL:0⟧  とびこんできて わたしのはつめいした ⟦CTRL:0⟧  たいむべるとを うばっていった……」	shimon「tattaima wakaiotokoga /  tobikondekite watashinohatsumeishita /  taimuberutoo ubatteitta……」	しもん「たったいま わかいおとこが とびこんできて わたしのはつめいした たいむべるとを うばっていった……」	Simon: A young man{CTRL:0}burst in and stole{CTRL:0}my Time Belt...	Simon: A young man ⟦CTRL:0⟧ burst in and stole ⟦CTRL:0⟧ my Time Belt...	0,0	0,0	yes	hiragana:46; katakana:0; kanji:0; Latin:0; digits:0; phonetic hiragana orthography		しもん → シモン (Simon) | たいむ → タイム | べると → ベルト | おとこ → 男	ellipsis carries timing/hesitation tone	low		
140	TT1B	TT1B/g3/r8	scenario	group 3 @ 0xB784; record 8	group-compressed	おれ「たいむべるとって……！」{CTRL:1}しもん「べるとがたの たいむましんだ{CTRL:0} やっと かんせいしたというのに……」{CTRL:0}おれ「……」{CTRL:4}しもん「はやく やつをおいかけろ… でないと{CTRL:4} どこかへ たいむわーぷしてしまう／」	おれ「たいむべるとって……！」 ⟦CTRL:1⟧ しもん「べるとがたの たいむましんだ ⟦CTRL:0⟧  やっと かんせいしたというのに……」 ⟦CTRL:0⟧ おれ「……」 ⟦CTRL:4⟧ しもん「はやく やつをおいかけろ… でないと ⟦CTRL:4⟧  どこかへ たいむわーぷしてしまう／」	ore「taimuberutotte……！」 / shimon「berutogatano taimumashinda /  yatto kanseishitatoiunoni……」 / ore「……」 / shimon「hayaku yatsuooikakero… denaito /  dokokahe taimuwaapushiteshimau／」	おれ「たいむべるとって……！」しもん「べるとがたの たいむましんだ やっと かんせいしたというのに……」おれ「……」しもん「はやく やつをおいかけろ… でないと どこかへ たいむわーぷしてしまう／」	Me: The Time Belt?{CTRL:1}Simon: A time machine{CTRL:0}built into a belt.{CTRL:0}Me: ...{CTRL:4}Simon: Chase him, or{CTRL:4}he'll warp away!	Me: The Time Belt? ⟦CTRL:1⟧ Simon: A time machine ⟦CTRL:0⟧ built into a belt. ⟦CTRL:0⟧ Me: ... ⟦CTRL:4⟧ Simon: Chase him, or ⟦CTRL:4⟧ he'll warp away!	1,0,0,4,4	1,0,0,4,4	yes	hiragana:74; katakana:1; kanji:0; Latin:0; digits:0	おれ: plain-to-rough masculine first person	しもん → シモン (Simon) | たいむ → タイム | べると → ベルト	ellipsis carries timing/hesitation tone	medium		
141	TT1B	TT1B/g3/r9	scenario	group 3 @ 0xB784; record 9	group-compressed	しもん「はやく やつをおいかけろ／ でないと{CTRL:0} どこかへ たいむわーぷしてしまう／」	しもん「はやく やつをおいかけろ／ でないと ⟦CTRL:0⟧  どこかへ たいむわーぷしてしまう／」	shimon「hayaku yatsuooikakero／ denaito /  dokokahe taimuwaapushiteshimau／」	しもん「はやく やつをおいかけろ／ でないと どこかへ たいむわーぷしてしまう／」	Simon: Chase him, or{CTRL:0}he'll warp away!	Simon: Chase him, or ⟦CTRL:0⟧ he'll warp away!	0	0	yes	hiragana:32; katakana:1; kanji:0; Latin:0; digits:0		しもん → シモン (Simon) | たいむ → タイム		low		
142	TT1B	TT1B/g3/r10	scenario	group 3 @ 0xB784; record 10	group-compressed	しもん「おい どこへいくんだ／」	しもん「おい どこへいくんだ／」	shimon「oi dokoheikunda／」	しもん「おい どこへいくんだ／」	Simon: Where to?	Simon: Where to?			yes	hiragana:12; katakana:0; kanji:0; Latin:0; digits:0; phonetic hiragana orthography		しもん → シモン (Simon)		low		
143	TT1B	TT1B/g3/r11	scenario	group 3 @ 0xB784; record 11	group-compressed	めずらしいな こんないなかに{CTRL:0}きょうかいなんてさ	めずらしいな こんないなかに ⟦CTRL:0⟧ きょうかいなんてさ	mezurashiina konnainakani / kyoukainantesa	めずらしいな こんないなかにきょうかいなんてさ	A church, way out{CTRL:0}in the country? Strange.	A church, way out ⟦CTRL:0⟧ in the country? Strange.	0	0	yes	hiragana:22; katakana:0; kanji:0; Latin:0; digits:0; phonetic hiragana orthography		きょうかい → 教会		low		
144	TT1B	TT1B/g3/r12	scenario	group 3 @ 0xB784; record 12	group-compressed	なかから さんびかのがっしょうがきこえてくる	なかから さんびかのがっしょうがきこえてくる	nakakara sanbikanogasshougakikoetekuru	なかから さんびかのがっしょうがきこえてくる	Hymns come from inside.	Hymns come from inside.			yes	hiragana:21; katakana:0; kanji:0; Latin:0; digits:0; phonetic hiragana orthography		Source suppresses normal kanji/katakana distinctions; restore only with context		medium		
145	TT1B	TT1B/g3/r13	scenario	group 3 @ 0xB784; record 13	group-compressed	……「きゃあああーーっ／」{CTRL:0}……「あくまだあーーっ／」{CTRL:2}おれ「ち ちがうって／ おれは…」	……「きゃあああーーっ／」 ⟦CTRL:0⟧ ……「あくまだあーーっ／」 ⟦CTRL:2⟧ おれ「ち ちがうって／ おれは…」	……「kyaaaaaa／」 / ……「aakumadaaaa／」 / oore「chi chigautte／ oreha…」	……「きゃあああーーっ／」……「あくまだあーーっ／」おれ「ち ちがうって／ おれは…」	...: Aah!{CTRL:0}...: The Devil!{CTRL:2}Me: No! I'm not...	...: Aah! ⟦CTRL:0⟧ ...: The Devil! ⟦CTRL:2⟧ Me: No! I'm not...	0,2	0,2	yes	hiragana:23; katakana:4; kanji:0; Latin:0; digits:0	おれ: plain-to-rough masculine first person	あくま → 悪魔	ellipsis carries timing/hesitation tone	medium		
146	TT1B	TT1B/g3/r14	scenario	group 3 @ 0xB784; record 14	group-compressed	すてんどぐらすが きれいだ	すてんどぐらすが きれいだ	sutendogurasuga kireida	すてんどぐらすが きれいだ	Beautiful stained glass.	Beautiful stained glass.			yes	hiragana:12; katakana:0; kanji:0; Latin:0; digits:0; phonetic hiragana orthography		Source suppresses normal kanji/katakana distinctions; restore only with context		medium		
147	TT1B	TT1B/g3/r15	scenario	group 3 @ 0xB784; record 15	group-compressed	おだやかな えみをうかべている	おだやかな えみをうかべている	odayakana emioukabeteiru	おだやかな えみをうかべている	He wears a serene smile.	He wears a serene smile.			yes	hiragana:14; katakana:0; kanji:0; Latin:0; digits:0; phonetic hiragana orthography		Source suppresses normal kanji/katakana distinctions; restore only with context		medium		
148	TT1B	TT1B/g3/r16	scenario	group 3 @ 0xB784; record 16	group-compressed	けわしいかおで おれをにらみつけている	けわしいかおで おれをにらみつけている	kewashiikaode oreoniramitsuketeiru	けわしいかおで おれをにらみつけている	He glares at me sternly.	He glares at me sternly.			yes	hiragana:18; katakana:0; kanji:0; Latin:0; digits:0; phonetic hiragana orthography	わし: elderly or authoritative masculine first person; character voice, not necessarily regional | おれ: plain-to-rough masculine first person	Source suppresses normal kanji/katakana distinctions; restore only with context		high		
149	TT1B	TT1B/g3/r17	scenario	group 3 @ 0xB784; record 17	group-compressed	さんびかを がっしょうしている	さんびかを がっしょうしている	sanbikao gasshoushiteiru	さんびかを がっしょうしている	They are singing a hymn.	They are singing a hymn.			yes	hiragana:14; katakana:0; kanji:0; Latin:0; digits:0; phonetic hiragana orthography		Source suppresses normal kanji/katakana distinctions; restore only with context		medium		
150	TT1B	TT1B/g3/r18	scenario	group 3 @ 0xB784; record 18	group-compressed	しんぷのはなしに じっとみみをかたむけている	しんぷのはなしに じっとみみをかたむけている	shinpunohanashini jittomimiokatamuketeiru	しんぷのはなしに じっとみみをかたむけている	They listen intently.	They listen intently.			yes	hiragana:21; katakana:0; kanji:0; Latin:0; digits:0; phonetic hiragana orthography		はなし → 話		low		
151	TT1B	TT1B/g3/r19	scenario	group 3 @ 0xB784; record 19	group-compressed	ねんれいそうが ばらばらだな	ねんれいそうが ばらばらだな	nenreisouga barabaradana	ねんれいそうが ばらばらだな	All ages are here.	All ages are here.			yes	hiragana:13; katakana:0; kanji:0; Latin:0; digits:0; phonetic hiragana orthography		Source suppresses normal kanji/katakana distinctions; restore only with context		medium		
152	TT1B	TT1B/g3/r20	scenario	group 3 @ 0xB784; record 20	group-compressed	しんぷ「なにか ごようでしょうか！」{CTRL:1}おれ「いえ べつに……」	しんぷ「なにか ごようでしょうか！」 ⟦CTRL:1⟧ おれ「いえ べつに……」	shinpu「nanika goyoudeshouka！」 / ore「ie betsuni……」	しんぷ「なにか ごようでしょうか！」おれ「いえ べつに……」	Priest: Can I help?{CTRL:1}Me: No...	Priest: Can I help? ⟦CTRL:1⟧ Me: No...	1	1	yes	hiragana:21; katakana:0; kanji:0; Latin:0; digits:0; phonetic hiragana orthography	おれ: plain-to-rough masculine first person	Source suppresses normal kanji/katakana distinctions; restore only with context	ellipsis carries timing/hesitation tone	medium		
153	TT1B	TT1B/g3/r21	scenario	group 3 @ 0xB784; record 21	group-compressed	しんぷ「なにか ごようでしょうか！」{CTRL:1}おれ「はくぶつかんの かんばんをみて{CTRL:0} きたんですが……」{CTRL:6}しんぷ「ああ… もうしわけありませんでした{CTRL:4} となりのうちで かぎをうけとってください{CTRL:3} ちちがおりますから」	しんぷ「なにか ごようでしょうか！」 ⟦CTRL:1⟧ おれ「はくぶつかんの かんばんをみて ⟦CTRL:0⟧  きたんですが……」 ⟦CTRL:6⟧ しんぷ「ああ… もうしわけありませんでした ⟦CTRL:4⟧  となりのうちで かぎをうけとってください ⟦CTRL:3⟧  ちちがおりますから」	shinpu「nanika goyoudeshouka！」 / ore「hakubutsukanno kanbanomite /  kitandesuga……」 / shinpu「aa… moushiwakearimasendeshita /  tonarinouchide kagiouketottekudasai /  chichigaorimasukara」	しんぷ「なにか ごようでしょうか！」おれ「はくぶつかんの かんばんをみて きたんですが……」しんぷ「ああ… もうしわけありませんでした となりのうちで かぎをうけとってください ちちがおりますから」	Priest: Can I help?{CTRL:1}Me: I saw the sign...{CTRL:0}at the museum...{CTRL:6}Priest: I'm sorry.{CTRL:4}Get the key next door.{CTRL:3}My father has it.	Priest: Can I help? ⟦CTRL:1⟧ Me: I saw the sign... ⟦CTRL:0⟧ at the museum... ⟦CTRL:6⟧ Priest: I'm sorry. ⟦CTRL:4⟧ Get the key next door. ⟦CTRL:3⟧ My father has it.	1,0,6,4,3	1,0,6,4,3	yes	hiragana:82; katakana:0; kanji:0; Latin:0; digits:0; phonetic hiragana orthography	おれ: plain-to-rough masculine first person	はくぶつかん → 博物館 | ちち → 父	ellipsis carries timing/hesitation tone	medium		
154	TT1B	TT1B/g3/r22	scenario	group 3 @ 0xB784; record 22	group-compressed	しんぷ「かずはすくないですが ちちが{CTRL:0} ひとつひとつ くろうしてあつめた めずらしい{CTRL:0} ものばかりです どうぞごゆっくり」	しんぷ「かずはすくないですが ちちが ⟦CTRL:0⟧  ひとつひとつ くろうしてあつめた めずらしい ⟦CTRL:0⟧  ものばかりです どうぞごゆっくり」	shinpu「kazuhasukunaidesuga chichiga /  hitotsuhitotsu kuroushiteatsumeta mezurashii /  monobakaridesu douzogoyukkuri」	しんぷ「かずはすくないですが ちちが ひとつひとつ くろうしてあつめた めずらしい ものばかりです どうぞごゆっくり」	Priest: Few, rare items.{CTRL:0}Father sought each one.{CTRL:0}Please take your time.	Priest: Few, rare items. ⟦CTRL:0⟧ Father sought each one. ⟦CTRL:0⟧ Please take your time.	0,0	0,0	yes	hiragana:51; katakana:0; kanji:0; Latin:0; digits:0; phonetic hiragana orthography		ちち → 父		low		
155	TT1B	TT1B/g3/r23	scenario	group 3 @ 0xB784; record 23	group-compressed	しんぷ「しゅよ われらのつみと{CTRL:0} われらのそせんのつみを ゆるしたまえ／」	しんぷ「しゅよ われらのつみと ⟦CTRL:0⟧  われらのそせんのつみを ゆるしたまえ／」	shinpu「shuyo wareranotsumito /  wareranososennotsumio yurushitamae／」	しんぷ「しゅよ われらのつみと われらのそせんのつみを ゆるしたまえ／」	Priest: Forgive our sins{CTRL:0}and our ancestors' sins!	Priest: Forgive our sins ⟦CTRL:0⟧ and our ancestors' sins!	0	0	yes	hiragana:30; katakana:0; kanji:0; Latin:0; digits:0; phonetic hiragana orthography		Source suppresses normal kanji/katakana distinctions; restore only with context		medium		
156	TT1B	TT1B/g3/r24	scenario	group 3 @ 0xB784; record 24	group-compressed	おれ「あの…」{CTRL:0}しんじゃ「しっ／ さんびかのとちゅうです」	おれ「あの…」 ⟦CTRL:0⟧ しんじゃ「しっ／ さんびかのとちゅうです」	ore「ano…」 / shinja「shi／ ssanbikanotochuudesu」	おれ「あの…」しんじゃ「しっ／ さんびかのとちゅうです」	Me: Excuse me...{CTRL:0}Member: Shh! A hymn.	Me: Excuse me... ⟦CTRL:0⟧ Member: Shh! A hymn.	0	0	yes	hiragana:21; katakana:0; kanji:0; Latin:0; digits:0; phonetic hiragana orthography	おれ: plain-to-rough masculine first person | じゃ: old-person/western-style copula; context decides voice versus region | です/ます: polite register	Source suppresses normal kanji/katakana distinctions; restore only with context	ellipsis carries timing/hesitation tone	high		
157	TT1B	TT1B/g3/r25	scenario	group 3 @ 0xB784; record 25	group-compressed	おれ「あの…」{CTRL:0}しんじゃ「しっ／ おはなしのとちゅうです」	おれ「あの…」 ⟦CTRL:0⟧ しんじゃ「しっ／ おはなしのとちゅうです」	ore「ano…」 / shinja「shi／ oohanashinotochuudesu」	おれ「あの…」しんじゃ「しっ／ おはなしのとちゅうです」	Me: Excuse me...{CTRL:0}Member: Shh! A sermon.	Me: Excuse me... ⟦CTRL:0⟧ Member: Shh! A sermon.	0	0	yes	hiragana:21; katakana:0; kanji:0; Latin:0; digits:0; phonetic hiragana orthography	おれ: plain-to-rough masculine first person | じゃ: old-person/western-style copula; context decides voice versus region | です/ます: polite register	はなし → 話	ellipsis carries timing/hesitation tone	medium		
158	TT1B	TT1B/g3/r26	scenario	group 3 @ 0xB784; record 26	group-compressed	しんじゃ1「あさから みょうなむなさわぎが{CTRL:0} するんです それでここへ……」{CTRL:2}しんじゃ2「わたしもです なんかこう……{CTRL:0} じっとしていられなくて」	しんじゃ1「あさから みょうなむなさわぎが ⟦CTRL:0⟧  するんです それでここへ……」 ⟦CTRL:2⟧ しんじゃ2「わたしもです なんかこう…… ⟦CTRL:0⟧  じっとしていられなくて」	shinja1「asakara myounamunasawagiga /  surundesu soredekokohe……」 / shinja2「watashimodesu nankakou…… /  jittoshiteirarenakute」	しんじゃ1「あさから みょうなむなさわぎが するんです それでここへ……」しんじゃ2「わたしもです なんかこう…… じっとしていられなくて」	Member 1: I felt dread{CTRL:0}all morning, so I came.{CTRL:2}Member 2: Me too.{CTRL:0}I couldn't sit still.	Member 1: I felt dread ⟦CTRL:0⟧ all morning, so I came. ⟦CTRL:2⟧ Member 2: Me too. ⟦CTRL:0⟧ I couldn't sit still.	0,2,0	0,2,0	yes	hiragana:55; katakana:0; kanji:0; Latin:0; digits:2; phonetic hiragana orthography	じゃ: old-person/western-style copula; context decides voice versus region	Source suppresses normal kanji/katakana distinctions; restore only with context	source numerals ['1', '2']; verify dates/counts and Japanese ordering | ellipsis carries timing/hesitation tone	medium		
159	TT1B	TT1B/g3/r27	scenario	group 3 @ 0xB784; record 27	group-compressed	しんじゃ「あなたも しんぷさんのおはなしを{CTRL:0} きいていきなさい きもちがすっきりしますよ」	しんじゃ「あなたも しんぷさんのおはなしを ⟦CTRL:0⟧  きいていきなさい きもちがすっきりしますよ」	shinja「anatamo shinpusannoohanashio /  kiiteikinasai kimochigasukkirishimasuyo」	しんじゃ「あなたも しんぷさんのおはなしを きいていきなさい きもちがすっきりしますよ」	Member: Hear the priest.{CTRL:0}You'll feel better.	Member: Hear the priest. ⟦CTRL:0⟧ You'll feel better.	0	0	yes	hiragana:39; katakana:0; kanji:0; Latin:0; digits:0; phonetic hiragana orthography	じゃ: old-person/western-style copula; context decides voice versus region | さん: -san: ordinary respectful address	はなし → 話		medium		
160	TT1B	TT1B/g3/r28	scenario	group 3 @ 0xB784; record 28	group-compressed	さんびかが みみにここちよい	さんびかが みみにここちよい	sanbikaga miminikokochiyoi	さんびかが みみにここちよい	The hymn is soothing.	The hymn is soothing.			yes	hiragana:13; katakana:0; kanji:0; Latin:0; digits:0; phonetic hiragana orthography		Source suppresses normal kanji/katakana distinctions; restore only with context		medium		
161	TT1B	TT1B/g3/r29	scenario	group 3 @ 0xB784; record 29	group-compressed	しんぷ「そのとき あくまのまえにたちはだかった{CTRL:0} ゆうかんなるわかものが わがみをなげうって{CTRL:0} かみのこのいのちを すくったのです{CTRL:6} わかものは やさしくほほえみ こういいました{CTRL:3} すべてがおわった……{CTRL:4} これでなにもかも もとのままだ と……」	しんぷ「そのとき あくまのまえにたちはだかった ⟦CTRL:0⟧  ゆうかんなるわかものが わがみをなげうって ⟦CTRL:0⟧  かみのこのいのちを すくったのです ⟦CTRL:6⟧  わかものは やさしくほほえみ こういいました ⟦CTRL:3⟧  すべてがおわった…… ⟦CTRL:4⟧  これでなにもかも もとのままだ と……」	shinpu「sonotoki akumanomaenitachihadakatta /  yuukannaruwakamonoga wagamionageutte /  kaminokonoinochio sukuttanodesu /  wakamonoha yasashikuhohoemi kouiimashita /  subetegaowatta…… /  koredenanimokamo motonomamada to……」	しんぷ「そのとき あくまのまえにたちはだかった ゆうかんなるわかものが わがみをなげうって かみのこのいのちを すくったのです わかものは やさしくほほえみ こういいました すべてがおわった…… これでなにもかも もとのままだ と……」	"Priest: A brave youth{CTRL:0}stood against the Devil,{CTRL:0}died to save God's son.{CTRL:6}He smiled gently:{CTRL:3}""It is all over...{CTRL:4}all is as it was."""	"Priest: A brave youth ⟦CTRL:0⟧ stood against the Devil, ⟦CTRL:0⟧ died to save God's son. ⟦CTRL:6⟧ He smiled gently: ⟦CTRL:3⟧ ""It is all over... ⟦CTRL:4⟧ all is as it was."""	0,0,6,3,4	0,0,6,3,4	yes	hiragana:100; katakana:0; kanji:0; Latin:0; digits:0; phonetic hiragana orthography		あくま → 悪魔 | いのち → 命 | かみ → 神/紙/髪	ellipsis carries timing/hesitation tone	medium		
162	TT1B	TT1B/g3/r30	scenario	group 3 @ 0xB784; record 30	group-compressed	しんぷ「こんめいのよがおとずれるたび あくまは{CTRL:0} われわれのまえに すがたをあらわしました{CTRL:2} ふあんにおびえる こころのすきにつけいり{CTRL:0} このよを あんこくへみちびこうとしたのです{CTRL:3} しかし そのたびにわれわれは ゆうきをもって{CTRL:4} たちあがり あくまをおいはらいました{CTRL:3} ゆるがぬせいぎしんのまえに じゃあくなるものは{CTRL:4} なすすべもなく たちさるしかなかったのです」	しんぷ「こんめいのよがおとずれるたび あくまは ⟦CTRL:0⟧  われわれのまえに すがたをあらわしました ⟦CTRL:2⟧  ふあんにおびえる こころのすきにつけいり ⟦CTRL:0⟧  このよを あんこくへみちびこうとしたのです ⟦CTRL:3⟧  しかし そのたびにわれわれは ゆうきをもって ⟦CTRL:4⟧  たちあがり あくまをおいはらいました ⟦CTRL:3⟧  ゆるがぬせいぎしんのまえに じゃあくなるものは ⟦CTRL:4⟧  なすすべもなく たちさるしかなかったのです」	shinpu「konmeinoyogaotozurerutabi akumaha /  warewarenomaeni sugataoarawashimashita /  fuanniobieru kokoronosukinitsukeiri /  konoyoo ankokuhemichibikoutoshitanodesu /  shikashi sonotabiniwarewareha yuukiomotte /  tachiagari akumaooiharaimashita /  yuruganuseigishinnomaeni jaakunarumonoha /  nasusubemonaku tachisarushikanakattanodesu」	しんぷ「こんめいのよがおとずれるたび あくまは われわれのまえに すがたをあらわしました ふあんにおびえる こころのすきにつけいり このよを あんこくへみちびこうとしたのです しかし そのたびにわれわれは ゆうきをもって たちあがり あくまをおいはらいました ゆるがぬせいぎしんのまえに じゃあくなるものは なすすべもなく たちさるしかなかったのです」	Priest: In dark times,{CTRL:0}the Devil appears.{CTRL:2}He preys on our fear{CTRL:0}to darken the world.{CTRL:3}Each time, with courage{CTRL:4}we drive him away.{CTRL:3}Before firm justice,{CTRL:4}evil must retreat.	Priest: In dark times, ⟦CTRL:0⟧ the Devil appears. ⟦CTRL:2⟧ He preys on our fear ⟦CTRL:0⟧ to darken the world. ⟦CTRL:3⟧ Each time, with courage ⟦CTRL:4⟧ we drive him away. ⟦CTRL:3⟧ Before firm justice, ⟦CTRL:4⟧ evil must retreat.	0,2,0,3,4,3,4	0,2,0,3,4,3,4	yes	hiragana:158; katakana:0; kanji:0; Latin:0; digits:0; phonetic hiragana orthography	わし: elderly or authoritative masculine first person; character voice, not necessarily regional | じゃ: old-person/western-style copula; context decides voice versus region | です/ます: polite register	あくま → 悪魔 | こころ → 心		medium		
163	TT1B	TT1B/g3/r31	scenario	group 3 @ 0xB784; record 31	group-compressed	あくま「ほほう… まだからだは ぶじだったか」{CTRL:1}おれ「お おれのからだを かかか かえせ／」{CTRL:0}あくま「そうはいかん わしはこれから{CTRL:0} ながいたびに でるのでな」	あくま「ほほう… まだからだは ぶじだったか」 ⟦CTRL:1⟧ おれ「お おれのからだを かかか かえせ／」 ⟦CTRL:0⟧ あくま「そうはいかん わしはこれから ⟦CTRL:0⟧  ながいたびに でるのでな」	akuma「hohou… madakaradaha bujidattaka」 / ore「o orenokaradao kakaka kaese／」 / akuma「souhaikan washihakorekara /  nagaitabini derunodena」	あくま「ほほう… まだからだは ぶじだったか」おれ「お おれのからだを かかか かえせ／」あくま「そうはいかん わしはこれから ながいたびに でるのでな」	Devil: My body's safe.{CTRL:1}Me: G-give my body back!{CTRL:0}Devil: No. I'm leaving{CTRL:0}on a long trip.	Devil: My body's safe. ⟦CTRL:1⟧ Me: G-give my body back! ⟦CTRL:0⟧ Devil: No. I'm leaving ⟦CTRL:0⟧ on a long trip.	1,0,0	1,0,0	yes	hiragana:61; katakana:0; kanji:0; Latin:0; digits:0; phonetic hiragana orthography	わし: elderly or authoritative masculine first person; character voice, not necessarily regional | おれ: plain-to-rough masculine first person	あくま → 悪魔 | からだ → 体	ellipsis carries timing/hesitation tone	medium		
164	TT1B	TT1B/g4/r0	scenario	group 4 @ 0xBBC3; record 0	group-compressed	おれ…… こんなきついかおしてたっけ！	おれ…… こんなきついかおしてたっけ！	ore…… konnakitsuikaoshitetakke！	おれ…… こんなきついかおしてたっけ！	Was my face this harsh?	Was my face this harsh?			yes	hiragana:15; katakana:0; kanji:0; Latin:0; digits:0; phonetic hiragana orthography	おれ: plain-to-rough masculine first person	Source suppresses normal kanji/katakana distinctions; restore only with context	ellipsis carries timing/hesitation tone	medium		
165	TT1B	TT1B/g4/r1	scenario	group 4 @ 0xBBC3; record 1	group-compressed	はっきりいって ださいな	はっきりいって ださいな	hakkiriitte dasaina	はっきりいって ださいな	Honestly, it looks lame.	Honestly, it looks lame.			yes	hiragana:11; katakana:0; kanji:0; Latin:0; digits:0; phonetic hiragana orthography		Source suppresses normal kanji/katakana distinctions; restore only with context		medium		
166	TT1B	TT1B/g4/r2	scenario	group 4 @ 0xBBC3; record 2	group-compressed	おれ「どこへいくつもりだ」{CTRL:1}あくま「ちょっとした びじねすだ」{CTRL:2}おれ「なんだよ それ……」{CTRL:6}あくま「わかりきったことを きくな{CTRL:4} たましいのけいやくに きまってるだろが」	おれ「どこへいくつもりだ」 ⟦CTRL:1⟧ あくま「ちょっとした びじねすだ」 ⟦CTRL:2⟧ おれ「なんだよ それ……」 ⟦CTRL:6⟧ あくま「わかりきったことを きくな ⟦CTRL:4⟧  たましいのけいやくに きまってるだろが」	ore「dokoheikutsumorida」 / akuma「chottoshita bijinesuda」 / ore「nandayo sore……」 / akuma「wakarikittakotoo kikuna /  tamashiinokeiyakuni kimatterudaroga」	おれ「どこへいくつもりだ」あくま「ちょっとした びじねすだ」おれ「なんだよ それ……」あくま「わかりきったことを きくな たましいのけいやくに きまってるだろが」	Me: Where to?{CTRL:1}Devil: Business.{CTRL:2}Me: What...?{CTRL:6}Devil: Isn't it obvious?{CTRL:4}Soul contracts.	Me: Where to? ⟦CTRL:1⟧ Devil: Business. ⟦CTRL:2⟧ Me: What...? ⟦CTRL:6⟧ Devil: Isn't it obvious? ⟦CTRL:4⟧ Soul contracts.	1,2,6,4	1,2,6,4	yes	hiragana:66; katakana:0; kanji:0; Latin:0; digits:0; phonetic hiragana orthography	おれ: plain-to-rough masculine first person	たましい → 魂 | あくま → 悪魔	ellipsis carries timing/hesitation tone	medium		
167	TT1B	TT1B/g4/r3	scenario	group 4 @ 0xBBC3; record 3	group-compressed	あくま「せかいじゅうの あくましんじゃたちが{CTRL:0} わしをよんでいる…… きゅうせいしゅの{CTRL:0} とうじょうを まちのぞんでいるのだ」{CTRL:6}おれ「……」{CTRL:3}あくま「わしはそのきたいに こたえねばならん{CTRL:4} ときをかけめぐってな」	あくま「せかいじゅうの あくましんじゃたちが ⟦CTRL:0⟧  わしをよんでいる…… きゅうせいしゅの ⟦CTRL:0⟧  とうじょうを まちのぞんでいるのだ」 ⟦CTRL:6⟧ おれ「……」 ⟦CTRL:3⟧ あくま「わしはそのきたいに こたえねばならん ⟦CTRL:4⟧  ときをかけめぐってな」	akuma「sekaijuuno akumashinjatachiga /  washioyondeiru…… kyuuseishuno /  toujouo machinozondeirunoda」 / ore「……」 / akuma「washihasonokitaini kotaenebanaran /  tokiokakemeguttena」	あくま「せかいじゅうの あくましんじゃたちが わしをよんでいる…… きゅうせいしゅの とうじょうを まちのぞんでいるのだ」おれ「……」あくま「わしはそのきたいに こたえねばならん ときをかけめぐってな」	Devil: My worshipers{CTRL:0}call me worldwide.{CTRL:0}They await their savior.{CTRL:6}Me: ...{CTRL:3}Devil: I must answer{CTRL:4}as I race through time.	Devil: My worshipers ⟦CTRL:0⟧ call me worldwide. ⟦CTRL:0⟧ They await their savior. ⟦CTRL:6⟧ Me: ... ⟦CTRL:3⟧ Devil: I must answer ⟦CTRL:4⟧ as I race through time.	0,0,6,3,4	0,0,6,3,4	yes	hiragana:84; katakana:0; kanji:0; Latin:0; digits:0; phonetic hiragana orthography	わし: elderly or authoritative masculine first person; character voice, not necessarily regional | おれ: plain-to-rough masculine first person | じゃ: old-person/western-style copula; context decides voice versus region	せかい → 世界 | あくま → 悪魔	ellipsis carries timing/hesitation tone	medium		
168	TT1B	TT1B/g4/r4	scenario	group 4 @ 0xBBC3; record 4	group-compressed	あくま「では さらばだ{CTRL:0} くれぐれも からだをだいじにしろよ」	あくま「では さらばだ ⟦CTRL:0⟧  くれぐれも からだをだいじにしろよ」	akuma「deha sarabada /  kureguremo karadaodaijinishiroyo」	あくま「では さらばだ くれぐれも からだをだいじにしろよ」	Devil: Farewell, then.{CTRL:0}Take care of my body.	Devil: Farewell, then. ⟦CTRL:0⟧ Take care of my body.	0	0	yes	hiragana:25; katakana:0; kanji:0; Latin:0; digits:0; phonetic hiragana orthography		あくま → 悪魔 | からだ → 体 | だいじ → 大事		low		
169	TT1B	TT1B/g4/r5	scenario	group 4 @ 0xBBC3; record 5	group-compressed	……ん！	……ん！	……n！	……ん！	... Hm!	... Hm!			yes	hiragana:1; katakana:0; kanji:0; Latin:0; digits:0; phonetic hiragana orthography		Source suppresses normal kanji/katakana distinctions; restore only with context	ellipsis carries timing/hesitation tone	medium		
170	TT1B	TT1B/g4/r6	scenario	group 4 @ 0xBBC3; record 6	group-compressed	おれ「す すいこまれる／ うああああーーっ／」	おれ「す すいこまれる／ うああああーーっ／」	ore「su suikomareru／ uaaaaaa／」	おれ「す すいこまれる／ うああああーーっ／」	Me: Pulled in! Aaaaah!	Me: Pulled in! Aaaaah!			yes	hiragana:15; katakana:2; kanji:0; Latin:0; digits:0	おれ: plain-to-rough masculine first person	Source suppresses normal kanji/katakana distinctions; restore only with context		medium		
171	TT1B	TT1B/g4/r7	scenario	group 4 @ 0xBBC3; record 7	group-compressed	おれ「…まらどぅる ばらお がるどぅーら…」{CTRL:1}あくま「それがどうした」	おれ「…まらどぅる ばらお がるどぅーら…」 ⟦CTRL:1⟧ あくま「それがどうした」	ore「…maraduru barao garuduura…」 / akuma「soregadoushita」	おれ「…まらどぅる ばらお がるどぅーら…」あくま「それがどうした」	"""Maradul Barao Galdura""{CTRL:1}Devil: What of it?"	"""Maradul Barao Galdura"" ⟦CTRL:1⟧ Devil: What of it?"	1	1	yes	hiragana:25; katakana:1; kanji:0; Latin:0; digits:0	おれ: plain-to-rough masculine first person	あくま → 悪魔	ellipsis carries timing/hesitation tone	medium		
172	TT1B	TT1B/g4/r8	scenario	group 4 @ 0xBBC3; record 8	group-compressed	そうしたいのは やまやまだ	そうしたいのは やまやまだ	soushitainoha yamayamada	そうしたいのは やまやまだ	I wish I could.	I wish I could.			yes	hiragana:12; katakana:0; kanji:0; Latin:0; digits:0; phonetic hiragana orthography		Source suppresses normal kanji/katakana distinctions; restore only with context		medium		
173	TT2	TT2/g0/r0	scenario	group 0 @ 0xB028; record 0	group-compressed	ぴえーる「かみさま おねがいだ{CTRL:0} おれたちびんぼうにんに ちからをかしてくれ{CTRL:2} かみさまってばよー／」	ぴえーる「かみさま おねがいだ ⟦CTRL:0⟧  おれたちびんぼうにんに ちからをかしてくれ ⟦CTRL:2⟧  かみさまってばよー／」	pieeru「kamisama onegaida /  oretachibinbouninni chikaraokashitekure /  kamisamattebayoo／」	ぴえーる「かみさま おねがいだ おれたちびんぼうにんに ちからをかしてくれ かみさまってばよー／」	Pierre: God, help us!{CTRL:0}Give poor folk your aid.{CTRL:2}God, can you hear me?!	Pierre: God, help us! ⟦CTRL:0⟧ Give poor folk your aid. ⟦CTRL:2⟧ God, can you hear me?!	0,2	0,2	yes	hiragana:40; katakana:2; kanji:0; Latin:0; digits:0	おれ: plain-to-rough masculine first person | さま: -sama: high respect, worship, status, or irony	かみさま → 神様		medium		
174	TT2	TT2/g0/r1	scenario	group 0 @ 0xB028; record 1	group-compressed	ぴえーる「なんで あくまがでてくるんだよー／」{CTRL:0}{CTRL:2}おれ「……どうなってんだ……！」	ぴえーる「なんで あくまがでてくるんだよー／」 ⟦CTRL:0⟧  ⟦CTRL:2⟧ おれ「……どうなってんだ……！」	pieeru「nande akumagadetekurundayoo／」 /  / ore「……dounattenda……！」	ぴえーる「なんで あくまがでてくるんだよー／」おれ「……どうなってんだ……！」	Pierre: Why a devil?!{CTRL:0}{CTRL:2}Me: What is happening?!	Pierre: Why a devil?! ⟦CTRL:0⟧  ⟦CTRL:2⟧ Me: What is happening?!	0,2	0,2	yes	hiragana:26; katakana:2; kanji:0; Latin:0; digits:0	おれ: plain-to-rough masculine first person	あくま → 悪魔	ellipsis carries timing/hesitation tone	medium		
175	TT2	TT2/g0/r2	scenario	group 0 @ 0xB028; record 2	group-compressed	なんだか…… きが…… とおくなってきた……	なんだか…… きが…… とおくなってきた……	nandaka…… kiga…… tookunattekita……	なんだか…… きが…… とおくなってきた……	I feel... faint...	I feel... faint...			yes	hiragana:14; katakana:0; kanji:0; Latin:0; digits:0; phonetic hiragana orthography		Source suppresses normal kanji/katakana distinctions; restore only with context	ellipsis carries timing/hesitation tone	medium		
176	TT2	TT2/g0/r3	scenario	group 0 @ 0xB028; record 3	group-compressed	こげくさいな……{CTRL:0}{CTRL:2}／ ろうそくのひが…／{CTRL:6}ぴえーる「ひゃああーーっ／」	こげくさいな…… ⟦CTRL:0⟧  ⟦CTRL:2⟧ ／ ろうそくのひが…／ ⟦CTRL:6⟧ ぴえーる「ひゃああーーっ／」	kogekusaina…… /  / ／ rousokunohiga…／ / pieeru「hyaaaaa／」	こげくさいな……／ ろうそくのひが…／ぴえーる「ひゃああーーっ／」	It smells burnt...{CTRL:0}{CTRL:2}the candle flame...!{CTRL:6}Pierre: Aaaah!!	It smells burnt... ⟦CTRL:0⟧  ⟦CTRL:2⟧ the candle flame...! ⟦CTRL:6⟧ Pierre: Aaaah!!	0,2,6	0,2,6	yes	hiragana:21; katakana:3; kanji:0; Latin:0; digits:0		Source suppresses normal kanji/katakana distinctions; restore only with context	ellipsis carries timing/hesitation tone	medium		
177	TT2	TT2/g0/r4	scenario	group 0 @ 0xB028; record 4	group-compressed	おれ「あぢ… あぢぢぢぢ……／」	おれ「あぢ… あぢぢぢぢ……／」	ore「aji… ajijijiji……／」	おれ「あぢ… あぢぢぢぢ……／」	Me: Hot... it burns!!	Me: Hot... it burns!!			yes	hiragana:9; katakana:0; kanji:0; Latin:0; digits:0; phonetic hiragana orthography	おれ: plain-to-rough masculine first person	Source suppresses normal kanji/katakana distinctions; restore only with context	ellipsis carries timing/hesitation tone	medium		
178	TT2	TT2/g0/r5	scenario	group 0 @ 0xB028; record 5	group-compressed	おれは…… しんだのか！{CTRL:1}いや からだはなくなったけど……{CTRL:0}まだ いきてる／	おれは…… しんだのか！ ⟦CTRL:1⟧ いや からだはなくなったけど…… ⟦CTRL:0⟧ まだ いきてる／	oreha…… shindanoka！ / iya karadahanakunattakedo…… / mada ikiteru／	おれは…… しんだのか！いや からだはなくなったけど……まだ いきてる／	Am I... dead?!{CTRL:1}My body is gone, but...{CTRL:0}I am still alive!	Am I... dead?! ⟦CTRL:1⟧ My body is gone, but... ⟦CTRL:0⟧ I am still alive!	1,0	1,0	yes	hiragana:27; katakana:0; kanji:0; Latin:0; digits:0; phonetic hiragana orthography	おれ: plain-to-rough masculine first person	からだ → 体	ellipsis carries timing/hesitation tone	medium		
179	TT2	TT2/g0/r6	scenario	group 0 @ 0xB028; record 6	group-compressed	がらすのはへんが ちらかっている	がらすのはへんが ちらかっている	garasunohahenga chirakatteiru	がらすのはへんが ちらかっている	Glass shards lie here.	Glass shards lie here.			yes	hiragana:15; katakana:0; kanji:0; Latin:0; digits:0; phonetic hiragana orthography		Source suppresses normal kanji/katakana distinctions; restore only with context		medium		
180	TT2	TT2/g0/r7	scenario	group 0 @ 0xB028; record 7	group-compressed	こしを ぬかしている	こしを ぬかしている	koshio nukashiteiru	こしを ぬかしている	He is terrified.	He is terrified.			yes	hiragana:9; katakana:0; kanji:0; Latin:0; digits:0; phonetic hiragana orthography		Source suppresses normal kanji/katakana distinctions; restore only with context		medium		
181	TT2	TT2/g0/r8	scenario	group 0 @ 0xB028; record 8	group-compressed	きを うしなっている	きを うしなっている	kio ushinatteiru	きを うしなっている	Unconscious.	Unconscious.			yes	hiragana:9; katakana:0; kanji:0; Latin:0; digits:0; phonetic hiragana orthography		Source suppresses normal kanji/katakana distinctions; restore only with context		medium		
182	TT2	TT2/g0/r9	scenario	group 0 @ 0xB028; record 9	group-compressed	どうなってんだ……！{CTRL:1}ひ ひとのからだに はいっちまった……／	どうなってんだ……！ ⟦CTRL:1⟧ ひ ひとのからだに はいっちまった……／	dounattenda……！ / hi hitonokaradani haitchimatta……／	どうなってんだ……！ひ ひとのからだに はいっちまった……／	What is happening?!{CTRL:1}I entered another body!	What is happening?! ⟦CTRL:1⟧ I entered another body!	1	1	yes	hiragana:22; katakana:0; kanji:0; Latin:0; digits:0; phonetic hiragana orthography		からだ → 体 | ひと → 人	ellipsis carries timing/hesitation tone	low		
183	TT2	TT2/g0/r10	scenario	group 0 @ 0xB028; record 10	group-compressed	かさかさにかわいて あちこちにひびが{CTRL:0}はいっている	かさかさにかわいて あちこちにひびが ⟦CTRL:0⟧ はいっている	kasakasanikawaite achikochinihibiga / haitteiru	かさかさにかわいて あちこちにひびがはいっている	Dry skin,{CTRL:0}cracked all over.	Dry skin, ⟦CTRL:0⟧ cracked all over.	0	0	yes	hiragana:23; katakana:0; kanji:0; Latin:0; digits:0; phonetic hiragana orthography		Source suppresses normal kanji/katakana distinctions; restore only with context		medium		
184	TT2	TT2/g0/r11	scenario	group 0 @ 0xB028; record 11	group-compressed	さわると ひふがぼろぼろはげおちる{CTRL:1}なんか やばいぞ	さわると ひふがぼろぼろはげおちる ⟦CTRL:1⟧ なんか やばいぞ	sawaruto hifugaboroborohageochiru / nanka yabaizo	さわると ひふがぼろぼろはげおちるなんか やばいぞ	His skin flakes off.{CTRL:1}Something is very wrong.	His skin flakes off. ⟦CTRL:1⟧ Something is very wrong.	1	1	yes	hiragana:23; katakana:0; kanji:0; Latin:0; digits:0; phonetic hiragana orthography	ぞ: forceful assertion or command emphasis	Source suppresses normal kanji/katakana distinctions; restore only with context		medium		
185	TT2	TT2/g0/r12	scenario	group 0 @ 0xB028; record 12	group-compressed	ぴえーる「せんそうは まけそうだし{CTRL:0} けいきはわるいし…… こうなりゃかみさまにでも{CTRL:0} すがるしかねえって……{CTRL:6} だけどまさか あくまのだんながでてくるとは…」	ぴえーる「せんそうは まけそうだし ⟦CTRL:0⟧  けいきはわるいし…… こうなりゃかみさまにでも ⟦CTRL:0⟧  すがるしかねえって…… ⟦CTRL:6⟧  だけどまさか あくまのだんながでてくるとは…」	pieeru「sensouha makesoudashi /  keikihawaruishi…… kounaryakamisamanidemo /  sugarushikaneette…… /  dakedomasaka akumanodannagadetekurutoha…」	ぴえーる「せんそうは まけそうだし けいきはわるいし…… こうなりゃかみさまにでも すがるしかねえって…… だけどまさか あくまのだんながでてくるとは…」	Pierre: War looks grim.{CTRL:0}Times are hard too...{CTRL:0}so I prayed to God...{CTRL:6}but a devil came...	Pierre: War looks grim. ⟦CTRL:0⟧ Times are hard too... ⟦CTRL:0⟧ so I prayed to God... ⟦CTRL:6⟧ but a devil came...	0,0,6	0,0,6	yes	hiragana:63; katakana:1; kanji:0; Latin:0; digits:0	さま: -sama: high respect, worship, status, or irony	せんそう → 戦争 | かみさま → 神様 | あくま → 悪魔	ellipsis carries timing/hesitation tone	medium		
186	TT2	TT2/g0/r13	scenario	group 0 @ 0xB028; record 13	group-compressed	ぴえーる「こ ころさないで／」	ぴえーる「こ ころさないで／」	pieeru「ko korosanaide／」	ぴえーる「こ ころさないで／」	Pierre: D-don't kill me!	Pierre: D-don't kill me!			yes	hiragana:10; katakana:1; kanji:0; Latin:0; digits:0		Source suppresses normal kanji/katakana distinctions; restore only with context		medium		
187	TT2	TT2/g0/r14	scenario	group 0 @ 0xB028; record 14	group-compressed	だれもいない	だれもいない	daremoinai	だれもいない	Nobody here.	Nobody here.			yes	hiragana:6; katakana:0; kanji:0; Latin:0; digits:0; phonetic hiragana orthography		Source suppresses normal kanji/katakana distinctions; restore only with context		medium		
188	TT2	TT2/g0/r15	scenario	group 0 @ 0xB028; record 15	group-compressed	なにを！	なにを！	nanio！	なにを！	What are you doing?!	What are you doing?!			yes	hiragana:3; katakana:0; kanji:0; Latin:0; digits:0; phonetic hiragana orthography		Source suppresses normal kanji/katakana distinctions; restore only with context		medium		
189	TT2	TT2/g0/r16	scenario	group 0 @ 0xB028; record 16	group-compressed	けがするぞ	けがするぞ	kegasuruzo	けがするぞ	You will get hurt.	You will get hurt.			yes	hiragana:5; katakana:0; kanji:0; Latin:0; digits:0; phonetic hiragana orthography	ぞ: forceful assertion or command emphasis	Source suppresses normal kanji/katakana distinctions; restore only with context		medium		
190	TT2	TT2/g0/r17	scenario	group 0 @ 0xB028; record 17	group-compressed	むだだ	むだだ	mudada	むだだ	No use.	No use.			yes	hiragana:3; katakana:0; kanji:0; Latin:0; digits:0; phonetic hiragana orthography		Source suppresses normal kanji/katakana distinctions; restore only with context		medium		
191	TT2	TT2/g0/r18	scenario	group 0 @ 0xB028; record 18	group-compressed	ごくごくごく…… ぷはーーっ／	ごくごくごく…… ぷはーーっ／	gokugokugoku…… puhaaa／	ごくごくごく…… ぷはーーっ／	Gulp, gulp... ahhh!	Gulp, gulp... ahhh!			yes	hiragana:9; katakana:2; kanji:0; Latin:0; digits:0		Source suppresses normal kanji/katakana distinctions; restore only with context	ellipsis carries timing/hesitation tone	medium		
192	TT2	TT2/g0/r19	scenario	group 0 @ 0xB028; record 19	group-compressed	{CTRL:0}おれ「うーーい／」	⟦CTRL:0⟧ おれ「うーーい／」	 / ore「uuui／」	おれ「うーーい／」	{CTRL:0}Me: Woohoo!	⟦CTRL:0⟧ Me: Woohoo!	0	0	yes	hiragana:4; katakana:2; kanji:0; Latin:0; digits:0	おれ: plain-to-rough masculine first person	Source suppresses normal kanji/katakana distinctions; restore only with context		medium		
193	TT2	TT2/g0/r20	scenario	group 0 @ 0xB028; record 20	group-compressed	…………………………………………	…………………………………………	…………………………………………	…………………………………………	........................	........................			yes	hiragana:0; katakana:0; kanji:0; Latin:0; digits:0			ellipsis carries timing/hesitation tone	low		
194	TT2	TT2/g0/r21	scenario	group 0 @ 0xB028; record 21	group-compressed	いま でるのはやばい	いま でるのはやばい	ima derunohayabai	いま でるのはやばい	Outside is too risky.	Outside is too risky.			yes	hiragana:9; katakana:0; kanji:0; Latin:0; digits:0; phonetic hiragana orthography	ばい: possible Kyushu/Hakata-style assertive ending; verify speaker context	Source suppresses normal kanji/katakana distinctions; restore only with context		medium		
195	TT2	TT2/g0/r22	scenario	group 0 @ 0xB028; record 22	group-compressed	「さかやるごーのまごむすめ じゃんぬ・だるくを{CTRL:0} まじょとみとめ きょうかいのなにより{CTRL:0} しけいにしょす               」	「さかやるごーのまごむすめ じゃんぬ・だるくを ⟦CTRL:0⟧  まじょとみとめ きょうかいのなにより ⟦CTRL:0⟧  しけいにしょす               」	「sakayarugoonomagomusume jannu・darukuo /  majotomitome kyoukainonaniyori /  shikeinishosu               」	「さかやるごーのまごむすめ じゃんぬ・だるくを まじょとみとめ きょうかいのなにより しけいにしょす               」	"""Jeanne d'Arc is Lugot's{CTRL:0}granddaughter, a witch.{CTRL:0}Church orders her death"""	"""Jeanne d'Arc is Lugot's ⟦CTRL:0⟧ granddaughter, a witch. ⟦CTRL:0⟧ Church orders her death"""	0,0	0,0	yes	hiragana:43; katakana:2; kanji:0; Latin:0; digits:0		じゃんぬ → ジャンヌ (Jeanne) | きょうかい → 教会 | しけい → 死刑 | むすめ → 娘		low		
196	TT2	TT2/g0/r23	scenario	group 0 @ 0xB028; record 23	group-compressed	かぎが かかっている	かぎが かかっている	kagiga kakatteiru	かぎが かかっている	Locked.	Locked.			yes	hiragana:9; katakana:0; kanji:0; Latin:0; digits:0; phonetic hiragana orthography		Source suppresses normal kanji/katakana distinctions; restore only with context		medium		
197	TT2	TT2/g0/r24	scenario	group 0 @ 0xB028; record 24	group-compressed	しょくにんたちのみせが ならんでいる	しょくにんたちのみせが ならんでいる	shokunintachinomisega narandeiru	しょくにんたちのみせが ならんでいる	Craft shops line the way	Craft shops line the way			yes	hiragana:17; katakana:0; kanji:0; Latin:0; digits:0; phonetic hiragana orthography		Source suppresses normal kanji/katakana distinctions; restore only with context		medium		
198	TT2	TT2/g0/r25	scenario	group 0 @ 0xB028; record 25	group-compressed	「しんたいのどこかに きずをもつおんなを{CTRL:0} しっていたら ただちにきょうかいへ{CTRL:0} ほうこくすること{CTRL:6} じじつをかくしたものは げんばつにしょす{CTRL:3} 1428ねん 10がつ{CTRL:4}         ふらんすおうこく きょうかい」	「しんたいのどこかに きずをもつおんなを ⟦CTRL:0⟧  しっていたら ただちにきょうかいへ ⟦CTRL:0⟧  ほうこくすること ⟦CTRL:6⟧  じじつをかくしたものは げんばつにしょす ⟦CTRL:3⟧  1428ねん 10がつ ⟦CTRL:4⟧          ふらんすおうこく きょうかい」	「shintainodokokani kizuomotsuonnao /  shitteitara tadachinikyoukaihe /  houkokusurukoto /  jijitsuokakushitamonoha genbatsunishosu /  1428nen 10gatsu /          furansuoukoku kyoukai」	「しんたいのどこかに きずをもつおんなを しっていたら ただちにきょうかいへ ほうこくすること じじつをかくしたものは げんばつにしょす 1428ねん 10がつ         ふらんすおうこく きょうかい」	"""Women with any scar{CTRL:0}must be reported{CTRL:0}to the church.{CTRL:6}Hiding one is a crime.{CTRL:3}Oct. 1428{CTRL:4}French Church"""	"""Women with any scar ⟦CTRL:0⟧ must be reported ⟦CTRL:0⟧ to the church. ⟦CTRL:6⟧ Hiding one is a crime. ⟦CTRL:3⟧ Oct. 1428 ⟦CTRL:4⟧ French Church"""	0,0,6,3,4	0,0,6,3,4	yes	hiragana:78; katakana:0; kanji:0; Latin:0; digits:6; phonetic hiragana orthography		きょうかい → 教会 | おんな → 女	source numerals ['1428', '10']; verify dates/counts and Japanese ordering	low		
199	TT2	TT2/g0/r26	scenario	group 0 @ 0xB028; record 26	group-compressed	ああ めがまわる……	ああ めがまわる……	aa megamawaru……	ああ めがまわる……	My head spins...	My head spins...			yes	hiragana:7; katakana:0; kanji:0; Latin:0; digits:0; phonetic hiragana orthography		Source suppresses normal kanji/katakana distinctions; restore only with context	ellipsis carries timing/hesitation tone	medium		
200	TT2	TT2/g0/r27	scenario	group 0 @ 0xB028; record 27	group-compressed	わいんのあきびんが つんである	わいんのあきびんが つんである	wainnoakibinga tsundearu	わいんのあきびんが つんである	Bottles are piled.	Bottles are piled.			yes	hiragana:14; katakana:0; kanji:0; Latin:0; digits:0; phonetic hiragana orthography		Source suppresses normal kanji/katakana distinctions; restore only with context		medium		
201	TT2	TT2/g0/r28	scenario	group 0 @ 0xB028; record 28	group-compressed	「いざかや」	「いざかや」	「izakaya」	「いざかや」	"""TAVERN"""	"""TAVERN"""			yes	hiragana:4; katakana:0; kanji:0; Latin:0; digits:0; phonetic hiragana orthography		Source suppresses normal kanji/katakana distinctions; restore only with context		medium		
202	TT2	TT2/g0/r29	scenario	group 0 @ 0xB028; record 29	group-compressed	「したてや」	「したてや」	「shitateya」	「したてや」	"""TAILOR"""	"""TAILOR"""			yes	hiragana:4; katakana:0; kanji:0; Latin:0; digits:0; phonetic hiragana orthography		Source suppresses normal kanji/katakana distinctions; restore only with context		medium		
203	TT2	TT2/g0/r30	scenario	group 0 @ 0xB028; record 30	group-compressed	「じょうまえや」	「じょうまえや」	「joumaeya」	「じょうまえや」	"""LOCKSMITH"""	"""LOCKSMITH"""			yes	hiragana:6; katakana:0; kanji:0; Latin:0; digits:0; phonetic hiragana orthography		Source suppresses normal kanji/katakana distinctions; restore only with context		medium		
204	TT2	TT2/g0/r31	scenario	group 0 @ 0xB028; record 31	group-compressed	「がらすや」	「がらすや」	「garasuya」	「がらすや」	"""GLASSMAKER"""	"""GLASSMAKER"""			yes	hiragana:4; katakana:0; kanji:0; Latin:0; digits:0; phonetic hiragana orthography		Source suppresses normal kanji/katakana distinctions; restore only with context		medium		
205	TT2	TT2/g1/r0	scenario	group 1 @ 0xB28A; record 0	group-compressed	「かじや」	「かじや」	「kajiya」	「かじや」	"""BLACKSMITH"""	"""BLACKSMITH"""			yes	hiragana:3; katakana:0; kanji:0; Latin:0; digits:0; phonetic hiragana orthography		Source suppresses normal kanji/katakana distinctions; restore only with context		medium		
206	TT2	TT2/g1/r1	scenario	group 1 @ 0xB28A; record 1	group-compressed	いちおう もらっとくか	いちおう もらっとくか	ichiou morattokuka	いちおう もらっとくか	I may as well take it.	I may as well take it.			yes	hiragana:10; katakana:0; kanji:0; Latin:0; digits:0; phonetic hiragana orthography		Source suppresses normal kanji/katakana distinctions; restore only with context		medium		
207	TT2	TT2/g1/r2	scenario	group 1 @ 0xB28A; record 2	group-compressed	もういらない	もういらない	mouiranai	もういらない	I do not need another.	I do not need another.			yes	hiragana:6; katakana:0; kanji:0; Latin:0; digits:0; phonetic hiragana orthography		Source suppresses normal kanji/katakana distinctions; restore only with context		medium		
208	TT2	TT2/g1/r3	scenario	group 1 @ 0xB28A; record 3	group-compressed	もう なーんもしたくない	もう なーんもしたくない	mou naanmoshitakunai	もう なーんもしたくない	I want to do nothing.	I want to do nothing.			yes	hiragana:10; katakana:1; kanji:0; Latin:0; digits:0		Source suppresses normal kanji/katakana distinctions; restore only with context		medium		
209	TT2	TT2/g1/r4	scenario	group 1 @ 0xB28A; record 4	group-compressed	とき……1428ねん 10がつ{CTRL:0}ばしょ…ふらんすの じょうかまち	とき……1428ねん 10がつ ⟦CTRL:0⟧ ばしょ…ふらんすの じょうかまち	toki……1428nen 10gatsu / basho…furansuno joukamachi	とき……1428ねん 10がつばしょ…ふらんすの じょうかまち	Time: October 1428{CTRL:0}French castle town	Time: October 1428 ⟦CTRL:0⟧ French castle town	0	0	yes	hiragana:20; katakana:0; kanji:0; Latin:0; digits:6; phonetic hiragana orthography		Source suppresses normal kanji/katakana distinctions; restore only with context	source numerals ['1428', '10']; verify dates/counts and Japanese ordering | ellipsis carries timing/hesitation tone	medium		
210	TT2	TT2/g1/r5	scenario	group 1 @ 0xB28A; record 5	group-compressed	{CTRL:0}{CTRL:0}なまえ……ぴえーる{CTRL:0}しょくぎょう……がらすしょくにん	⟦CTRL:0⟧  ⟦CTRL:0⟧ なまえ……ぴえーる ⟦CTRL:0⟧ しょくぎょう……がらすしょくにん	 /  / namae……pieeru / shokugyou……garasushokunin	なまえ……ぴえーるしょくぎょう……がらすしょくにん	{CTRL:0}{CTRL:0}Name: Pierre{CTRL:0}Trade: glassmaker	⟦CTRL:0⟧  ⟦CTRL:0⟧ Name: Pierre ⟦CTRL:0⟧ Trade: glassmaker	0,0,0	0,0,0	yes	hiragana:20; katakana:1; kanji:0; Latin:0; digits:0		なまえ → 名前	ellipsis carries timing/hesitation tone	low		
211	TT2	TT2/g1/r6	scenario	group 1 @ 0xB28A; record 6	group-compressed	{CTRL:0}{CTRL:0}なまえ……ちの{CTRL:0}しょくぎょう……じょうまえや	⟦CTRL:0⟧  ⟦CTRL:0⟧ なまえ……ちの ⟦CTRL:0⟧ しょくぎょう……じょうまえや	 /  / namae……chino / shokugyou……joumaeya	なまえ……ちのしょくぎょう……じょうまえや	{CTRL:0}{CTRL:0}Name: Chino{CTRL:0}Trade: locksmith	⟦CTRL:0⟧  ⟦CTRL:0⟧ Name: Chino ⟦CTRL:0⟧ Trade: locksmith	0,0,0	0,0,0	yes	hiragana:17; katakana:0; kanji:0; Latin:0; digits:0; phonetic hiragana orthography		なまえ → 名前	ellipsis carries timing/hesitation tone	low		
212	TT2	TT2/g1/r7	scenario	group 1 @ 0xB28A; record 7	group-compressed	ことりが さえずっている	ことりが さえずっている	kotoriga saezutteiru	ことりが さえずっている	Small birds chirp.	Small birds chirp.			yes	hiragana:11; katakana:0; kanji:0; Latin:0; digits:0; phonetic hiragana orthography		Source suppresses normal kanji/katakana distinctions; restore only with context		medium		
213	TT2	TT2/g1/r8	scenario	group 1 @ 0xB28A; record 8	group-compressed	かじやだな	かじやだな	kajiyadana	かじやだな	A blacksmith shop.	A blacksmith shop.			yes	hiragana:5; katakana:0; kanji:0; Latin:0; digits:0; phonetic hiragana orthography		Source suppresses normal kanji/katakana distinctions; restore only with context		medium		
214	TT2	TT2/g1/r9	scenario	group 1 @ 0xB28A; record 9	group-compressed	いろんなどうぐが おいてある	いろんなどうぐが おいてある	ironnadouguga oitearu	いろんなどうぐが おいてある	Many tools lie here.	Many tools lie here.			yes	hiragana:13; katakana:0; kanji:0; Latin:0; digits:0; phonetic hiragana orthography		Source suppresses normal kanji/katakana distinctions; restore only with context		medium		
215	TT2	TT2/g1/r10	scenario	group 1 @ 0xB28A; record 10	group-compressed	めがきょろきょろして おちつきがない	めがきょろきょろして おちつきがない	megakyorokyoroshite ochitsukiganai	めがきょろきょろして おちつきがない	His eyes dart around.	His eyes dart around.			yes	hiragana:17; katakana:0; kanji:0; Latin:0; digits:0; phonetic hiragana orthography		Source suppresses normal kanji/katakana distinctions; restore only with context		medium		
216	TT2	TT2/g1/r11	scenario	group 1 @ 0xB28A; record 11	group-compressed	おやじ「あのな… こんなことしっちょるか！」	おやじ「あのな… こんなことしっちょるか！」	oyaji「anona… konnakotoshitchoruka！」	おやじ「あのな… こんなことしっちょるか！」	Old man: Know this one?	Old man: Know this one?			yes	hiragana:17; katakana:0; kanji:0; Latin:0; digits:0; phonetic hiragana orthography		Source suppresses normal kanji/katakana distinctions; restore only with context	ellipsis carries timing/hesitation tone	medium		
217	TT2	TT2/g1/r12	scenario	group 1 @ 0xB28A; record 12	group-compressed	{CTRL:0}{CTRL:0}じゅうじぐんが うばいかえそうとした{CTRL:0}「せいち」とは！	⟦CTRL:0⟧  ⟦CTRL:0⟧ じゅうじぐんが うばいかえそうとした ⟦CTRL:0⟧ 「せいち」とは！	 /  / juujigunga ubaikaesoutoshita / 「seichi」toha！	じゅうじぐんが うばいかえそうとした「せいち」とは！	{CTRL:0}{CTRL:0}What land did Crusaders{CTRL:0}try to reclaim?	⟦CTRL:0⟧  ⟦CTRL:0⟧ What land did Crusaders ⟦CTRL:0⟧ try to reclaim?	0,0,0	0,0,0	yes	hiragana:22; katakana:0; kanji:0; Latin:0; digits:0; phonetic hiragana orthography		Source suppresses normal kanji/katakana distinctions; restore only with context		medium		
218	TT2	TT2/g1/r13	scenario	group 1 @ 0xB28A; record 13	group-compressed	おやじ「あほ」	おやじ「あほ」	oyaji「aho」	おやじ「あほ」	Old man: Fool!	Old man: Fool!			yes	hiragana:5; katakana:0; kanji:0; Latin:0; digits:0; phonetic hiragana orthography		Source suppresses normal kanji/katakana distinctions; restore only with context		medium		
219	TT2	TT2/g1/r14	scenario	group 1 @ 0xB28A; record 14	group-compressed	おやじ「せいかいじゃ ならばこれはどうだ！」	おやじ「せいかいじゃ ならばこれはどうだ！」	oyaji「seikaija narabakorehadouda！」	おやじ「せいかいじゃ ならばこれはどうだ！」	Old man: Correct! Next!	Old man: Correct! Next!			yes	hiragana:18; katakana:0; kanji:0; Latin:0; digits:0; phonetic hiragana orthography	じゃ: old-person/western-style copula; context decides voice versus region	Source suppresses normal kanji/katakana distinctions; restore only with context		medium		
220	TT2	TT2/g1/r15	scenario	group 1 @ 0xB28A; record 15	group-compressed	{CTRL:0}{CTRL:0}いぎりすとふらんすが たたかった{CTRL:0}ながいたたかいを なにせんそうという！	⟦CTRL:0⟧  ⟦CTRL:0⟧ いぎりすとふらんすが たたかった ⟦CTRL:0⟧ ながいたたかいを なにせんそうという！	 /  / igirisutofuransuga tatakatta / nagaitatakaio nanisensoutoiu！	いぎりすとふらんすが たたかったながいたたかいを なにせんそうという！	{CTRL:0}{CTRL:0}England fought France in{CTRL:0}what long war?	⟦CTRL:0⟧  ⟦CTRL:0⟧ England fought France in ⟦CTRL:0⟧ what long war?	0,0,0	0,0,0	yes	hiragana:32; katakana:0; kanji:0; Latin:0; digits:0; phonetic hiragana orthography		せんそう → 戦争		low		
221	TT2	TT2/g1/r16	scenario	group 1 @ 0xB28A; record 16	group-compressed	{CTRL:0}{CTRL:0}ぎかいせいじの3ぶかい といえば{CTRL:0}そうと きぞくと！	⟦CTRL:0⟧  ⟦CTRL:0⟧ ぎかいせいじの3ぶかい といえば ⟦CTRL:0⟧ そうと きぞくと！	 /  / gikaiseijino3bukai toieba / souto kizokuto！	ぎかいせいじの3ぶかい といえばそうと きぞくと！	{CTRL:0}{CTRL:0}The three estates were{CTRL:0}clergy, nobles, and...?	⟦CTRL:0⟧  ⟦CTRL:0⟧ The three estates were ⟦CTRL:0⟧ clergy, nobles, and...?	0,0,0	0,0,0	yes	hiragana:21; katakana:0; kanji:0; Latin:0; digits:1; phonetic hiragana orthography		Source suppresses normal kanji/katakana distinctions; restore only with context	source numerals ['3']; verify dates/counts and Japanese ordering	medium		
222	TT2	TT2/g1/r17	scenario	group 1 @ 0xB28A; record 17	group-compressed	{CTRL:0}{CTRL:0}しょうにんたちが あつまってできた{CTRL:0}どうぎょうくみあいは！	⟦CTRL:0⟧  ⟦CTRL:0⟧ しょうにんたちが あつまってできた ⟦CTRL:0⟧ どうぎょうくみあいは！	 /  / shounintachiga atsumattedekita / dougyoukumiaiha！	しょうにんたちが あつまってできたどうぎょうくみあいは！	{CTRL:0}{CTRL:0}A merchants' trade group{CTRL:0}was called a...?	⟦CTRL:0⟧  ⟦CTRL:0⟧ A merchants' trade group ⟦CTRL:0⟧ was called a...?	0,0,0	0,0,0	yes	hiragana:26; katakana:0; kanji:0; Latin:0; digits:0; phonetic hiragana orthography		Source suppresses normal kanji/katakana distinctions; restore only with context		medium		
223	TT2	TT2/g1/r18	scenario	group 1 @ 0xB28A; record 18	group-compressed	{CTRL:0}{CTRL:0}「さいごのばんさん」を かいた{CTRL:0}てんさいげいじゅつかは！	⟦CTRL:0⟧  ⟦CTRL:0⟧ 「さいごのばんさん」を かいた ⟦CTRL:0⟧ てんさいげいじゅつかは！	 /  / 「saigonobansan」o kaita / tensaigeijutsukaha！	「さいごのばんさん」を かいたてんさいげいじゅつかは！	"{CTRL:0}{CTRL:0}Who painted{CTRL:0}""The Last Supper""?"	"⟦CTRL:0⟧  ⟦CTRL:0⟧ Who painted ⟦CTRL:0⟧ ""The Last Supper""?"	0,0,0	0,0,0	yes	hiragana:23; katakana:0; kanji:0; Latin:0; digits:0; phonetic hiragana orthography	さん: -san: ordinary respectful address	Source suppresses normal kanji/katakana distinctions; restore only with context		medium		
224	TT2	TT2/g1/r19	scenario	group 1 @ 0xB28A; record 19	group-compressed	おやじ「せいかいじゃ」	おやじ「せいかいじゃ」	oyaji「seikaija」	おやじ「せいかいじゃ」	Old man: Correct!	Old man: Correct!			yes	hiragana:9; katakana:0; kanji:0; Latin:0; digits:0; phonetic hiragana orthography	じゃ: old-person/western-style copula; context decides voice versus region	Source suppresses normal kanji/katakana distinctions; restore only with context		medium		
225	TT2	TT2/g1/r20	scenario	group 1 @ 0xB28A; record 20	group-compressed	おやじ「ぜんもんせいかいとは やるもんじゃ{CTRL:0} あんたは えらい／{CTRL:2} なにか ほうびをやらんとな」	おやじ「ぜんもんせいかいとは やるもんじゃ ⟦CTRL:0⟧  あんたは えらい／ ⟦CTRL:2⟧  なにか ほうびをやらんとな」	oyaji「zenmonseikaitoha yarumonja /  antaha erai／ /  nanika houbioyarantona」	おやじ「ぜんもんせいかいとは やるもんじゃ あんたは えらい／ なにか ほうびをやらんとな」	Old man: All correct!{CTRL:0}Quite a scholar!{CTRL:2}Take your reward.	Old man: All correct! ⟦CTRL:0⟧ Quite a scholar! ⟦CTRL:2⟧ Take your reward.	0,2	0,2	yes	hiragana:38; katakana:0; kanji:0; Latin:0; digits:0; phonetic hiragana orthography	じゃ: old-person/western-style copula; context decides voice versus region	Source suppresses normal kanji/katakana distinctions; restore only with context		medium		
226	TT2	TT2/g1/r21	scenario	group 1 @ 0xB28A; record 21	group-compressed	おれ「おれんきれすかあ！ うひひ」	おれ「おれんきれすかあ！ うひひ」	ore「orenkiresukaa！ uhihi」	おれ「おれんきれすかあ！ うひひ」	Me: A reward? Heh!	Me: A reward? Heh!			yes	hiragana:13; katakana:0; kanji:0; Latin:0; digits:0; phonetic hiragana orthography	おれ: plain-to-rough masculine first person	Source suppresses normal kanji/katakana distinctions; restore only with context		medium		
227	TT2	TT2/g1/r22	scenario	group 1 @ 0xB28A; record 22	group-compressed	おやじ「しんじつと あぶらは かならず{CTRL:0} うかんでくる……{CTRL:0} ふらんすの ふるいことわざじゃ」	おやじ「しんじつと あぶらは かならず ⟦CTRL:0⟧  うかんでくる…… ⟦CTRL:0⟧  ふらんすの ふるいことわざじゃ」	oyaji「shinjitsuto aburaha kanarazu /  ukandekuru…… /  furansuno furuikotowazaja」	おやじ「しんじつと あぶらは かならず うかんでくる…… ふらんすの ふるいことわざじゃ」	Old man: Truth and oil{CTRL:0}always float to the top.{CTRL:0}A French proverb.	Old man: Truth and oil ⟦CTRL:0⟧ always float to the top. ⟦CTRL:0⟧ A French proverb.	0,0	0,0	yes	hiragana:36; katakana:0; kanji:0; Latin:0; digits:0; phonetic hiragana orthography	じゃ: old-person/western-style copula; context decides voice versus region	Source suppresses normal kanji/katakana distinctions; restore only with context	ellipsis carries timing/hesitation tone	medium		
228	TT2	TT2/g1/r23	scenario	group 1 @ 0xB28A; record 23	group-compressed	おやじ「こら／」	おやじ「こら／」	oyaji「kora／」	おやじ「こら／」	Old man: Stop!	Old man: Stop!			yes	hiragana:5; katakana:0; kanji:0; Latin:0; digits:0; phonetic hiragana orthography		Source suppresses normal kanji/katakana distinctions; restore only with context		medium		
229	TT2	TT2/g1/r24	scenario	group 1 @ 0xB28A; record 24	group-compressed	おやじ「しょうばいもんはだめじゃ」	おやじ「しょうばいもんはだめじゃ」	oyaji「shoubaimonhadameja」	おやじ「しょうばいもんはだめじゃ」	Old man: Not my wares!	Old man: Not my wares!			yes	hiragana:15; katakana:0; kanji:0; Latin:0; digits:0; phonetic hiragana orthography	じゃ: old-person/western-style copula; context decides voice versus region	Source suppresses normal kanji/katakana distinctions; restore only with context		medium		
230	TT2	TT2/g1/r25	scenario	group 1 @ 0xB28A; record 25	group-compressed	おやじ「なんじゃ！」	おやじ「なんじゃ！」	oyaji「nanja！」	おやじ「なんじゃ！」	Old man: What?!	Old man: What?!			yes	hiragana:7; katakana:0; kanji:0; Latin:0; digits:0; phonetic hiragana orthography	じゃ: old-person/western-style copula; context decides voice versus region	Source suppresses normal kanji/katakana distinctions; restore only with context		medium		
231	TT2	TT2/g1/r26	scenario	group 1 @ 0xB28A; record 26	group-compressed	おやじ「そうか わいんがほしいのか{CTRL:1} ほうびじゃ ほれ」{CTRL:2}とく とく とく……	おやじ「そうか わいんがほしいのか ⟦CTRL:1⟧  ほうびじゃ ほれ」 ⟦CTRL:2⟧ とく とく とく……	oyaji「souka waingahoshiinoka /  houbija hore」 / toku toku toku……	おやじ「そうか わいんがほしいのか ほうびじゃ ほれ」とく とく とく……	Old man: Want wine?{CTRL:1}It is your reward.{CTRL:2}Glug, glug, glug...	Old man: Want wine? ⟦CTRL:1⟧ It is your reward. ⟦CTRL:2⟧ Glug, glug, glug...	1,2	1,2	yes	hiragana:28; katakana:0; kanji:0; Latin:0; digits:0; phonetic hiragana orthography	じゃ: old-person/western-style copula; context decides voice versus region	Source suppresses normal kanji/katakana distinctions; restore only with context	ellipsis carries timing/hesitation tone	medium		
232	TT2	TT2/g1/r27	scenario	group 1 @ 0xB28A; record 27	group-compressed	わいんを てにいれた	わいんを てにいれた	waino teniireta	わいんを てにいれた	Obtained wine.	Obtained wine.			yes	hiragana:9; katakana:0; kanji:0; Latin:0; digits:0; phonetic hiragana orthography		Source suppresses normal kanji/katakana distinctions; restore only with context		medium		
233	TT2	TT2/g1/r28	scenario	group 1 @ 0xB28A; record 28	group-compressed	おれ「いっぱい どう！」	おれ「いっぱい どう！」	ore「ippai dou！」	おれ「いっぱい どう！」	Me: Want a drink?	Me: Want a drink?			yes	hiragana:8; katakana:0; kanji:0; Latin:0; digits:0; phonetic hiragana orthography	おれ: plain-to-rough masculine first person	Source suppresses normal kanji/katakana distinctions; restore only with context		medium		
234	TT2	TT2/g1/r29	scenario	group 1 @ 0xB28A; record 29	group-compressed	{CTRL:0}おやじ「いらん」	⟦CTRL:0⟧ おやじ「いらん」	 / oyaji「iran」	おやじ「いらん」	{CTRL:0}Old man: No.	⟦CTRL:0⟧ Old man: No.	0	0	yes	hiragana:6; katakana:0; kanji:0; Latin:0; digits:0; phonetic hiragana orthography		Source suppresses normal kanji/katakana distinctions; restore only with context		medium		
235	TT2	TT2/g1/r30	scenario	group 1 @ 0xB28A; record 30	group-compressed	じょうまえやだ	じょうまえやだ	joumaeyada	じょうまえやだ	This is a locksmith.	This is a locksmith.			yes	hiragana:7; katakana:0; kanji:0; Latin:0; digits:0; phonetic hiragana orthography		Source suppresses normal kanji/katakana distinctions; restore only with context		medium		
236	TT2	TT2/g1/r31	scenario	group 1 @ 0xB28A; record 31	group-compressed	どうぐばこが おいてある	どうぐばこが おいてある	dougubakoga oitearu	どうぐばこが おいてある	A toolbox sits here.	A toolbox sits here.			yes	hiragana:11; katakana:0; kanji:0; Latin:0; digits:0; phonetic hiragana orthography		Source suppresses normal kanji/katakana distinctions; restore only with context		medium		
237	TT2	TT2/g2/r0	scenario	group 2 @ 0xB4A9; record 0	group-compressed	かぎが はいっている	かぎが はいっている	kagiga haitteiru	かぎが はいっている	There is a key inside.	There is a key inside.			yes	hiragana:9; katakana:0; kanji:0; Latin:0; digits:0; phonetic hiragana orthography		Source suppresses normal kanji/katakana distinctions; restore only with context		medium		
238	TT2	TT2/g2/r1	scenario	group 2 @ 0xB4A9; record 1	group-compressed	どうぐばこのそこに なにかかいてある	どうぐばこのそこに なにかかいてある	dougubakonosokoni nanikakaitearu	どうぐばこのそこに なにかかいてある	There is writing below.	There is writing below.			yes	hiragana:17; katakana:0; kanji:0; Latin:0; digits:0; phonetic hiragana orthography		Source suppresses normal kanji/katakana distinctions; restore only with context		medium		
239	TT2	TT2/g2/r2	scenario	group 2 @ 0xB4A9; record 2	group-compressed	「おぼえがき{CTRL:0} ごるどーに ぎんか2まい かしつけ」	「おぼえがき ⟦CTRL:0⟧  ごるどーに ぎんか2まい かしつけ」	「oboegaki /  gorudooni ginka2mai kashitsuke」	「おぼえがき ごるどーに ぎんか2まい かしつけ」	"""Memo:{CTRL:0}Gordo: 2 silver coins."""	"""Memo: ⟦CTRL:0⟧ Gordo: 2 silver coins."""	0	0	yes	hiragana:18; katakana:1; kanji:0; Latin:0; digits:1		Source suppresses normal kanji/katakana distinctions; restore only with context	source numerals ['2']; verify dates/counts and Japanese ordering	medium		
240	TT2	TT2/g2/r3	scenario	group 2 @ 0xB4A9; record 3	group-compressed	しごとに みがはいってないようだ	しごとに みがはいってないようだ	shigotoni migahaittenaiyouda	しごとに みがはいってないようだ	He lacks focus at work.	He lacks focus at work.			yes	hiragana:15; katakana:0; kanji:0; Latin:0; digits:0; phonetic hiragana orthography		Source suppresses normal kanji/katakana distinctions; restore only with context		medium		
241	TT2	TT2/g2/r4	scenario	group 2 @ 0xB4A9; record 4	group-compressed	ちの「まじょがりなんてなあ……{CTRL:0} まったく いやなよのなかだ」	ちの「まじょがりなんてなあ…… ⟦CTRL:0⟧  まったく いやなよのなかだ」	chino「majogarinantenaa…… /  mattaku iyanayononakada」	ちの「まじょがりなんてなあ…… まったく いやなよのなかだ」	Chino: Witch hunts...{CTRL:0}what an awful age.	Chino: Witch hunts... ⟦CTRL:0⟧ what an awful age.	0	0	yes	hiragana:24; katakana:0; kanji:0; Latin:0; digits:0; phonetic hiragana orthography		Source suppresses normal kanji/katakana distinctions; restore only with context	ellipsis carries timing/hesitation tone	medium		
242	TT2	TT2/g2/r5	scenario	group 2 @ 0xB4A9; record 5	group-compressed	{CTRL:0}ちの「……」	⟦CTRL:0⟧ ちの「……」	 / chino「……」	ちの「……」	{CTRL:0}Chino: ...	⟦CTRL:0⟧ Chino: ...	0	0	yes	hiragana:2; katakana:0; kanji:0; Latin:0; digits:0; phonetic hiragana orthography		Source suppresses normal kanji/katakana distinctions; restore only with context	ellipsis carries timing/hesitation tone	medium		
243	TT2	TT2/g2/r6	scenario	group 2 @ 0xB4A9; record 6	group-compressed	ちの「ちくしょー／ あの かわいいじゃんぬが{CTRL:0} ひあぶりに されちまうなんてよー」	ちの「ちくしょー／ あの かわいいじゃんぬが ⟦CTRL:0⟧  ひあぶりに されちまうなんてよー」	chino「chikushoo／ ano kawaiijannuga /  hiaburini sarechimaunanteyoo」	ちの「ちくしょー／ あの かわいいじゃんぬが ひあぶりに されちまうなんてよー」	Chino: Damn it!{CTRL:0}Sweet Jeanne will burn!	Chino: Damn it! ⟦CTRL:0⟧ Sweet Jeanne will burn!	0	0	yes	hiragana:31; katakana:2; kanji:0; Latin:0; digits:0		じゃんぬ → ジャンヌ (Jeanne)		low		
244	TT2	TT2/g2/r7	scenario	group 2 @ 0xB4A9; record 7	group-compressed	ちの「かってに さわるんじゃねー／」	ちの「かってに さわるんじゃねー／」	chino「katteni sawarunjanee／」	ちの「かってに さわるんじゃねー／」	Chino: Hands off!	Chino: Hands off!			yes	hiragana:13; katakana:1; kanji:0; Latin:0; digits:0	じゃ: old-person/western-style copula; context decides voice versus region	Source suppresses normal kanji/katakana distinctions; restore only with context		medium		
245	TT2	TT2/g2/r8	scenario	group 2 @ 0xB4A9; record 8	group-compressed	おもくて もてない	おもくて もてない	omokute motenai	おもくて もてない	It is too heavy to lift.	It is too heavy to lift.			yes	hiragana:8; katakana:0; kanji:0; Latin:0; digits:0; phonetic hiragana orthography		Source suppresses normal kanji/katakana distinctions; restore only with context		medium		
246	TT2	TT2/g2/r9	scenario	group 2 @ 0xB4A9; record 9	group-compressed	ちの「なんだ！」	ちの「なんだ！」	chino「nanda！」	ちの「なんだ！」	Chino: What?!	Chino: What?!			yes	hiragana:5; katakana:0; kanji:0; Latin:0; digits:0; phonetic hiragana orthography		Source suppresses normal kanji/katakana distinctions; restore only with context		medium		
247	TT2	TT2/g2/r10	scenario	group 2 @ 0xB4A9; record 10	group-compressed	{CTRL:0}ちの「おう わるいな{CTRL:0} うぐうぐうぐ…… ぷはーーっ／」	⟦CTRL:0⟧ ちの「おう わるいな ⟦CTRL:0⟧  うぐうぐうぐ…… ぷはーーっ／」	 / chino「ou waruina /  uguuguugu…… puhaaa／」	ちの「おう わるいな うぐうぐうぐ…… ぷはーーっ／」	{CTRL:0}Chino: Thanks.{CTRL:0}Glug, glug... ahhh!	⟦CTRL:0⟧ Chino: Thanks. ⟦CTRL:0⟧ Glug, glug... ahhh!	0,0	0,0	yes	hiragana:17; katakana:2; kanji:0; Latin:0; digits:0		Source suppresses normal kanji/katakana distinctions; restore only with context	ellipsis carries timing/hesitation tone	medium		
248	TT2	TT2/g2/r11	scenario	group 2 @ 0xB4A9; record 11	group-compressed	ちの「しきょうの くそったれ／」	ちの「しきょうの くそったれ／」	chino「shikyouno kusottare／」	ちの「しきょうの くそったれ／」	Chino: Damn that bishop!	Chino: Damn that bishop!			yes	hiragana:12; katakana:0; kanji:0; Latin:0; digits:0; phonetic hiragana orthography		Source suppresses normal kanji/katakana distinctions; restore only with context		medium		
249	TT2	TT2/g2/r12	scenario	group 2 @ 0xB4A9; record 12	group-compressed	したてやらしい	したてやらしい	shitateyarashii	したてやらしい	This is a tailor shop.	This is a tailor shop.			yes	hiragana:7; katakana:0; kanji:0; Latin:0; digits:0; phonetic hiragana orthography		Source suppresses normal kanji/katakana distinctions; restore only with context		medium		
250	TT2	TT2/g2/r13	scenario	group 2 @ 0xB4A9; record 13	group-compressed	かべに いろんなふくがかけられている	かべに いろんなふくがかけられている	kabeni ironnafukugakakerareteiru	かべに いろんなふくがかけられている	Clothes cover the walls.	Clothes cover the walls.			yes	hiragana:17; katakana:0; kanji:0; Latin:0; digits:0; phonetic hiragana orthography		Source suppresses normal kanji/katakana distinctions; restore only with context		medium		
251	TT2	TT2/g2/r14	scenario	group 2 @ 0xB4A9; record 14	group-compressed	がんこなしょくにん ってかんじだな	がんこなしょくにん ってかんじだな	gankonashokunin ttekanjidana	がんこなしょくにん ってかんじだな	He looks stubborn.	He looks stubborn.			yes	hiragana:16; katakana:0; kanji:0; Latin:0; digits:0; phonetic hiragana orthography		Source suppresses normal kanji/katakana distinctions; restore only with context		medium		
252	TT2	TT2/g2/r15	scenario	group 2 @ 0xB4A9; record 15	group-compressed	ごるどー「ぴえーるおめー しってるか！{CTRL:1} じょうまえやの ちのは じゃんぬに{CTRL:0} ひとめぼれしたって うわさだぜ」	ごるどー「ぴえーるおめー しってるか！ ⟦CTRL:1⟧  じょうまえやの ちのは じゃんぬに ⟦CTRL:0⟧  ひとめぼれしたって うわさだぜ」	gorudoo「pieeruomee shitteruka！ /  joumaeyano chinoha jannuni /  hitomeboreshitatte uwasadaze」	ごるどー「ぴえーるおめー しってるか！ じょうまえやの ちのは じゃんぬに ひとめぼれしたって うわさだぜ」	Gordo: Pierre, listen!{CTRL:1}Chino fell for Jeanne{CTRL:0}at first sight, they say	Gordo: Pierre, listen! ⟦CTRL:1⟧ Chino fell for Jeanne ⟦CTRL:0⟧ at first sight, they say	1,0	1,0	yes	hiragana:42; katakana:3; kanji:0; Latin:0; digits:0	だぜ: rough masculine emphasis	じゃんぬ → ジャンヌ (Jeanne)		medium		
253	TT2	TT2/g2/r16	scenario	group 2 @ 0xB4A9; record 16	group-compressed	{CTRL:0}ごるどー「いいかげんに さけやめろよなー」	⟦CTRL:0⟧ ごるどー「いいかげんに さけやめろよなー」	 / gorudoo「iikagenni sakeyameroyonaa」	ごるどー「いいかげんに さけやめろよなー」	{CTRL:0}Gordo: Enough drinking!	⟦CTRL:0⟧ Gordo: Enough drinking!	0	0	yes	hiragana:16; katakana:2; kanji:0; Latin:0; digits:0		Source suppresses normal kanji/katakana distinctions; restore only with context		medium		
254	TT2	TT2/g2/r17	scenario	group 2 @ 0xB4A9; record 17	group-compressed	ごるどー「ちのおめー しってるか！{CTRL:1} しきょうは ひあぶりにしたむすめを{CTRL:0} くってるって うわさだ」	ごるどー「ちのおめー しってるか！ ⟦CTRL:1⟧  しきょうは ひあぶりにしたむすめを ⟦CTRL:0⟧  くってるって うわさだ」	gorudoo「chinoomee shitteruka！ /  shikyouha hiaburinishitamusumeo /  kutterutte uwasada」	ごるどー「ちのおめー しってるか！ しきょうは ひあぶりにしたむすめを くってるって うわさだ」	Gordo: Chino, listen!{CTRL:1}They say the bishop eats{CTRL:0}girls he burns.	Gordo: Chino, listen! ⟦CTRL:1⟧ They say the bishop eats ⟦CTRL:0⟧ girls he burns.	1,0	1,0	yes	hiragana:38; katakana:2; kanji:0; Latin:0; digits:0		むすめ → 娘		low		
255	TT2	TT2/g2/r18	scenario	group 2 @ 0xB4A9; record 18	group-compressed	ごるどー「……ああ しゃっきんか{CTRL:1} もうすこしまってくれねーか！」	ごるどー「……ああ しゃっきんか ⟦CTRL:1⟧  もうすこしまってくれねーか！」	gorudoo「……aa shakkinka /  mousukoshimattekureneeka！」	ごるどー「……ああ しゃっきんか もうすこしまってくれねーか！」	Gordo: Ah... the debt.{CTRL:1}Wait a little longer?	Gordo: Ah... the debt. ⟦CTRL:1⟧ Wait a little longer?	1	1	yes	hiragana:23; katakana:2; kanji:0; Latin:0; digits:0		Source suppresses normal kanji/katakana distinctions; restore only with context	ellipsis carries timing/hesitation tone	medium		
256	TT2	TT2/g2/r19	scenario	group 2 @ 0xB4A9; record 19	group-compressed	ごるどー「わるいな ちの」	ごるどー「わるいな ちの」	gorudoo「waruina chino」	ごるどー「わるいな ちの」	Gordo: Sorry, Chino.	Gordo: Sorry, Chino.			yes	hiragana:9; katakana:1; kanji:0; Latin:0; digits:0		Source suppresses normal kanji/katakana distinctions; restore only with context		medium		
257	TT2	TT2/g2/r20	scenario	group 2 @ 0xB4A9; record 20	group-compressed	ごるどー「ちぇ しょうがねえ…… かねのかわりに{CTRL:0} この しゅうどうふくを やるよ」	ごるどー「ちぇ しょうがねえ…… かねのかわりに ⟦CTRL:0⟧  この しゅうどうふくを やるよ」	gorudoo「chie shouganee…… kanenokawarini /  kono shuudoufukuo yaruyo」	ごるどー「ちぇ しょうがねえ…… かねのかわりに この しゅうどうふくを やるよ」	Gordo: Fine... instead,{CTRL:0}take this monk's robe.	Gordo: Fine... instead, ⟦CTRL:0⟧ take this monk's robe.	0	0	yes	hiragana:31; katakana:1; kanji:0; Latin:0; digits:0		Source suppresses normal kanji/katakana distinctions; restore only with context	ellipsis carries timing/hesitation tone	medium		
258	TT2	TT2/g2/r21	scenario	group 2 @ 0xB4A9; record 21	group-compressed	しゅうどうふくを てにいれた	しゅうどうふくを てにいれた	shuudoufukuo teniireta	しゅうどうふくを てにいれた	Obtained a monk's robe.	Obtained a monk's robe.			yes	hiragana:13; katakana:0; kanji:0; Latin:0; digits:0; phonetic hiragana orthography		Source suppresses normal kanji/katakana distinctions; restore only with context		medium		
259	TT2	TT2/g2/r22	scenario	group 2 @ 0xB4A9; record 22	group-compressed	ごるどー「なにしやがる／」	ごるどー「なにしやがる／」	gorudoo「nanishiyagaru／」	ごるどー「なにしやがる／」	Gordo: What the hell?!	Gordo: What the hell?!			yes	hiragana:9; katakana:1; kanji:0; Latin:0; digits:0		Source suppresses normal kanji/katakana distinctions; restore only with context		medium		
260	TT2	TT2/g2/r23	scenario	group 2 @ 0xB4A9; record 23	group-compressed	ごるどー「さっき くれてやったじゃねえか」	ごるどー「さっき くれてやったじゃねえか」	gorudoo「sakki kureteyattajaneeka」	ごるどー「さっき くれてやったじゃねえか」	Gordo: I gave you one!	Gordo: I gave you one!			yes	hiragana:17; katakana:1; kanji:0; Latin:0; digits:0	じゃ: old-person/western-style copula; context decides voice versus region	Source suppresses normal kanji/katakana distinctions; restore only with context		medium		
261	TT2	TT2/g2/r24	scenario	group 2 @ 0xB4A9; record 24	group-compressed	ごるどー「なんだ！」	ごるどー「なんだ！」	gorudoo「nanda！」	ごるどー「なんだ！」	Gordo: What?!	Gordo: What?!			yes	hiragana:6; katakana:1; kanji:0; Latin:0; digits:0		Source suppresses normal kanji/katakana distinctions; restore only with context		medium		
262	TT2	TT2/g2/r25	scenario	group 2 @ 0xB4A9; record 25	group-compressed	ごるどー「おらあ のめねえんだ」	ごるどー「おらあ のめねえんだ」	gorudoo「oraa nomeneenda」	ごるどー「おらあ のめねえんだ」	Gordo: I can't drink.	Gordo: I can't drink.			yes	hiragana:12; katakana:1; kanji:0; Latin:0; digits:0		Source suppresses normal kanji/katakana distinctions; restore only with context		medium		
263	TT2	TT2/g2/r26	scenario	group 2 @ 0xB4A9; record 26	group-compressed	ごるどー「このままじゃ よめが{CTRL:0} もらえなくなるなあ……」	ごるどー「このままじゃ よめが ⟦CTRL:0⟧  もらえなくなるなあ……」	gorudoo「konomamaja yomega /  moraenakunarunaa……」	ごるどー「このままじゃ よめが もらえなくなるなあ……」	Gordo: At this rate,{CTRL:0}I may never find a wife.	Gordo: At this rate, ⟦CTRL:0⟧ I may never find a wife.	0	0	yes	hiragana:21; katakana:1; kanji:0; Latin:0; digits:0	じゃ: old-person/western-style copula; context decides voice versus region	Source suppresses normal kanji/katakana distinctions; restore only with context	ellipsis carries timing/hesitation tone	medium		
264	TT2	TT2/g2/r27	scenario	group 2 @ 0xB4A9; record 27	group-compressed	いざかやみたいだ	いざかやみたいだ	izakayamitaida	いざかやみたいだ	It looks like a tavern.	It looks like a tavern.			yes	hiragana:8; katakana:0; kanji:0; Latin:0; digits:0; phonetic hiragana orthography		Source suppresses normal kanji/katakana distinctions; restore only with context		medium		
265	TT2	TT2/g2/r28	scenario	group 2 @ 0xB4A9; record 28	group-compressed	ちの「ば ばかいってんじゃねえ／{CTRL:0} そんなこと できるわけれーだろ／」{CTRL:2}ぴえーる「ちっ だらしねえやろうらなー{CTRL:0} てめーそれでも おとこか ひっく／」	ちの「ば ばかいってんじゃねえ／ ⟦CTRL:0⟧  そんなこと できるわけれーだろ／」 ⟦CTRL:2⟧ ぴえーる「ちっ だらしねえやろうらなー ⟦CTRL:0⟧  てめーそれでも おとこか ひっく／」	chino「ba bakaittenjanee／ /  sonnakoto dekiruwakereedaro／」 / pieeru「chi ddarashineeyarouranaa /  temeesoredemo otokoka hikku／」	ちの「ば ばかいってんじゃねえ／ そんなこと できるわけれーだろ／」ぴえーる「ちっ だらしねえやろうらなー てめーそれでも おとこか ひっく／」	Chino: D-don't be dumb!{CTRL:0}I could never do it!{CTRL:2}Pierre: Tch! You coward!{CTRL:0}Some man you are! Hic!	Chino: D-don't be dumb! ⟦CTRL:0⟧ I could never do it! ⟦CTRL:2⟧ Pierre: Tch! You coward! ⟦CTRL:0⟧ Some man you are! Hic!	0,2,0	0,2,0	yes	hiragana:54; katakana:4; kanji:0; Latin:0; digits:0	じゃ: old-person/western-style copula; context decides voice versus region	おとこ → 男		medium		
266	TT2	TT2/g2/r29	scenario	group 2 @ 0xB4A9; record 29	group-compressed	いろんなさけが ならんでいる	いろんなさけが ならんでいる	ironnasakega narandeiru	いろんなさけが ならんでいる	Drinks line the bar.	Drinks line the bar.			yes	hiragana:13; katakana:0; kanji:0; Latin:0; digits:0; phonetic hiragana orthography		Source suppresses normal kanji/katakana distinctions; restore only with context		medium		
267	TT2	TT2/g2/r30	scenario	group 2 @ 0xB4A9; record 30	group-compressed	なみだとはなみずで かおがぐしゃぐしゃだ	なみだとはなみずで かおがぐしゃぐしゃだ	namidatohanamizude kaogagushagushada	なみだとはなみずで かおがぐしゃぐしゃだ	Tears and snot all over.	Tears and snot all over.			yes	hiragana:19; katakana:0; kanji:0; Latin:0; digits:0; phonetic hiragana orthography		Source suppresses normal kanji/katakana distinctions; restore only with context		medium		
268	TT2	TT2/g2/r31	scenario	group 2 @ 0xB4A9; record 31	group-compressed	ぐいぐいと さけをあおっている	ぐいぐいと さけをあおっている	guiguito sakeoaotteiru	ぐいぐいと さけをあおっている	He gulps down liquor.	He gulps down liquor.			yes	hiragana:14; katakana:0; kanji:0; Latin:0; digits:0; phonetic hiragana orthography		Source suppresses normal kanji/katakana distinctions; restore only with context		medium		
269	TT2	TT2/g3/r0	scenario	group 3 @ 0xB6EE; record 0	group-compressed	そうとう よっぱらっている	そうとう よっぱらっている	soutou yopparatteiru	そうとう よっぱらっている	He is extremely drunk.	He is extremely drunk.			yes	hiragana:12; katakana:0; kanji:0; Latin:0; digits:0; phonetic hiragana orthography		Source suppresses normal kanji/katakana distinctions; restore only with context		medium		
270	TT2	TT2/g3/r1	scenario	group 3 @ 0xB6EE; record 1	group-compressed	ぴえーる「ばっかやろーめ ひっく／{CTRL:0} てめーこれほどたのんでも ことわるってか／」	ぴえーる「ばっかやろーめ ひっく／ ⟦CTRL:0⟧  てめーこれほどたのんでも ことわるってか／」	pieeru「bakkayaroome hikku／ /  temeekorehodotanondemo kotowarutteka／」	ぴえーる「ばっかやろーめ ひっく／ てめーこれほどたのんでも ことわるってか／」	Pierre: You fool! Hic!{CTRL:0}Still refusing us?!	Pierre: You fool! Hic! ⟦CTRL:0⟧ Still refusing us?!	0	0	yes	hiragana:30; katakana:3; kanji:0; Latin:0; digits:0		Source suppresses normal kanji/katakana distinctions; restore only with context		medium		
271	TT2	TT2/g3/r2	scenario	group 3 @ 0xB6EE; record 2	group-compressed	もう べろんべろんだ	もう べろんべろんだ	mou beronberonda	もう べろんべろんだ	He is dead drunk.	He is dead drunk.			yes	hiragana:9; katakana:0; kanji:0; Latin:0; digits:0; phonetic hiragana orthography		Source suppresses normal kanji/katakana distinctions; restore only with context		medium		
272	TT2	TT2/g3/r3	scenario	group 3 @ 0xB6EE; record 3	group-compressed	ぴえーる「ちきしょー／ おれたちゃ{CTRL:0} むすめっこひとり たすけられねーのかよー／{CTRL:0} ぐおーーっ／」{CTRL:6}ちの「こ こらおちつけ ぴえーる／」{CTRL:4}ぴえーる「るせーーっ／」{CTRL:3}ぼっこ／	ぴえーる「ちきしょー／ おれたちゃ ⟦CTRL:0⟧  むすめっこひとり たすけられねーのかよー／ ⟦CTRL:0⟧  ぐおーーっ／」 ⟦CTRL:6⟧ ちの「こ こらおちつけ ぴえーる／」 ⟦CTRL:4⟧ ぴえーる「るせーーっ／」 ⟦CTRL:3⟧ ぼっこ／	pieeru「chikishoo／ oretacha /  musumekkohitori tasukerareneenokayoo／ /  guooo／」 / tchino「ko koraochitsuke pieeru／」 / pieeru「ruseee／」 / bbokko／	ぴえーる「ちきしょー／ おれたちゃ むすめっこひとり たすけられねーのかよー／ ぐおーーっ／」ちの「こ こらおちつけ ぴえーる／」ぴえーる「るせーーっ／」ぼっこ／	Pierre: Damn! We cannot{CTRL:0}save one girl?!{CTRL:0}Raaagh!{CTRL:6}Chino: H-hey! Calm down!{CTRL:4}Pierre: Shut up!{CTRL:3}Wham!	Pierre: Damn! We cannot ⟦CTRL:0⟧ save one girl?! ⟦CTRL:0⟧ Raaagh! ⟦CTRL:6⟧ Chino: H-hey! Calm down! ⟦CTRL:4⟧ Pierre: Shut up! ⟦CTRL:3⟧ Wham!	0,0,6,4,3	0,0,6,4,3	yes	hiragana:53; katakana:10; kanji:0; Latin:0; digits:0	おれ: plain-to-rough masculine first person	むすめ → 娘		medium		
273	TT2	TT2/g3/r4	scenario	group 3 @ 0xB6EE; record 4	group-compressed	ちの「うーーん……」	ちの「うーーん……」	chino「uuun……」	ちの「うーーん……」	Chino: Ugh...	Chino: Ugh...			yes	hiragana:4; katakana:2; kanji:0; Latin:0; digits:0		Source suppresses normal kanji/katakana distinctions; restore only with context	ellipsis carries timing/hesitation tone	medium		
274	TT2	TT2/g3/r5	scenario	group 3 @ 0xB6EE; record 5	group-compressed	くだを まいている{CTRL:0}ぴえーる「うっせーばろーちくしょー／」	くだを まいている ⟦CTRL:0⟧ ぴえーる「うっせーばろーちくしょー／」	kudao maiteiru / pieeru「usseebaroochikushoo／」	くだを まいているぴえーる「うっせーばろーちくしょー／」	He is ranting.{CTRL:0}Pierre: Shut it, dammit!	He is ranting. ⟦CTRL:0⟧ Pierre: Shut it, dammit!	0	0	yes	hiragana:20; katakana:4; kanji:0; Latin:0; digits:0		Source suppresses normal kanji/katakana distinctions; restore only with context		medium		
275	TT2	TT2/g3/r6	scenario	group 3 @ 0xB6EE; record 6	group-compressed	へらへら わらっている{CTRL:0}ぴえーる「あーよいよい」	へらへら わらっている ⟦CTRL:0⟧ ぴえーる「あーよいよい」	herahera waratteiru / pieeru「aayoiyoi」	へらへら わらっているぴえーる「あーよいよい」	He grins foolishly.{CTRL:0}Pierre: Tra-la-la!	He grins foolishly. ⟦CTRL:0⟧ Pierre: Tra-la-la!	0	0	yes	hiragana:18; katakana:2; kanji:0; Latin:0; digits:0		Source suppresses normal kanji/katakana distinctions; restore only with context		medium		
276	TT2	TT2/g3/r7	scenario	group 3 @ 0xB6EE; record 7	group-compressed	しきりに ためいきをついている	しきりに ためいきをついている	shikirini tameikiotsuiteiru	しきりに ためいきをついている	He keeps sighing.	He keeps sighing.			yes	hiragana:14; katakana:0; kanji:0; Latin:0; digits:0; phonetic hiragana orthography		Source suppresses normal kanji/katakana distinctions; restore only with context		medium		
277	TT2	TT2/g3/r8	scenario	group 3 @ 0xB6EE; record 8	group-compressed	きをうしなっている	きをうしなっている	kioushinatteiru	きをうしなっている	He is unconscious.	He is unconscious.			yes	hiragana:9; katakana:0; kanji:0; Latin:0; digits:0; phonetic hiragana orthography		Source suppresses normal kanji/katakana distinctions; restore only with context		medium		
278	TT2	TT2/g3/r9	scenario	group 3 @ 0xB6EE; record 9	group-compressed	るごー「おお ちの／」	るごー「おお ちの／」	rugoo「oo chino／」	るごー「おお ちの／」	Lugot: Chino!	Lugot: Chino!			yes	hiragana:6; katakana:1; kanji:0; Latin:0; digits:0		Source suppresses normal kanji/katakana distinctions; restore only with context		medium		
279	TT2	TT2/g3/r10	scenario	group 3 @ 0xB6EE; record 10	group-compressed	るごー「まごのじゃんぬは{CTRL:0} とても きだてのいいこなんじゃ{CTRL:2} まじょだなんて とんでもないはなしじゃよ」	るごー「まごのじゃんぬは ⟦CTRL:0⟧  とても きだてのいいこなんじゃ ⟦CTRL:2⟧  まじょだなんて とんでもないはなしじゃよ」	rugoo「magonojannuha /  totemo kidatenoiikonanja /  majodanante tondemonaihanashijayo」	るごー「まごのじゃんぬは とても きだてのいいこなんじゃ まじょだなんて とんでもないはなしじゃよ」	Lugot: My granddaughter{CTRL:0}Jeanne is a kind girl.{CTRL:2}She is no witch!	Lugot: My granddaughter ⟦CTRL:0⟧ Jeanne is a kind girl. ⟦CTRL:2⟧ She is no witch!	0,2	0,2	yes	hiragana:43; katakana:1; kanji:0; Latin:0; digits:0	じゃ: old-person/western-style copula; context decides voice versus region	じゃんぬ → ジャンヌ (Jeanne) | はなし → 話		medium		
280	TT2	TT2/g3/r11	scenario	group 3 @ 0xB6EE; record 11	group-compressed	{CTRL:0}るごー「おお じゃんぬ……」	⟦CTRL:0⟧ るごー「おお じゃんぬ……」	 / rugoo「oo jannu……」	るごー「おお じゃんぬ……」	{CTRL:0}Lugot: Oh, Jeanne...	⟦CTRL:0⟧ Lugot: Oh, Jeanne...	0	0	yes	hiragana:8; katakana:1; kanji:0; Latin:0; digits:0	ぬ: literary/archaic negative	じゃんぬ → ジャンヌ (Jeanne)	ellipsis carries timing/hesitation tone	medium		
281	TT2	TT2/g3/r12	scenario	group 3 @ 0xB6EE; record 12	group-compressed	るごー「わしゃ ごらんのとおりのとしよりじゃ{CTRL:1} どうか わしのかわりに{CTRL:0} じゃんぬを たすけだしてくれないか！」	るごー「わしゃ ごらんのとおりのとしよりじゃ ⟦CTRL:1⟧  どうか わしのかわりに ⟦CTRL:0⟧  じゃんぬを たすけだしてくれないか！」	rugoo「washa gorannotoorinotoshiyorija /  douka washinokawarini /  jannuo tasukedashitekurenaika！」	るごー「わしゃ ごらんのとおりのとしよりじゃ どうか わしのかわりに じゃんぬを たすけだしてくれないか！」	Lugot: I am an old man.{CTRL:1}Please, in my place,{CTRL:0}save Jeanne for me!	Lugot: I am an old man. ⟦CTRL:1⟧ Please, in my place, ⟦CTRL:0⟧ save Jeanne for me!	1,0	1,0	yes	hiragana:45; katakana:1; kanji:0; Latin:0; digits:0	わし: elderly or authoritative masculine first person; character voice, not necessarily regional | じゃ: old-person/western-style copula; context decides voice versus region	じゃんぬ → ジャンヌ (Jeanne)		medium		
282	TT2	TT2/g3/r13	scenario	group 3 @ 0xB6EE; record 13	group-compressed	るごー「ありがとう／ ちの」{CTRL:0}ぴえーる「よーし／ それでこそおれの しんゆうだ{CTRL:2} よくいった／」	るごー「ありがとう／ ちの」 ⟦CTRL:0⟧ ぴえーる「よーし／ それでこそおれの しんゆうだ ⟦CTRL:2⟧  よくいった／」	rugoo「arigatou／ chino」 / pieeru「yooshi／ soredekosooreno shinyuuda /  yokuitta／」	るごー「ありがとう／ ちの」ぴえーる「よーし／ それでこそおれの しんゆうだ よくいった／」	Lugot: Thank you, Chino!{CTRL:0}Pierre: My best friend!{CTRL:2}Well said!	Lugot: Thank you, Chino! ⟦CTRL:0⟧ Pierre: My best friend! ⟦CTRL:2⟧ Well said!	0,2	0,2	yes	hiragana:32; katakana:3; kanji:0; Latin:0; digits:0	おれ: plain-to-rough masculine first person	Source suppresses normal kanji/katakana distinctions; restore only with context		medium		
283	TT2	TT2/g3/r14	scenario	group 3 @ 0xB6EE; record 14	group-compressed	るごー「きょうかいの かんけいしゃなら{CTRL:0} けいむしょへ じゆうにでいりできるんじゃが…」{CTRL:2}ぴえーる「ごるどーんとこ いきゃあ{CTRL:0} しゅうどうふくが あるぜ」	るごー「きょうかいの かんけいしゃなら ⟦CTRL:0⟧  けいむしょへ じゆうにでいりできるんじゃが…」 ⟦CTRL:2⟧ ぴえーる「ごるどーんとこ いきゃあ ⟦CTRL:0⟧  しゅうどうふくが あるぜ」	rugoo「kyoukaino kankeishanara /  keimushohe jiyuunideiridekirunjaga…」 / pieeru「gorudoontoko ikyaa /  shuudoufukuga aruze」	るごー「きょうかいの かんけいしゃなら けいむしょへ じゆうにでいりできるんじゃが…」ぴえーる「ごるどーんとこ いきゃあ しゅうどうふくが あるぜ」	Lugot: Church staff{CTRL:0}may come and go freely.{CTRL:2}Pierre: Go to Gordo's.{CTRL:0}He's got a monk's robe.	Lugot: Church staff ⟦CTRL:0⟧ may come and go freely. ⟦CTRL:2⟧ Pierre: Go to Gordo's. ⟦CTRL:0⟧ He's got a monk's robe.	0,2,0	0,2,0	yes	hiragana:60; katakana:3; kanji:0; Latin:0; digits:0	じゃ: old-person/western-style copula; context decides voice versus region | ぜ: rough masculine sentence-final emphasis	きょうかい → 教会 | じゆう → 自由	ellipsis carries timing/hesitation tone	medium		
284	TT2	TT2/g3/r15	scenario	group 3 @ 0xB6EE; record 15	group-compressed	るごー「じゃんぬは しんじんぶかいむすめでな{CTRL:0} いちにちたりとも おいのりをかかしたことは{CTRL:0} ないんじゃ」	るごー「じゃんぬは しんじんぶかいむすめでな ⟦CTRL:0⟧  いちにちたりとも おいのりをかかしたことは ⟦CTRL:0⟧  ないんじゃ」	rugoo「jannuha shinjinbukaimusumedena /  ichinichitaritomo oinoriokakashitakotoha /  nainja」	るごー「じゃんぬは しんじんぶかいむすめでな いちにちたりとも おいのりをかかしたことは ないんじゃ」	Lugot: Jeanne is devout.{CTRL:0}She never misses{CTRL:0}her daily prayers.	Lugot: Jeanne is devout. ⟦CTRL:0⟧ She never misses ⟦CTRL:0⟧ her daily prayers.	0,0	0,0	yes	hiragana:44; katakana:1; kanji:0; Latin:0; digits:0	じゃ: old-person/western-style copula; context decides voice versus region	じゃんぬ → ジャンヌ (Jeanne) | むすめ → 娘		medium		
285	TT2	TT2/g3/r16	scenario	group 3 @ 0xB6EE; record 16	group-compressed	ぴえーる「ひっく／ おめーこれほどたのんでも{CTRL:0} ことわるってか このひとでなし／{CTRL:0} じいさんのきもちが わからねえか／」	ぴえーる「ひっく／ おめーこれほどたのんでも ⟦CTRL:0⟧  ことわるってか このひとでなし／ ⟦CTRL:0⟧  じいさんのきもちが わからねえか／」	pieeru「hikku／ omeekorehodotanondemo /  kotowarutteka konohitodenashi／ /  jiisannokimochiga wakaraneeka／」	ぴえーる「ひっく／ おめーこれほどたのんでも ことわるってか このひとでなし／ じいさんのきもちが わからねえか／」	Pierre: Hic! Heartless!{CTRL:0}Still refusing us?!{CTRL:0}Think of the old man!	Pierre: Hic! Heartless! ⟦CTRL:0⟧ Still refusing us?! ⟦CTRL:0⟧ Think of the old man!	0,0	0,0	yes	hiragana:46; katakana:2; kanji:0; Latin:0; digits:0	さん: -san: ordinary respectful address	Source suppresses normal kanji/katakana distinctions; restore only with context		medium		
286	TT2	TT2/g3/r17	scenario	group 3 @ 0xB6EE; record 17	group-compressed	ぴえーる「めでたい めでたい あーめでたい」	ぴえーる「めでたい めでたい あーめでたい」	pieeru「medetai medetai aamedetai」	ぴえーる「めでたい めでたい あーめでたい」	Pierre: Hooray! Hooray!	Pierre: Hooray! Hooray!			yes	hiragana:16; katakana:2; kanji:0; Latin:0; digits:0		Source suppresses normal kanji/katakana distinctions; restore only with context		medium		
287	TT2	TT2/g3/r18	scenario	group 3 @ 0xB6EE; record 18	group-compressed	ぴえーる「けっこーにあうじゃねえか ちの」	ぴえーる「けっこーにあうじゃねえか ちの」	pieeru「kekkooniaujaneeka chino」	ぴえーる「けっこーにあうじゃねえか ちの」	Pierre: Suits you, Chino	Pierre: Suits you, Chino			yes	hiragana:16; katakana:2; kanji:0; Latin:0; digits:0	じゃ: old-person/western-style copula; context decides voice versus region	Source suppresses normal kanji/katakana distinctions; restore only with context		medium		
288	TT2	TT2/g3/r19	scenario	group 3 @ 0xB6EE; record 19	group-compressed	るごー「きょうはもう へいてんじゃ」	るごー「きょうはもう へいてんじゃ」	rugoo「kyouhamou heitenja」	るごー「きょうはもう へいてんじゃ」	Lugot: We are closed.	Lugot: We are closed.			yes	hiragana:14; katakana:1; kanji:0; Latin:0; digits:0	じゃ: old-person/western-style copula; context decides voice versus region	Source suppresses normal kanji/katakana distinctions; restore only with context		medium		
289	TT2	TT2/g3/r20	scenario	group 3 @ 0xB6EE; record 20	group-compressed	るごー「おまえは やめとけ」{CTRL:0}ぴえーる「そうそう」	るごー「おまえは やめとけ」 ⟦CTRL:0⟧ ぴえーる「そうそう」	rugoo「omaeha yametoke」 / pieeru「sousou」	るごー「おまえは やめとけ」ぴえーる「そうそう」	Lugot: You'd better not.{CTRL:0}Pierre: Right.	Lugot: You'd better not. ⟦CTRL:0⟧ Pierre: Right.	0	0	yes	hiragana:17; katakana:2; kanji:0; Latin:0; digits:0	おまえ: familiar or rough second person; relationship and tone matter	Source suppresses normal kanji/katakana distinctions; restore only with context		medium		
290	TT2	TT2/g3/r21	scenario	group 3 @ 0xB6EE; record 21	group-compressed	{CTRL:0}るごー「さけなんぞ うるほどあるわい」	⟦CTRL:0⟧ るごー「さけなんぞ うるほどあるわい」	 / rugoo「sakenanzo uruhodoaruwai」	るごー「さけなんぞ うるほどあるわい」	{CTRL:0}Lugot: Wine? Got plenty.	⟦CTRL:0⟧ Lugot: Wine? Got plenty.	0	0	yes	hiragana:15; katakana:1; kanji:0; Latin:0; digits:0		Source suppresses normal kanji/katakana distinctions; restore only with context		medium		
291	TT2	TT2/g3/r22	scenario	group 3 @ 0xB6EE; record 22	group-compressed	るごー「なんじゃ！」	るごー「なんじゃ！」	rugoo「nanja！」	るごー「なんじゃ！」	Lugot: What?!	Lugot: What?!			yes	hiragana:6; katakana:1; kanji:0; Latin:0; digits:0	じゃ: old-person/western-style copula; context decides voice versus region	Source suppresses normal kanji/katakana distinctions; restore only with context		medium		
292	TT2	TT2/g3/r23	scenario	group 3 @ 0xB6EE; record 23	group-compressed	ぴえーる「なんとかして じゃんぬを{CTRL:0} たすけるんらよ このいくじなし／」{CTRL:2}ちの「そーゆーおまえは どうなんだよー」{CTRL:6}ぴえーる「ばかやろー／ おれに そんなどきょうが{CTRL:4} あるわけねえらろ／」	ぴえーる「なんとかして じゃんぬを ⟦CTRL:0⟧  たすけるんらよ このいくじなし／」 ⟦CTRL:2⟧ ちの「そーゆーおまえは どうなんだよー」 ⟦CTRL:6⟧ ぴえーる「ばかやろー／ おれに そんなどきょうが ⟦CTRL:4⟧  あるわけねえらろ／」	pieeru「nantokashite jannuo /  tasukerunrayo konoikujinashi／」 / chino「sooyuuomaeha dounandayoo」 / pieeru「bakayaroo／ oreni sonnadokyouga /  aruwakeneeraro／」	ぴえーる「なんとかして じゃんぬを たすけるんらよ このいくじなし／」ちの「そーゆーおまえは どうなんだよー」ぴえーる「ばかやろー／ おれに そんなどきょうが あるわけねえらろ／」	Pierre: Save Jeanne,{CTRL:0}coward!{CTRL:2}Chino: What about you?{CTRL:6}Pierre: I have no nerve!{CTRL:4}No courage at all!	Pierre: Save Jeanne, ⟦CTRL:0⟧ coward! ⟦CTRL:2⟧ Chino: What about you? ⟦CTRL:6⟧ Pierre: I have no nerve! ⟦CTRL:4⟧ No courage at all!	0,2,6,4	0,2,6,4	yes	hiragana:68; katakana:6; kanji:0; Latin:0; digits:0	おれ: plain-to-rough masculine first person | おまえ: familiar or rough second person; relationship and tone matter	じゃんぬ → ジャンヌ (Jeanne) | たすける → 助ける		medium		
293	TT2	TT2/g3/r24	scenario	group 3 @ 0xB6EE; record 24	group-compressed	ぴえーる「おめー じょうまえやだろー！{CTRL:0} ろうやのかぎなんざ ちょいちょい…って{CTRL:0} はずしちまえば かんたんだろーが ひっく／」{CTRL:6}ちの「むちゃくちゃ ゆうなよ」{CTRL:3}るごー「ああ かわいそうなじゃんぬ……」	ぴえーる「おめー じょうまえやだろー！ ⟦CTRL:0⟧  ろうやのかぎなんざ ちょいちょい…って ⟦CTRL:0⟧  はずしちまえば かんたんだろーが ひっく／」 ⟦CTRL:6⟧ ちの「むちゃくちゃ ゆうなよ」 ⟦CTRL:3⟧ るごー「ああ かわいそうなじゃんぬ……」	pieeru「omee joumaeyadaroo！ /  rouyanokaginanza choichoi…tte /  hazushichimaeba kantandarooga hikku／」 / chino「muchakucha yuunayo」 / rugoo「aa kawaisounajannu……」	ぴえーる「おめー じょうまえやだろー！ ろうやのかぎなんざ ちょいちょい…って はずしちまえば かんたんだろーが ひっく／」ちの「むちゃくちゃ ゆうなよ」るごー「ああ かわいそうなじゃんぬ……」	Pierre: You pick locks!{CTRL:0}A cell lock? Easy...{CTRL:0}Just pop it open! Hic!{CTRL:6}Chino: Don't be nuts.{CTRL:3}Lugot: Poor Jeanne...	Pierre: You pick locks! ⟦CTRL:0⟧ A cell lock? Easy... ⟦CTRL:0⟧ Just pop it open! Hic! ⟦CTRL:6⟧ Chino: Don't be nuts. ⟦CTRL:3⟧ Lugot: Poor Jeanne...	0,0,6,3	0,0,6,3	yes	hiragana:73; katakana:5; kanji:0; Latin:0; digits:0	ぬ: literary/archaic negative	じゃんぬ → ジャンヌ (Jeanne)	ellipsis carries timing/hesitation tone	medium		
294	TT2	TT2/g3/r25	scenario	group 3 @ 0xB6EE; record 25	group-compressed	るごー「おきてくれ ちの{CTRL:0} おまえだけが たよりなんじゃ」{CTRL:0}ぴえーる「どうせおれなんか だめですよーだ／」	るごー「おきてくれ ちの ⟦CTRL:0⟧  おまえだけが たよりなんじゃ」 ⟦CTRL:0⟧ ぴえーる「どうせおれなんか だめですよーだ／」	rugoo「okitekure chino /  omaedakega tayorinanja」 / pieeru「douseorenanka damedesuyooda／」	るごー「おきてくれ ちの おまえだけが たよりなんじゃ」ぴえーる「どうせおれなんか だめですよーだ／」	Lugot: Wake up, Chino.{CTRL:0}Only you can help.{CTRL:0}Pierre: Me? I'm no good!	Lugot: Wake up, Chino. ⟦CTRL:0⟧ Only you can help. ⟦CTRL:0⟧ Pierre: Me? I'm no good!	0,0	0,0	yes	hiragana:39; katakana:3; kanji:0; Latin:0; digits:0	おれ: plain-to-rough masculine first person | おまえ: familiar or rough second person; relationship and tone matter | じゃ: old-person/western-style copula; context decides voice versus region	Source suppresses normal kanji/katakana distinctions; restore only with context		high		
295	TT2	TT2/g3/r26	scenario	group 3 @ 0xB6EE; record 26	group-compressed	るごー「おねがいですじゃ わしのまごむすめを{CTRL:0} たすけてやってくだされ／{CTRL:2} じゃんぬは まだ16になったばかりなんじゃ」{CTRL:6}やくにん「さいばんがおわるまで まて」	るごー「おねがいですじゃ わしのまごむすめを ⟦CTRL:0⟧  たすけてやってくだされ／ ⟦CTRL:2⟧  じゃんぬは まだ16になったばかりなんじゃ」 ⟦CTRL:6⟧ やくにん「さいばんがおわるまで まて」	rugoo「onegaidesuja washinomagomusumeo /  tasuketeyattekudasare／ /  jannuha mada16ninattabakarinanja」 / yakunin「saibangaowarumade mate」	るごー「おねがいですじゃ わしのまごむすめを たすけてやってくだされ／ じゃんぬは まだ16になったばかりなんじゃ」やくにん「さいばんがおわるまで まて」	Lugot: Please, save my{CTRL:0}granddaughter! Please!{CTRL:2}She just turned sixteen.{CTRL:6}Guard: Await the trial.	Lugot: Please, save my ⟦CTRL:0⟧ granddaughter! Please! ⟦CTRL:2⟧ She just turned sixteen. ⟦CTRL:6⟧ Guard: Await the trial.	0,2,6	0,2,6	yes	hiragana:64; katakana:1; kanji:0; Latin:0; digits:2	わし: elderly or authoritative masculine first person; character voice, not necessarily regional | くだされ: archaic request form | じゃ: old-person/western-style copula; context decides voice versus region	じゃんぬ → ジャンヌ (Jeanne) | むすめ → 娘	source numerals ['16']; verify dates/counts and Japanese ordering	medium		
296	TT2	TT2/g3/r27	scenario	group 3 @ 0xB6EE; record 27	group-compressed	くちを まいちもんじにむすんでいる	くちを まいちもんじにむすんでいる	kuchio maichimonjinimusundeiru	くちを まいちもんじにむすんでいる	His lips are shut tight.	His lips are shut tight.			yes	hiragana:16; katakana:0; kanji:0; Latin:0; digits:0; phonetic hiragana orthography		Source suppresses normal kanji/katakana distinctions; restore only with context		medium		
297	TT2	TT2/g3/r28	scenario	group 3 @ 0xB6EE; record 28	group-compressed	めを まっかになきはらしている	めを まっかになきはらしている	meo makkaninakiharashiteiru	めを まっかになきはらしている	His eyes are red, puffy.	His eyes are red, puffy.			yes	hiragana:14; katakana:0; kanji:0; Latin:0; digits:0; phonetic hiragana orthography		Source suppresses normal kanji/katakana distinctions; restore only with context		medium		
298	TT2	TT2/g3/r29	scenario	group 3 @ 0xB6EE; record 29	group-compressed	きのどくそうに のぞきこんでいる	きのどくそうに のぞきこんでいる	kinodokusouni nozokikondeiru	きのどくそうに のぞきこんでいる	He watches with pity.	He watches with pity.			yes	hiragana:15; katakana:0; kanji:0; Latin:0; digits:0; phonetic hiragana orthography		Source suppresses normal kanji/katakana distinctions; restore only with context		medium		
299	TT2	TT2/g3/r30	scenario	group 3 @ 0xB6EE; record 30	group-compressed	いしで できている	いしで できている	ishide dekiteiru	いしで できている	It is made of stone.	It is made of stone.			yes	hiragana:8; katakana:0; kanji:0; Latin:0; digits:0; phonetic hiragana orthography		Source suppresses normal kanji/katakana distinctions; restore only with context		medium		
300	TT2	TT2/g3/r31	scenario	group 3 @ 0xB6EE; record 31	group-compressed	やくにん「からだに きずをもつおんなは{CTRL:0} まじょのうたがいがある…… と{CTRL:0} きょうかいから おふれがあったのだ」	やくにん「からだに きずをもつおんなは ⟦CTRL:0⟧  まじょのうたがいがある…… と ⟦CTRL:0⟧  きょうかいから おふれがあったのだ」	yakunin「karadani kizuomotsuonnaha /  majonoutagaigaaru…… to /  kyoukaikara ofuregaattanoda」	やくにん「からだに きずをもつおんなは まじょのうたがいがある…… と きょうかいから おふれがあったのだ」	Guard: Scarred women{CTRL:0}may be witches.{CTRL:0}Church gave the order.	Guard: Scarred women ⟦CTRL:0⟧ may be witches. ⟦CTRL:0⟧ Church gave the order.	0,0	0,0	yes	hiragana:45; katakana:0; kanji:0; Latin:0; digits:0; phonetic hiragana orthography		きょうかい → 教会 | からだ → 体 | おんな → 女	ellipsis carries timing/hesitation tone	low		
301	TT2	TT2/g4/r0	scenario	group 4 @ 0xBA7F; record 0	group-compressed	やくにん「しきょうは いったいなにを{CTRL:0} かんがえているのか……」	やくにん「しきょうは いったいなにを ⟦CTRL:0⟧  かんがえているのか……」	yakunin「shikyouha ittainanio /  kangaeteirunoka……」	やくにん「しきょうは いったいなにを かんがえているのか……」	Guard: The bishop...{CTRL:0}what is he thinking?	Guard: The bishop... ⟦CTRL:0⟧ what is he thinking?	0	0	yes	hiragana:25; katakana:0; kanji:0; Latin:0; digits:0; phonetic hiragana orthography		Source suppresses normal kanji/katakana distinctions; restore only with context	ellipsis carries timing/hesitation tone	medium		
302	TT2	TT2/g4/r1	scenario	group 4 @ 0xBA7F; record 1	group-compressed	やくにん「ひあぶりが はじまるのですか！」	やくにん「ひあぶりが はじまるのですか！」	yakunin「hiaburiga hajimarunodesuka！」	やくにん「ひあぶりが はじまるのですか！」	Guard: Is she to burn?	Guard: Is she to burn?			yes	hiragana:17; katakana:0; kanji:0; Latin:0; digits:0; phonetic hiragana orthography		Source suppresses normal kanji/katakana distinctions; restore only with context		medium		
303	TT2	TT2/g4/r2	scenario	group 4 @ 0xBA7F; record 2	group-compressed	……「どうなっちまうのかねえ このくには…」{CTRL:0}……「まったく…」	……「どうなっちまうのかねえ このくには…」 ⟦CTRL:0⟧ ……「まったく…」	……「dounatchimaunokanee konokuniha…」 / ……「mattaku…」	……「どうなっちまうのかねえ このくには…」……「まったく…」	"""What now for France?""{CTRL:0}""Indeed..."""	"""What now for France?"" ⟦CTRL:0⟧ ""Indeed..."""	0	0	yes	hiragana:20; katakana:0; kanji:0; Latin:0; digits:0; phonetic hiragana orthography		Source suppresses normal kanji/katakana distinctions; restore only with context	ellipsis carries timing/hesitation tone	medium		
304	TT2	TT2/g4/r3	scenario	group 4 @ 0xBA7F; record 3	group-compressed	やくにん「なんだ！」	やくにん「なんだ！」	yakunin「nanda！」	やくにん「なんだ！」	Guard: What?!	Guard: What?!			yes	hiragana:7; katakana:0; kanji:0; Latin:0; digits:0; phonetic hiragana orthography		Source suppresses normal kanji/katakana distinctions; restore only with context		medium		
305	TT2	TT2/g4/r4	scenario	group 4 @ 0xBA7F; record 4	group-compressed	やくにん「なんです！」	やくにん「なんです！」	yakunin「nandesu！」	やくにん「なんです！」	Guard: Yes?	Guard: Yes?			yes	hiragana:8; katakana:0; kanji:0; Latin:0; digits:0; phonetic hiragana orthography	です/ます: polite register	Source suppresses normal kanji/katakana distinctions; restore only with context		medium		
306	TT2	TT2/g4/r5	scenario	group 4 @ 0xBA7F; record 5	group-compressed	{CTRL:0}るごー「おお ぴえーる きいてくれ…」	⟦CTRL:0⟧ るごー「おお ぴえーる きいてくれ…」	 / rugoo「oo pieeru kiitekure…」	るごー「おお ぴえーる きいてくれ…」	{CTRL:0}Lugot: Pierre, listen...	⟦CTRL:0⟧ Lugot: Pierre, listen...	0	0	yes	hiragana:12; katakana:2; kanji:0; Latin:0; digits:0		Source suppresses normal kanji/katakana distinctions; restore only with context	ellipsis carries timing/hesitation tone	medium		
307	TT2	TT2/g4/r6	scenario	group 4 @ 0xBA7F; record 6	group-compressed	{CTRL:0}やくにん「うっ…{CTRL:2} き きんむちゅうだ／」	⟦CTRL:0⟧ やくにん「うっ… ⟦CTRL:2⟧  き きんむちゅうだ／」	 / yakunin「u… /  kki kinmuchuuda／」	やくにん「うっ… き きんむちゅうだ／」	{CTRL:0}Guard: I...{CTRL:2}I am on duty!	⟦CTRL:0⟧ Guard: I... ⟦CTRL:2⟧ I am on duty!	0,2	0,2	yes	hiragana:14; katakana:0; kanji:0; Latin:0; digits:0; phonetic hiragana orthography		Source suppresses normal kanji/katakana distinctions; restore only with context	ellipsis carries timing/hesitation tone	medium		
308	TT2	TT2/g4/r7	scenario	group 4 @ 0xBA7F; record 7	group-compressed	やくにん「だれにも いうなよ{CTRL:0} んぐぐぐ…{CTRL:3} ぷはーっ／{CTRL:3}{CTRL:4}{CTRL:4} ここだけのはなしだがな……{CTRL:3} しきょうは きにいったむすめだけを ちかしつで{CTRL:4} ごうもんしているらしいんだ……{CTRL:4} なげかわしい／」	やくにん「だれにも いうなよ ⟦CTRL:0⟧  んぐぐぐ… ⟦CTRL:3⟧  ぷはーっ／ ⟦CTRL:3⟧  ⟦CTRL:4⟧  ⟦CTRL:4⟧  ここだけのはなしだがな…… ⟦CTRL:3⟧  しきょうは きにいったむすめだけを ちかしつで ⟦CTRL:4⟧  ごうもんしているらしいんだ…… ⟦CTRL:4⟧  なげかわしい／」	yakunin「darenimo iunayo /  ngugugu… /  puhaa／ /  /  /  kkokodakenohanashidagana…… /  shikyouha kiniittamusumedakeo chikashitsude /  goumonshiteirurashiinda…… /  nagekawashii／」	やくにん「だれにも いうなよ んぐぐぐ… ぷはーっ／ ここだけのはなしだがな…… しきょうは きにいったむすめだけを ちかしつで ごうもんしているらしいんだ…… なげかわしい／」	Guard: Keep this secret.{CTRL:0}Glug...{CTRL:3}ahhh!{CTRL:3}{CTRL:4}{CTRL:4}Listen...{CTRL:3}the bishop tortures{CTRL:4}girls he favors below.{CTRL:4}Shameful!	Guard: Keep this secret. ⟦CTRL:0⟧ Glug... ⟦CTRL:3⟧ ahhh! ⟦CTRL:3⟧  ⟦CTRL:4⟧  ⟦CTRL:4⟧ Listen... ⟦CTRL:3⟧ the bishop tortures ⟦CTRL:4⟧ girls he favors below. ⟦CTRL:4⟧ Shameful!	0,3,3,4,4,3,4,4	0,3,3,4,4,3,4,4	yes	hiragana:70; katakana:1; kanji:0; Latin:0; digits:0	わし: elderly or authoritative masculine first person; character voice, not necessarily regional	むすめ → 娘 | はなし → 話	ellipsis carries timing/hesitation tone	medium		
309	TT2	TT2/g4/r8	scenario	group 4 @ 0xBA7F; record 8	group-compressed	ここでは やばい	ここでは やばい	kokodeha yabai	ここでは やばい	Too risky to do here.	Too risky to do here.			yes	hiragana:7; katakana:0; kanji:0; Latin:0; digits:0; phonetic hiragana orthography	ばい: possible Kyushu/Hakata-style assertive ending; verify speaker context	Source suppresses normal kanji/katakana distinctions; restore only with context		medium		
310	TT2	TT2/g4/r9	scenario	group 4 @ 0xBA7F; record 9	group-compressed	……「けいむしょは まじょようぎの{CTRL:0} おんなで いっぱいだそうだ…」{CTRL:2}……「このままじゃ くにじゅうのおんなが{CTRL:0} いなくなっちまうぞ…」	……「けいむしょは まじょようぎの ⟦CTRL:0⟧  おんなで いっぱいだそうだ…」 ⟦CTRL:2⟧ ……「このままじゃ くにじゅうのおんなが ⟦CTRL:0⟧  いなくなっちまうぞ…」	……「keimushoha majoyougino /  onnade ippaidasouda…」 / ……「konomamaja kunijuunoonnaga /  inakunatchimauzo…」	……「けいむしょは まじょようぎの おんなで いっぱいだそうだ…」……「このままじゃ くにじゅうのおんなが いなくなっちまうぞ…」	Man: Jail is full of{CTRL:0}suspected witches.{CTRL:2}Soon France may have{CTRL:0}no women left.	Man: Jail is full of ⟦CTRL:0⟧ suspected witches. ⟦CTRL:2⟧ Soon France may have ⟦CTRL:0⟧ no women left.	0,2,0	0,2,0	yes	hiragana:50; katakana:0; kanji:0; Latin:0; digits:0; phonetic hiragana orthography	じゃ: old-person/western-style copula; context decides voice versus region | ぞ: forceful assertion or command emphasis	おんな → 女	ellipsis carries timing/hesitation tone	medium		
311	TT2	TT2/g4/r10	scenario	group 4 @ 0xBA7F; record 10	group-compressed	……「ここで ひあぶりにされるのか」{CTRL:0}……「かわいそうに……」	……「ここで ひあぶりにされるのか」 ⟦CTRL:0⟧ ……「かわいそうに……」	……「kokode hiaburinisarerunoka」 / ……「kawaisouni……」	……「ここで ひあぶりにされるのか」……「かわいそうに……」	Man: Burned here?{CTRL:0}Man: Those poor women...	Man: Burned here? ⟦CTRL:0⟧ Man: Those poor women...	0	0	yes	hiragana:19; katakana:0; kanji:0; Latin:0; digits:0; phonetic hiragana orthography		Source suppresses normal kanji/katakana distinctions; restore only with context	ellipsis carries timing/hesitation tone	medium		
312	TT2	TT2/g4/r11	scenario	group 4 @ 0xBA7F; record 11	group-compressed	やくにん「だめだめ／ かんけいしゃいがいは{CTRL:0} たちいりきんしだ」	やくにん「だめだめ／ かんけいしゃいがいは ⟦CTRL:0⟧  たちいりきんしだ」	yakunin「damedame／ kankeishaigaiha /  tachiirikinshida」	やくにん「だめだめ／ かんけいしゃいがいは たちいりきんしだ」	Guard: No! Only church{CTRL:0}officials may enter.	Guard: No! Only church ⟦CTRL:0⟧ officials may enter.	0	0	yes	hiragana:26; katakana:0; kanji:0; Latin:0; digits:0; phonetic hiragana orthography		Source suppresses normal kanji/katakana distinctions; restore only with context		medium		
313	TT2	TT2/g4/r12	scenario	group 4 @ 0xBA7F; record 12	group-compressed	……「るごーのじいさん そうとうまいっているな」{CTRL:0}……「かわいそうに」{CTRL:2}……「つれてかえるか」	……「るごーのじいさん そうとうまいっているな」 ⟦CTRL:0⟧ ……「かわいそうに」 ⟦CTRL:2⟧ ……「つれてかえるか」	……「rugoonojiisan soutoumaitteiruna」 / ……「kawaisouni」 / ……「tsuretekaeruka」	……「るごーのじいさん そうとうまいっているな」……「かわいそうに」……「つれてかえるか」	Lugot looks awful.{CTRL:0}Poor man.{CTRL:2}Should we carry him?	Lugot looks awful. ⟦CTRL:0⟧ Poor man. ⟦CTRL:2⟧ Should we carry him?	0,2	0,2	yes	hiragana:31; katakana:1; kanji:0; Latin:0; digits:0	さん: -san: ordinary respectful address	かえる → 帰る/変える/替える	ellipsis carries timing/hesitation tone	medium		
314	TT2	TT2/g4/r13	scenario	group 4 @ 0xBA7F; record 13	group-compressed	どうやら けいむしょらしい	どうやら けいむしょらしい	douyara keimushorashii	どうやら けいむしょらしい	This seems like a jail.	This seems like a jail.			yes	hiragana:12; katakana:0; kanji:0; Latin:0; digits:0; phonetic hiragana orthography		Source suppresses normal kanji/katakana distinctions; restore only with context		medium		
315	TT2	TT2/g4/r14	scenario	group 4 @ 0xBA7F; record 14	group-compressed	かんしゅ「だめです／ しきょうさまの{CTRL:0} おゆるしがなければ そとへだすわけには{CTRL:0} いきません」{CTRL:6}おれ「でも…」{CTRL:4}かんしゅ「おきもちは よくわかりますが……{CTRL:4} おもどりください」	かんしゅ「だめです／ しきょうさまの ⟦CTRL:0⟧  おゆるしがなければ そとへだすわけには ⟦CTRL:0⟧  いきません」 ⟦CTRL:6⟧ おれ「でも…」 ⟦CTRL:4⟧ かんしゅ「おきもちは よくわかりますが…… ⟦CTRL:4⟧  おもどりください」	kanshu「damedesu／ shikyousamano /  oyurushiganakereba sotohedasuwakeniha /  ikimasen」 / ore「demo…」 / kanshu「okimochiha yokuwakarimasuga…… /  omodorikudasai」	かんしゅ「だめです／ しきょうさまの おゆるしがなければ そとへだすわけには いきません」おれ「でも…」かんしゅ「おきもちは よくわかりますが…… おもどりください」	Jailer: No. The Bishop's{CTRL:0}permission is required.{CTRL:0}I cannot let her out.{CTRL:6}Me: But...{CTRL:4}Jailer: I understand how{CTRL:4}you feel. Please return.	Jailer: No. The Bishop's ⟦CTRL:0⟧ permission is required. ⟦CTRL:0⟧ I cannot let her out. ⟦CTRL:6⟧ Me: But... ⟦CTRL:4⟧ Jailer: I understand how ⟦CTRL:4⟧ you feel. Please return.	0,0,6,4,4	0,0,6,4,4	yes	hiragana:67; katakana:0; kanji:0; Latin:0; digits:0; phonetic hiragana orthography	おれ: plain-to-rough masculine first person | さま: -sama: high respect, worship, status, or irony	Source suppresses normal kanji/katakana distinctions; restore only with context	ellipsis carries timing/hesitation tone	high		
316	TT2	TT2/g4/r15	scenario	group 4 @ 0xBA7F; record 15	group-compressed	わかいむすめは いないみたいだ	わかいむすめは いないみたいだ	wakaimusumeha inaimitaida	わかいむすめは いないみたいだ	No young women are here.	No young women are here.			yes	hiragana:14; katakana:0; kanji:0; Latin:0; digits:0; phonetic hiragana orthography		むすめ → 娘		low		
317	TT2	TT2/g4/r16	scenario	group 4 @ 0xBA7F; record 16	group-compressed	みんな やつれはてている	みんな やつれはてている	minna yatsurehateteiru	みんな やつれはてている	Everyone looks worn out.	Everyone looks worn out.			yes	hiragana:11; katakana:0; kanji:0; Latin:0; digits:0; phonetic hiragana orthography		Source suppresses normal kanji/katakana distinctions; restore only with context		medium		
318	TT2	TT2/g4/r17	scenario	group 4 @ 0xBA7F; record 17	group-compressed	かんしゅ「しきょうさまは ちかしつに{CTRL:0} いらっしゃいます」	かんしゅ「しきょうさまは ちかしつに ⟦CTRL:0⟧  いらっしゃいます」	kanshu「shikyousamaha chikashitsuni /  irasshaimasu」	かんしゅ「しきょうさまは ちかしつに いらっしゃいます」	Jailer: The bishop is{CTRL:0}in the cellar.	Jailer: The bishop is ⟦CTRL:0⟧ in the cellar.	0	0	yes	hiragana:24; katakana:0; kanji:0; Latin:0; digits:0; phonetic hiragana orthography	さま: -sama: high respect, worship, status, or irony | です/ます: polite register	Source suppresses normal kanji/katakana distinctions; restore only with context		high		
319	TT2	TT2/g4/r18	scenario	group 4 @ 0xBA7F; record 18	group-compressed	……「わたしは まじょじゃありません／{CTRL:0} だしてください／」{CTRL:2}……「うちで こどもがまっているんです{CTRL:0} どうか… しゅうどうしさま／」	……「わたしは まじょじゃありません／ ⟦CTRL:0⟧  だしてください／」 ⟦CTRL:2⟧ ……「うちで こどもがまっているんです ⟦CTRL:0⟧  どうか… しゅうどうしさま／」	……「watashiha majojaarimasen／ /  dashitekudasai／」 / ……「uchide kodomogamatteirundesu /  douka… shuudoushisama／」	……「わたしは まじょじゃありません／ だしてください／」……「うちで こどもがまっているんです どうか… しゅうどうしさま／」	Woman: I am no witch!{CTRL:0}Please let me out!{CTRL:2}My child waits at home.{CTRL:0}Please, Brother...	Woman: I am no witch! ⟦CTRL:0⟧ Please let me out! ⟦CTRL:2⟧ My child waits at home. ⟦CTRL:0⟧ Please, Brother...	0,2,0	0,2,0	yes	hiragana:47; katakana:0; kanji:0; Latin:0; digits:0; phonetic hiragana orthography	じゃ: old-person/western-style copula; context decides voice versus region | さま: -sama: high respect, worship, status, or irony	こども → 子供	ellipsis carries timing/hesitation tone	medium		
320	TT2	TT2/g4/r19	scenario	group 4 @ 0xBA7F; record 19	group-compressed	かんしゅ「だめです／ しきょうさまの{CTRL:0} おゆるしがなければ そとへだすわけには{CTRL:0} いきません」	かんしゅ「だめです／ しきょうさまの ⟦CTRL:0⟧  おゆるしがなければ そとへだすわけには ⟦CTRL:0⟧  いきません」	kanshu「damedesu／ shikyousamano /  oyurushiganakereba sotohedasuwakeniha /  ikimasen」	かんしゅ「だめです／ しきょうさまの おゆるしがなければ そとへだすわけには いきません」	Jailer: Bishop's consent{CTRL:0}is required.{CTRL:0}I cannot free them.	Jailer: Bishop's consent ⟦CTRL:0⟧ is required. ⟦CTRL:0⟧ I cannot free them.	0,0	0,0	yes	hiragana:38; katakana:0; kanji:0; Latin:0; digits:0; phonetic hiragana orthography	さま: -sama: high respect, worship, status, or irony	Source suppresses normal kanji/katakana distinctions; restore only with context		medium		
321	TT2	TT2/g4/r20	scenario	group 4 @ 0xBA7F; record 20	group-compressed	……「どうして わたしがまじょなの！{CTRL:0} あしのきずは ころんだときのものよ」{CTRL:0}……「あたしのは かにくわれたあとじゃ」	……「どうして わたしがまじょなの！ ⟦CTRL:0⟧  あしのきずは ころんだときのものよ」 ⟦CTRL:0⟧ ……「あたしのは かにくわれたあとじゃ」	……「doushite watashigamajonano！ /  ashinokizuha korondatokinomonoyo」 / ……「atashinoha kanikuwaretaatoja」	……「どうして わたしがまじょなの！ あしのきずは ころんだときのものよ」……「あたしのは かにくわれたあとじゃ」	Woman: Why am I a witch?{CTRL:0}My leg scar? I fell.{CTRL:0}Woman: A crab bit me.	Woman: Why am I a witch? ⟦CTRL:0⟧ My leg scar? I fell. ⟦CTRL:0⟧ Woman: A crab bit me.	0,0	0,0	yes	hiragana:44; katakana:0; kanji:0; Latin:0; digits:0; phonetic hiragana orthography	じゃ: old-person/western-style copula; context decides voice versus region	Source suppresses normal kanji/katakana distinctions; restore only with context	ellipsis carries timing/hesitation tone	medium		
322	TT2	TT2/g4/r21	scenario	group 4 @ 0xBA7F; record 21	group-compressed	ゆかしたから うめきごえがきこえる	ゆかしたから うめきごえがきこえる	yukashitakara umekigoegakikoeru	ゆかしたから うめきごえがきこえる	Groans come from below.	Groans come from below.			yes	hiragana:16; katakana:0; kanji:0; Latin:0; digits:0; phonetic hiragana orthography		Source suppresses normal kanji/katakana distinctions; restore only with context		medium		
323	TT2	TT2/g4/r22	scenario	group 4 @ 0xBA7F; record 22	group-compressed	……「ひあぶりが はじまるのかしら」{CTRL:0}……「おお かみさま…」	……「ひあぶりが はじまるのかしら」 ⟦CTRL:0⟧ ……「おお かみさま…」	……「hiaburiga hajimarunokashira」 / ……「oo kamisama…」	……「ひあぶりが はじまるのかしら」……「おお かみさま…」	Woman: Will we burn?{CTRL:0}Woman: Oh, God...	Woman: Will we burn? ⟦CTRL:0⟧ Woman: Oh, God...	0	0	yes	hiragana:19; katakana:0; kanji:0; Latin:0; digits:0; phonetic hiragana orthography	かしら: traditionally feminine-coded uncertainty/question | さま: -sama: high respect, worship, status, or irony	かみさま → 神様	ellipsis carries timing/hesitation tone	medium		
324	TT2	TT2/g4/r23	scenario	group 4 @ 0xBA7F; record 23	group-compressed	しきょう「むすめ なをなんという！」{CTRL:1}むすめ「……じゃんぬ・だるく」{CTRL:2}しきょう「なに／ おまえがじゃんぬ・だるくか{CTRL:0} そうか うーむ おまえがか…」	しきょう「むすめ なをなんという！」 ⟦CTRL:1⟧ むすめ「……じゃんぬ・だるく」 ⟦CTRL:2⟧ しきょう「なに／ おまえがじゃんぬ・だるくか ⟦CTRL:0⟧  そうか うーむ おまえがか…」	shikyou「musume naonantoiu！」 / musume「……jannu・daruku」 / shikyou「nani／ omaegajannu・darukuka /  souka uumu omaegaka…」	しきょう「むすめ なをなんという！」むすめ「……じゃんぬ・だるく」しきょう「なに／ おまえがじゃんぬ・だるくか そうか うーむ おまえがか…」	Bishop: Give your name!{CTRL:1}Girl: ... Jeanne d'Arc.{CTRL:2}Bishop: Jeanne d'Arc?!{CTRL:0}So... you are the one.	Bishop: Give your name! ⟦CTRL:1⟧ Girl: ... Jeanne d'Arc. ⟦CTRL:2⟧ Bishop: Jeanne d'Arc?! ⟦CTRL:0⟧ So... you are the one.	1,2,0	1,2,0	yes	hiragana:52; katakana:3; kanji:0; Latin:0; digits:0	おまえ: familiar or rough second person; relationship and tone matter	じゃんぬ → ジャンヌ (Jeanne) | むすめ → 娘	ellipsis carries timing/hesitation tone	medium		
325	TT2	TT2/g4/r24	scenario	group 4 @ 0xBA7F; record 24	group-compressed	おれ「／」{CTRL:0}しきょう「なにをしておる／」	おれ「／」 ⟦CTRL:0⟧ しきょう「なにをしておる／」	ore「／」 / shikyou「nanioshiteoru／」	おれ「／」しきょう「なにをしておる／」	Me: Ah!{CTRL:0}Bishop: What is this?!	Me: Ah! ⟦CTRL:0⟧ Bishop: What is this?!	0	0	yes	hiragana:13; katakana:0; kanji:0; Latin:0; digits:0; phonetic hiragana orthography	おれ: plain-to-rough masculine first person	Source suppresses normal kanji/katakana distinctions; restore only with context		medium		
326	TT2	TT2/g4/r25	scenario	group 4 @ 0xBA7F; record 25	group-compressed	しきょう「まてぃ／／」	しきょう「まてぃ／／」	shikyou「mati／／」	しきょう「まてぃ／／」	Bishop: Stop!!	Bishop: Stop!!			yes	hiragana:7; katakana:0; kanji:0; Latin:0; digits:0; phonetic hiragana orthography		Source suppresses normal kanji/katakana distinctions; restore only with context		medium		
327	TT2	TT2/g4/r26	scenario	group 4 @ 0xBA7F; record 26	group-compressed	ごうもんべや らしい	ごうもんべや らしい	goumonbeya rashii	ごうもんべや らしい	This is a torture room.	This is a torture room.			yes	hiragana:9; katakana:0; kanji:0; Latin:0; digits:0; phonetic hiragana orthography		Source suppresses normal kanji/katakana distinctions; restore only with context		medium		
328	TT2	TT2/g4/r27	scenario	group 4 @ 0xBA7F; record 27	group-compressed	じゃんぬのからだを ふといろーぷがつりあげている	じゃんぬのからだを ふといろーぷがつりあげている	jannunokaradao futoiroopugatsuriageteiru	じゃんぬのからだを ふといろーぷがつりあげている	Thick rope holds Jeanne.	Thick rope holds Jeanne.			yes	hiragana:22; katakana:1; kanji:0; Latin:0; digits:0		じゃんぬ → ジャンヌ (Jeanne) | からだ → 体		low		
329	TT2	TT2/g4/r28	scenario	group 4 @ 0xBA7F; record 28	group-compressed	ろうそくのひかりで ほのかにあかるい	ろうそくのひかりで ほのかにあかるい	rousokunohikaride honokaniakarui	ろうそくのひかりで ほのかにあかるい	Dim candlelight fills it	Dim candlelight fills it			yes	hiragana:17; katakana:0; kanji:0; Latin:0; digits:0; phonetic hiragana orthography		Source suppresses normal kanji/katakana distinctions; restore only with context		medium		
330	TT2	TT2/g4/r29	scenario	group 4 @ 0xBA7F; record 29	group-compressed	ゆらめいている	ゆらめいている	yurameiteiru	ゆらめいている	It flickers.	It flickers.			yes	hiragana:7; katakana:0; kanji:0; Latin:0; digits:0; phonetic hiragana orthography		Source suppresses normal kanji/katakana distinctions; restore only with context		medium		
331	TT2	TT2/g4/r30	scenario	group 4 @ 0xBA7F; record 30	group-compressed	はでな ふくだな	はでな ふくだな	hadena fukudana	はでな ふくだな	Those clothes are gaudy.	Those clothes are gaudy.			yes	hiragana:7; katakana:0; kanji:0; Latin:0; digits:0; phonetic hiragana orthography		Source suppresses normal kanji/katakana distinctions; restore only with context		medium		
332	TT2	TT2/g4/r31	scenario	group 4 @ 0xBA7F; record 31	group-compressed	まだあどけない しょうじょじゃないか	まだあどけない しょうじょじゃないか	madaadokenai shoujojanaika	まだあどけない しょうじょじゃないか	She's still just a child	She's still just a child			yes	hiragana:17; katakana:0; kanji:0; Latin:0; digits:0; phonetic hiragana orthography	じゃ: old-person/western-style copula; context decides voice versus region	Source suppresses normal kanji/katakana distinctions; restore only with context		medium		
333	TT2	TT2/g5/r0	scenario	group 5 @ 0xBD90; record 0	group-compressed	どうにか ほどけそうだ	どうにか ほどけそうだ	dounika hodokesouda	どうにか ほどけそうだ	I can probably untie it.	I can probably untie it.			yes	hiragana:10; katakana:0; kanji:0; Latin:0; digits:0; phonetic hiragana orthography		Source suppresses normal kanji/katakana distinctions; restore only with context		medium		
334	TT2	TT2/g5/r1	scenario	group 5 @ 0xBD90; record 1	group-compressed	じゃんぬ「おねがい… たすけて……」	じゃんぬ「おねがい… たすけて……」	jannu「onegai… tasukete……」	じゃんぬ「おねがい… たすけて……」	Jeanne: Please... help!	Jeanne: Please... help!			yes	hiragana:12; katakana:0; kanji:0; Latin:0; digits:0; phonetic hiragana orthography		じゃんぬ → ジャンヌ (Jeanne)	ellipsis carries timing/hesitation tone	low		
335	TT2	TT2/g5/r2	scenario	group 5 @ 0xBD90; record 2	group-compressed	じゃんぬ「はやく にげましょう……／」	じゃんぬ「はやく にげましょう……／」	jannu「hayaku nigemashou……／」	じゃんぬ「はやく にげましょう……／」	Jeanne: Let's flee now!	Jeanne: Let's flee now!			yes	hiragana:13; katakana:0; kanji:0; Latin:0; digits:0; phonetic hiragana orthography		じゃんぬ → ジャンヌ (Jeanne)	ellipsis carries timing/hesitation tone	low		
336	TT2	TT2/g5/r3	scenario	group 5 @ 0xBD90; record 3	group-compressed	"しきょう「わたしのすうはいする あるおかたが{CTRL:0} こう おっしゃったのだ{CTRL:2} ""じゃんぬ・だるくを ころせ／{CTRL:6}  やつをいかしておくと あとあとめんどうな{CTRL:4}  ことになる"" とな」{CTRL:3}じゃんぬ「……」{CTRL:3}しきょう「まじょがりを つづけていればいつか…{CTRL:4} と おもっておったが…… こんなにはやく{CTRL:4} あえるとはのう」"	"しきょう「わたしのすうはいする あるおかたが ⟦CTRL:0⟧  こう おっしゃったのだ ⟦CTRL:2⟧  ""じゃんぬ・だるくを ころせ／ ⟦CTRL:6⟧   やつをいかしておくと あとあとめんどうな ⟦CTRL:4⟧   ことになる"" とな」 ⟦CTRL:3⟧ じゃんぬ「……」 ⟦CTRL:3⟧ しきょう「まじょがりを つづけていればいつか… ⟦CTRL:4⟧  と おもっておったが…… こんなにはやく ⟦CTRL:4⟧  あえるとはのう」"	"shikyou「watashinosuuhaisuru aruokataga /  kou osshattanoda /  ""jannu・darukuo korose／ /   yatsuoikashiteokuto atoatomendouna /   kotoninaru"" tona」 / jannu「……」 / shikyou「majogario tsuzuketeirebaitsuka… /  to omotteottaga…… konnanihayaku /  aerutohanou」"	"しきょう「わたしのすうはいする あるおかたが こう おっしゃったのだ ""じゃんぬ・だるくを ころせ／  やつをいかしておくと あとあとめんどうな  ことになる"" とな」じゃんぬ「……」しきょう「まじょがりを つづけていればいつか… と おもっておったが…… こんなにはやく あえるとはのう」"	"Bishop: Someone I revere{CTRL:0}said this to me:{CTRL:2}""Kill Jeanne d'Arc!{CTRL:6}If she lives, she'll be{CTRL:4}trouble later.""{CTRL:3}Jeanne: ...{CTRL:3}Bishop: I hunted witches{CTRL:4}to find you someday...{CTRL:4}Never this soon, though."	"Bishop: Someone I revere ⟦CTRL:0⟧ said this to me: ⟦CTRL:2⟧ ""Kill Jeanne d'Arc! ⟦CTRL:6⟧ If she lives, she'll be ⟦CTRL:4⟧ trouble later."" ⟦CTRL:3⟧ Jeanne: ... ⟦CTRL:3⟧ Bishop: I hunted witches ⟦CTRL:4⟧ to find you someday... ⟦CTRL:4⟧ Never this soon, though."	0,2,6,4,3,3,4,4	0,2,6,4,3,3,4,4	yes	hiragana:114; katakana:1; kanji:0; Latin:0; digits:0	のう: elderly/reflective sentence ending; often fictional voice	じゃんぬ → ジャンヌ (Jeanne)	ellipsis carries timing/hesitation tone	medium		
337	TT2	TT2/g5/r4	scenario	group 5 @ 0xBD90; record 4	group-compressed	しきょう「ひあぶりのじゅんびが ととのうまで{CTRL:0} ここで おとなしくしていろ」	しきょう「ひあぶりのじゅんびが ととのうまで ⟦CTRL:0⟧  ここで おとなしくしていろ」	shikyou「hiaburinojunbiga totonoumade /  kokode otonashikushiteiro」	しきょう「ひあぶりのじゅんびが ととのうまで ここで おとなしくしていろ」	Bishop: Stay here{CTRL:0}until the pyre is ready.	Bishop: Stay here ⟦CTRL:0⟧ until the pyre is ready.	0	0	yes	hiragana:32; katakana:0; kanji:0; Latin:0; digits:0; phonetic hiragana orthography		おとな → 大人		low		
338	TT2	TT2/g5/r5	scenario	group 5 @ 0xBD90; record 5	group-compressed	じゃんぬ「わたし…… まじょじゃない」	じゃんぬ「わたし…… まじょじゃない」	jannu「watashi…… majojanai」	じゃんぬ「わたし…… まじょじゃない」	Jeanne: I'm... no witch.	Jeanne: I'm... no witch.			yes	hiragana:14; katakana:0; kanji:0; Latin:0; digits:0; phonetic hiragana orthography	じゃ: old-person/western-style copula; context decides voice versus region	じゃんぬ → ジャンヌ (Jeanne)	ellipsis carries timing/hesitation tone	medium		
339	TT2	TT2/g5/r6	scenario	group 5 @ 0xBD90; record 6	group-compressed	ろーぷをほどいて{CTRL:0}そーっと じゃんぬをおろした	ろーぷをほどいて ⟦CTRL:0⟧ そーっと じゃんぬをおろした	roopuohodoite / sootto jannuooroshita	ろーぷをほどいてそーっと じゃんぬをおろした	I untied the ropes and{CTRL:0}lowered Jeanne gently.	I untied the ropes and ⟦CTRL:0⟧ lowered Jeanne gently.	0	0	yes	hiragana:19; katakana:2; kanji:0; Latin:0; digits:0		じゃんぬ → ジャンヌ (Jeanne)		low		
340	TT2	TT2/g5/r7	scenario	group 5 @ 0xBD90; record 7	group-compressed	じゃんぬ「…ありがとう……」	じゃんぬ「…ありがとう……」	jannu「…arigatou……」	じゃんぬ「…ありがとう……」	Jeanne: ... Thank you...	Jeanne: ... Thank you...			yes	hiragana:9; katakana:0; kanji:0; Latin:0; digits:0; phonetic hiragana orthography		じゃんぬ → ジャンヌ (Jeanne)	ellipsis carries timing/hesitation tone	low		
341	TT2	TT2/g5/r8	scenario	group 5 @ 0xBD90; record 8	group-compressed	もちはこぶには ながすぎる	もちはこぶには ながすぎる	mochihakobuniha nagasugiru	もちはこぶには ながすぎる	This rope is too long.	This rope is too long.			yes	hiragana:12; katakana:0; kanji:0; Latin:0; digits:0; phonetic hiragana orthography		Source suppresses normal kanji/katakana distinctions; restore only with context		medium		
342	T22	T22/g0/r0	scenario	group 0 @ 0xAA4E; record 0	group-compressed	かんしゅ「これはこれは だんしゃくさま{CTRL:0} ごめんかいですか{CTRL:2} …おくさまが とんでもないことに……」{CTRL:6}だんしゃく「かないが まじょだなんて{CTRL:4} なにをこんきょに……{CTRL:4} だいたいしきょうは どうしたのだ／{CTRL:3} まじょがりに うつつをぬかして{CTRL:4} きょうかいのしごとも おろそかになっている{CTRL:4} そうじゃないか／」{CTRL:3}かんしゅ「はい ちかごろでは しきょうこそが{CTRL:4} あくまのてさきではないか といううわさも……」{CTRL:3}だんしゃく「あくじの しょうこさえあれば{CTRL:4} ついほうできるのだが……」	かんしゅ「これはこれは だんしゃくさま ⟦CTRL:0⟧  ごめんかいですか ⟦CTRL:2⟧  …おくさまが とんでもないことに……」 ⟦CTRL:6⟧ だんしゃく「かないが まじょだなんて ⟦CTRL:4⟧  なにをこんきょに…… ⟦CTRL:4⟧  だいたいしきょうは どうしたのだ／ ⟦CTRL:3⟧  まじょがりに うつつをぬかして ⟦CTRL:4⟧  きょうかいのしごとも おろそかになっている ⟦CTRL:4⟧  そうじゃないか／」 ⟦CTRL:3⟧ かんしゅ「はい ちかごろでは しきょうこそが ⟦CTRL:4⟧  あくまのてさきではないか といううわさも……」 ⟦CTRL:3⟧ だんしゃく「あくじの しょうこさえあれば ⟦CTRL:4⟧  ついほうできるのだが……」	kanshu「korehakoreha danshakusama /  gomenkaidesuka /  …okusamaga tondemonaikotoni……」 / danshaku「kanaiga majodanante /  naniokonkyoni…… /  daitaishikyouha doushitanoda／ /  majogarini utsutsuonukashite /  kyoukainoshigotomo orosokaninatteiru /  soujanaika／」 / kanshu「hai chikagorodeha shikyoukosoga /  akumanotesakidehanaika toiuuwasamo……」 / danshaku「akujino shoukosaeareba /  tsuihoudekirunodaga……」	かんしゅ「これはこれは だんしゃくさま ごめんかいですか …おくさまが とんでもないことに……」だんしゃく「かないが まじょだなんて なにをこんきょに…… だいたいしきょうは どうしたのだ／ まじょがりに うつつをぬかして きょうかいのしごとも おろそかになっている そうじゃないか／」かんしゅ「はい ちかごろでは しきょうこそが あくまのてさきではないか といううわさも……」だんしゃく「あくじの しょうこさえあれば ついほうできるのだが……」	Jailer: Ah, Baron.{CTRL:0}Here to see her?{CTRL:2}Your wife is in peril...{CTRL:6}Baron: My wife, a witch?{CTRL:4}What proof is there...?{CTRL:4}Where is the bishop?!{CTRL:3}Lost in witch hunts,{CTRL:4}he neglects church work.{CTRL:4}Is that not so?!{CTRL:3}Jailer: Yes. Some say{CTRL:4}the bishop serves Satan.{CTRL:3}Baron: If we had proof{CTRL:4}we could banish him...	Jailer: Ah, Baron. ⟦CTRL:0⟧ Here to see her? ⟦CTRL:2⟧ Your wife is in peril... ⟦CTRL:6⟧ Baron: My wife, a witch? ⟦CTRL:4⟧ What proof is there...? ⟦CTRL:4⟧ Where is the bishop?! ⟦CTRL:3⟧ Lost in witch hunts, ⟦CTRL:4⟧ he neglects church work. ⟦CTRL:4⟧ Is that not so?! ⟦CTRL:3⟧ Jailer: Yes. Some say ⟦CTRL:4⟧ the bishop serves Satan. ⟦CTRL:3⟧ Baron: If we had proof ⟦CTRL:4⟧ we could banish him...	0,2,6,4,4,3,4,4,3,4,3,4	0,2,6,4,4,3,4,4,3,4,3,4	yes	hiragana:185; katakana:0; kanji:0; Latin:0; digits:0; phonetic hiragana orthography	じゃ: old-person/western-style copula; context decides voice versus region | さま: -sama: high respect, worship, status, or irony	きょうかい → 教会 | あくま → 悪魔	ellipsis carries timing/hesitation tone	medium		
343	T22	T22/g0/r1	scenario	group 0 @ 0xAA4E; record 1	group-compressed	くちを まいちもんじにむすんでいる	くちを まいちもんじにむすんでいる	kuchio maichimonjinimusundeiru	くちを まいちもんじにむすんでいる	His lips are shut tight.	His lips are shut tight.			yes	hiragana:16; katakana:0; kanji:0; Latin:0; digits:0; phonetic hiragana orthography		Source suppresses normal kanji/katakana distinctions; restore only with context		medium		
344	T22	T22/g0/r2	scenario	group 0 @ 0xAA4E; record 2	group-compressed	みんな やつれはてている	みんな やつれはてている	minna yatsurehateteiru	みんな やつれはてている	Everyone looks worn out.	Everyone looks worn out.			yes	hiragana:11; katakana:0; kanji:0; Latin:0; digits:0; phonetic hiragana orthography		Source suppresses normal kanji/katakana distinctions; restore only with context		medium		
345	T22	T22/g0/r3	scenario	group 0 @ 0xAA4E; record 3	group-compressed	いとおしそうに つまをみつめている	いとおしそうに つまをみつめている	itooshisouni tsumaomitsumeteiru	いとおしそうに つまをみつめている	He gazes at her fondly.	He gazes at her fondly.			yes	hiragana:16; katakana:0; kanji:0; Latin:0; digits:0; phonetic hiragana orthography		Source suppresses normal kanji/katakana distinctions; restore only with context		medium		
346	T22	T22/g0/r4	scenario	group 0 @ 0xAA4E; record 4	group-compressed	かんしゅ「しょうこさえあれば……{CTRL:1} いえ… ひとりごとです」	かんしゅ「しょうこさえあれば…… ⟦CTRL:1⟧  いえ… ひとりごとです」	kanshu「shoukosaeareba…… /  ie… hitorigotodesu」	かんしゅ「しょうこさえあれば…… いえ… ひとりごとです」	Jailer: If only we had{CTRL:1}proof... just muttering.	Jailer: If only we had ⟦CTRL:1⟧ proof... just muttering.	1	1	yes	hiragana:22; katakana:0; kanji:0; Latin:0; digits:0; phonetic hiragana orthography	です/ます: polite register	Source suppresses normal kanji/katakana distinctions; restore only with context	ellipsis carries timing/hesitation tone	medium		
347	T22	T22/g0/r5	scenario	group 0 @ 0xAA4E; record 5	group-compressed	……「わたしは まじょじゃありません／{CTRL:0} だしてください／」{CTRL:2}……「うちで こどもがまっているんです{CTRL:0} どうか… しゅうどうしさま／」	……「わたしは まじょじゃありません／ ⟦CTRL:0⟧  だしてください／」 ⟦CTRL:2⟧ ……「うちで こどもがまっているんです ⟦CTRL:0⟧  どうか… しゅうどうしさま／」	……「watashiha majojaarimasen／ /  dashitekudasai／」 / ……「uchide kodomogamatteirundesu /  douka… shuudoushisama／」	……「わたしは まじょじゃありません／ だしてください／」……「うちで こどもがまっているんです どうか… しゅうどうしさま／」	Woman: I am no witch!{CTRL:0}Please let me out!{CTRL:2}My child waits at home.{CTRL:0}Please, Brother...	Woman: I am no witch! ⟦CTRL:0⟧ Please let me out! ⟦CTRL:2⟧ My child waits at home. ⟦CTRL:0⟧ Please, Brother...	0,2,0	0,2,0	yes	hiragana:47; katakana:0; kanji:0; Latin:0; digits:0; phonetic hiragana orthography	じゃ: old-person/western-style copula; context decides voice versus region | さま: -sama: high respect, worship, status, or irony	こども → 子供	ellipsis carries timing/hesitation tone	medium		
348	T22	T22/g0/r6	scenario	group 0 @ 0xAA4E; record 6	group-compressed	だんしゃく「きょうかいのものとは くちをきかん」	だんしゃく「きょうかいのものとは くちをきかん」	danshaku「kyoukainomonotoha kuchiokikan」	だんしゃく「きょうかいのものとは くちをきかん」	Baron: I shun clergy.	Baron: I shun clergy.			yes	hiragana:21; katakana:0; kanji:0; Latin:0; digits:0; phonetic hiragana orthography		きょうかい → 教会		low		
349	T22	T22/g0/r7	scenario	group 0 @ 0xAA4E; record 7	group-compressed	ここでは やばい	ここでは やばい	kokodeha yabai	ここでは やばい	Too risky to do here.	Too risky to do here.			yes	hiragana:7; katakana:0; kanji:0; Latin:0; digits:0; phonetic hiragana orthography	ばい: possible Kyushu/Hakata-style assertive ending; verify speaker context	Source suppresses normal kanji/katakana distinctions; restore only with context		medium		
350	T22	T22/g0/r8	scenario	group 0 @ 0xAA4E; record 8	group-compressed	かんしゅ「だめです／ しきょうさまの{CTRL:0} おゆるしがなければ そとへだすわけには{CTRL:0} いきません」	かんしゅ「だめです／ しきょうさまの ⟦CTRL:0⟧  おゆるしがなければ そとへだすわけには ⟦CTRL:0⟧  いきません」	kanshu「damedesu／ shikyousamano /  oyurushiganakereba sotohedasuwakeniha /  ikimasen」	かんしゅ「だめです／ しきょうさまの おゆるしがなければ そとへだすわけには いきません」	Jailer: No. Without the{CTRL:0}bishop's permission, I{CTRL:0}cannot let her out.	Jailer: No. Without the ⟦CTRL:0⟧ bishop's permission, I ⟦CTRL:0⟧ cannot let her out.	0,0	0,0	yes	hiragana:38; katakana:0; kanji:0; Latin:0; digits:0; phonetic hiragana orthography	さま: -sama: high respect, worship, status, or irony	Source suppresses normal kanji/katakana distinctions; restore only with context		medium		
351	T22	T22/g0/r9	scenario	group 0 @ 0xAA4E; record 9	group-compressed	だんしゃく「ん！ なんだ……！」	だんしゃく「ん！ なんだ……！」	danshaku「n！ nanda……！」	だんしゃく「ん！ なんだ……！」	Baron: Hm? What is this?	Baron: Hm? What is this?			yes	hiragana:9; katakana:0; kanji:0; Latin:0; digits:0; phonetic hiragana orthography		Source suppresses normal kanji/katakana distinctions; restore only with context	ellipsis carries timing/hesitation tone	medium		
352	T22	T22/g0/r10	scenario	group 0 @ 0xAA4E; record 10	group-compressed	「     けいやくしょ{CTRL:1} やみのしはいしゃ・あくまよ われは{CTRL:0} なんじにぬかずくもの なんじはわがせいぎのかみ{CTRL:6} あくとくと ちゅうしょうと あらゆるざいあくに{CTRL:4} すべてをささげることを ここにかたく ちかわん{CTRL:3}                  しきょう」	「     けいやくしょ ⟦CTRL:1⟧  やみのしはいしゃ・あくまよ われは ⟦CTRL:0⟧  なんじにぬかずくもの なんじはわがせいぎのかみ ⟦CTRL:6⟧  あくとくと ちゅうしょうと あらゆるざいあくに ⟦CTRL:4⟧  すべてをささげることを ここにかたく ちかわん ⟦CTRL:3⟧                   しきょう」	「     keiyakusho /  yaminoshihaisha・akumayo wareha /  nanjininukazukumono nanjihawagaseiginokami /  akutokuto chuushouto arayuruzaiakuni /  subeteosasagerukotoo kokonikataku chikawan /                   shikyou」	「     けいやくしょ やみのしはいしゃ・あくまよ われは なんじにぬかずくもの なんじはわがせいぎのかみ あくとくと ちゅうしょうと あらゆるざいあくに すべてをささげることを ここにかたく ちかわん                  しきょう」	"""PACT{CTRL:1}O Devil, lord of night,{CTRL:0}I kneel. You are my god{CTRL:6}of justice. I pledge all{CTRL:4}to vice, slander, evil.{CTRL:3}Bishop"""	"""PACT ⟦CTRL:1⟧ O Devil, lord of night, ⟦CTRL:0⟧ I kneel. You are my god ⟦CTRL:6⟧ of justice. I pledge all ⟦CTRL:4⟧ to vice, slander, evil. ⟦CTRL:3⟧ Bishop"""	1,0,6,4,3	1,0,6,4,3	yes	hiragana:89; katakana:1; kanji:0; Latin:0; digits:0		あくま → 悪魔		low		
353	T22	T22/g0/r11	scenario	group 0 @ 0xAA4E; record 11	group-compressed	だんしゃく「こ これは……／」{CTRL:1}かんしゅ「まちがいなく しきょうのじです／」{CTRL:0}だんしゃく「やつめ やっぱり……」{CTRL:6}かんしゅ「あ…／ あのむすめを たすけないと／」{CTRL:4}だんしゃく「よし／」	だんしゃく「こ これは……／」 ⟦CTRL:1⟧ かんしゅ「まちがいなく しきょうのじです／」 ⟦CTRL:0⟧ だんしゃく「やつめ やっぱり……」 ⟦CTRL:6⟧ かんしゅ「あ…／ あのむすめを たすけないと／」 ⟦CTRL:4⟧ だんしゃく「よし／」	danshaku「ko koreha……／」 / kanshu「machigainaku shikyounojidesu／」 / danshaku「yatsume yappari……」 / kanshu「a…／ anomusumeo tasukenaito／」 / danshaku「yoshi／」	だんしゃく「こ これは……／」かんしゅ「まちがいなく しきょうのじです／」だんしゃく「やつめ やっぱり……」かんしゅ「あ…／ あのむすめを たすけないと／」だんしゃく「よし／」	Baron: Th-this is...!{CTRL:1}Jailer: It's his hand!{CTRL:0}Baron: I knew it...{CTRL:6}Jailer: We must save her{CTRL:4}Baron: Yes!	Baron: Th-this is...! ⟦CTRL:1⟧ Jailer: It's his hand! ⟦CTRL:0⟧ Baron: I knew it... ⟦CTRL:6⟧ Jailer: We must save her ⟦CTRL:4⟧ Baron: Yes!	1,0,6,4	1,0,6,4	yes	hiragana:63; katakana:0; kanji:0; Latin:0; digits:0; phonetic hiragana orthography		むすめ → 娘	ellipsis carries timing/hesitation tone	low		
354	T22	T22/g0/r12	scenario	group 0 @ 0xAA4E; record 12	group-compressed	……「ひあぶりが はじまるのかしら」{CTRL:0}……「おお かみさま…」	……「ひあぶりが はじまるのかしら」 ⟦CTRL:0⟧ ……「おお かみさま…」	……「hiaburiga hajimarunokashira」 / ……「oo kamisama…」	……「ひあぶりが はじまるのかしら」……「おお かみさま…」	Woman: Will we burn?{CTRL:0}Woman: Oh, God...	Woman: Will we burn? ⟦CTRL:0⟧ Woman: Oh, God...	0	0	yes	hiragana:19; katakana:0; kanji:0; Latin:0; digits:0; phonetic hiragana orthography	かしら: traditionally feminine-coded uncertainty/question | さま: -sama: high respect, worship, status, or irony	かみさま → 神様	ellipsis carries timing/hesitation tone	medium		
355	T22	T22/g0/r13	scenario	group 0 @ 0xAA4E; record 13	group-compressed	だんしゃく「おお いざべるよ かわいそうに…{CTRL:0} かならず たすけてやるからな」{CTRL:2}いざべる「あいしてるわ あなた」{CTRL:0}だんしゃく「あいしてるよ おまえ」	だんしゃく「おお いざべるよ かわいそうに… ⟦CTRL:0⟧  かならず たすけてやるからな」 ⟦CTRL:2⟧ いざべる「あいしてるわ あなた」 ⟦CTRL:0⟧ だんしゃく「あいしてるよ おまえ」	danshaku「oo izaberuyo kawaisouni… /  kanarazu tasuketeyarukarana」 / izaberu「aishiteruwa anata」 / danshaku「aishiteruyo omae」	だんしゃく「おお いざべるよ かわいそうに… かならず たすけてやるからな」いざべる「あいしてるわ あなた」だんしゃく「あいしてるよ おまえ」	Baron: Oh, Isabelle...{CTRL:0}I swear I will save you.{CTRL:2}Isabelle: I love you.{CTRL:0}Baron: I love you too.	Baron: Oh, Isabelle... ⟦CTRL:0⟧ I swear I will save you. ⟦CTRL:2⟧ Isabelle: I love you. ⟦CTRL:0⟧ Baron: I love you too.	0,2,0	0,2,0	yes	hiragana:58; katakana:0; kanji:0; Latin:0; digits:0; phonetic hiragana orthography	おまえ: familiar or rough second person; relationship and tone matter	Source suppresses normal kanji/katakana distinctions; restore only with context	ellipsis carries timing/hesitation tone	medium		
356	T22	T22/g0/r14	scenario	group 0 @ 0xAA4E; record 14	group-compressed	かんしゅ「だめです／ あなたをそとにだすなとの{CTRL:0} しきょうさまの いいつけです」	かんしゅ「だめです／ あなたをそとにだすなとの ⟦CTRL:0⟧  しきょうさまの いいつけです」	kanshu「damedesu／ anataosotonidasunatono /  shikyousamano iitsukedesu」	かんしゅ「だめです／ あなたをそとにだすなとの しきょうさまの いいつけです」	Jailer: You can't leave.{CTRL:0}The bishop ordered it.	Jailer: You can't leave. ⟦CTRL:0⟧ The bishop ordered it.	0	0	yes	hiragana:33; katakana:0; kanji:0; Latin:0; digits:0; phonetic hiragana orthography	さま: -sama: high respect, worship, status, or irony | です/ます: polite register	Source suppresses normal kanji/katakana distinctions; restore only with context		high		
357	T22	T22/g0/r15	scenario	group 0 @ 0xAA4E; record 15	group-compressed	しきょう「ふぉふぉふぉ……{CTRL:1} まずは むすめをひあぶりにしてからじゃ{CTRL:2} おまえは ここでおとなしくしておれ{CTRL:0} ふぉふぉふぉ……」	しきょう「ふぉふぉふぉ…… ⟦CTRL:1⟧  まずは むすめをひあぶりにしてからじゃ ⟦CTRL:2⟧  おまえは ここでおとなしくしておれ ⟦CTRL:0⟧  ふぉふぉふぉ……」	shikyou「fofofo…… /  mazuha musumeohiaburinishitekaraja /  omaeha kokodeotonashikushiteore /  fofofo……」	しきょう「ふぉふぉふぉ…… まずは むすめをひあぶりにしてからじゃ おまえは ここでおとなしくしておれ ふぉふぉふぉ……」	Bishop: Ho ho ho...{CTRL:1}first, she will burn.{CTRL:2}You will wait here.{CTRL:0}Ho ho ho...	Bishop: Ho ho ho... ⟦CTRL:1⟧ first, she will burn. ⟦CTRL:2⟧ You will wait here. ⟦CTRL:0⟧ Ho ho ho...	1,2,0	1,2,0	yes	hiragana:50; katakana:0; kanji:0; Latin:0; digits:0; phonetic hiragana orthography	おれ: plain-to-rough masculine first person | おまえ: familiar or rough second person; relationship and tone matter | じゃ: old-person/western-style copula; context decides voice versus region	おとな → 大人 | むすめ → 娘	ellipsis carries timing/hesitation tone	medium		
358	T22	T22/g0/r16	scenario	group 0 @ 0xAA4E; record 16	group-compressed	ろうそくのひかりで ほのかにあかるい	ろうそくのひかりで ほのかにあかるい	rousokunohikaride honokaniakarui	ろうそくのひかりで ほのかにあかるい	Dim candlelight fills it	Dim candlelight fills it			yes	hiragana:17; katakana:0; kanji:0; Latin:0; digits:0; phonetic hiragana orthography		Source suppresses normal kanji/katakana distinctions; restore only with context		medium		
359	T22	T22/g0/r17	scenario	group 0 @ 0xAA4E; record 17	group-compressed	うすぐらい	うすぐらい	usugurai	うすぐらい	It is dim.	It is dim.			yes	hiragana:5; katakana:0; kanji:0; Latin:0; digits:0; phonetic hiragana orthography		Source suppresses normal kanji/katakana distinctions; restore only with context		medium		
360	T22	T22/g0/r18	scenario	group 0 @ 0xAA4E; record 18	group-compressed	くるしそうに かおをゆがめている	くるしそうに かおをゆがめている	kurushisouni kaooyugameteiru	くるしそうに かおをゆがめている	His face twists in pain.	His face twists in pain.			yes	hiragana:15; katakana:0; kanji:0; Latin:0; digits:0; phonetic hiragana orthography		Source suppresses normal kanji/katakana distinctions; restore only with context		medium		
361	T22	T22/g0/r19	scenario	group 0 @ 0xAA4E; record 19	group-compressed	きを うしなっている	きを うしなっている	kio ushinatteiru	きを うしなっている	Unconscious.	Unconscious.			yes	hiragana:9; katakana:0; kanji:0; Latin:0; digits:0; phonetic hiragana orthography		Source suppresses normal kanji/katakana distinctions; restore only with context		medium		
362	T22	T22/g0/r20	scenario	group 0 @ 0xAA4E; record 20	group-compressed	ろうそくが もえつきそうだ	ろうそくが もえつきそうだ	rousokuga moetsukisouda	ろうそくが もえつきそうだ	The candle's nearly out.	The candle's nearly out.			yes	hiragana:12; katakana:0; kanji:0; Latin:0; digits:0; phonetic hiragana orthography		Source suppresses normal kanji/katakana distinctions; restore only with context		medium		
363	T22	T22/g0/r21	scenario	group 0 @ 0xAA4E; record 21	group-compressed	でいりぐちは ひとつしかない	でいりぐちは ひとつしかない	deiriguchiha hitotsushikanai	でいりぐちは ひとつしかない	There is only one exit.	There is only one exit.			yes	hiragana:13; katakana:0; kanji:0; Latin:0; digits:0; phonetic hiragana orthography		Source suppresses normal kanji/katakana distinctions; restore only with context		medium		
364	T22	T22/g0/r22	scenario	group 0 @ 0xAA4E; record 22	group-compressed	なかから ひかりがもれてる……	なかから ひかりがもれてる……	nakakara hikarigamoreteru……	なかから ひかりがもれてる……	Light leaks from inside.	Light leaks from inside.			yes	hiragana:12; katakana:0; kanji:0; Latin:0; digits:0; phonetic hiragana orthography		Source suppresses normal kanji/katakana distinctions; restore only with context	ellipsis carries timing/hesitation tone	medium		
365	T22	T22/g0/r23	scenario	group 0 @ 0xAA4E; record 23	group-compressed	ひみつのつうろだ	ひみつのつうろだ	himitsunotsuuroda	ひみつのつうろだ	A secret passage.	A secret passage.			yes	hiragana:8; katakana:0; kanji:0; Latin:0; digits:0; phonetic hiragana orthography		Source suppresses normal kanji/katakana distinctions; restore only with context		medium		
366	T22	T22/g0/r24	scenario	group 0 @ 0xAA4E; record 24	group-compressed	だれもいない	だれもいない	daremoinai	だれもいない	Nobody here.	Nobody here.			yes	hiragana:6; katakana:0; kanji:0; Latin:0; digits:0; phonetic hiragana orthography		Source suppresses normal kanji/katakana distinctions; restore only with context		medium		
367	T22	T22/g0/r25	scenario	group 0 @ 0xAA4E; record 25	group-compressed	ちの「……うぅ」	ちの「……うぅ」	chino「……uu」	ちの「……うぅ」	Chino: ... Ugh.	Chino: ... Ugh.			yes	hiragana:4; katakana:0; kanji:0; Latin:0; digits:0; phonetic hiragana orthography		Source suppresses normal kanji/katakana distinctions; restore only with context	ellipsis carries timing/hesitation tone	medium		
368	T22	T22/g0/r26	scenario	group 0 @ 0xAA4E; record 26	group-compressed	…………………………………………	…………………………………………	…………………………………………	…………………………………………	........................	........................			yes	hiragana:0; katakana:0; kanji:0; Latin:0; digits:0			ellipsis carries timing/hesitation tone	low		
369	T22	T22/g0/r27	scenario	group 0 @ 0xAA4E; record 27	group-compressed	もちはこぶには ながすぎる	もちはこぶには ながすぎる	mochihakobuniha nagasugiru	もちはこぶには ながすぎる	Too long to carry.	Too long to carry.			yes	hiragana:12; katakana:0; kanji:0; Latin:0; digits:0; phonetic hiragana orthography		Source suppresses normal kanji/katakana distinctions; restore only with context		medium		
370	T22	T22/g0/r28	scenario	group 0 @ 0xAA4E; record 28	group-compressed	あいた…… ひみつのつうろだ	あいた…… ひみつのつうろだ	aita…… himitsunotsuuroda	あいた…… ひみつのつうろだ	Opened... a secret path!	Opened... a secret path!			yes	hiragana:11; katakana:0; kanji:0; Latin:0; digits:0; phonetic hiragana orthography		Source suppresses normal kanji/katakana distinctions; restore only with context	ellipsis carries timing/hesitation tone	medium		
371	T22	T22/g0/r29	scenario	group 0 @ 0xAA4E; record 29	group-compressed	むだだ	むだだ	mudada	むだだ	No use.	No use.			yes	hiragana:3; katakana:0; kanji:0; Latin:0; digits:0; phonetic hiragana orthography		Source suppresses normal kanji/katakana distinctions; restore only with context		medium		
372	T22	T22/g0/r30	scenario	group 0 @ 0xAA4E; record 30	group-compressed	ゆかに まほうじんがつくられ{CTRL:0}まんなかに おおきなはこがおいてある	ゆかに まほうじんがつくられ ⟦CTRL:0⟧ まんなかに おおきなはこがおいてある	yukani mahoujingatsukurare / mannakani ookinahakogaoitearu	ゆかに まほうじんがつくられまんなかに おおきなはこがおいてある	A magic circle is drawn{CTRL:0}with a large box inside.	A magic circle is drawn ⟦CTRL:0⟧ with a large box inside.	0	0	yes	hiragana:30; katakana:0; kanji:0; Latin:0; digits:0; phonetic hiragana orthography		Source suppresses normal kanji/katakana distinctions; restore only with context		medium		
373	T22	T22/g0/r31	scenario	group 0 @ 0xAA4E; record 31	group-compressed	ごてごてした ぶきみなかざりがついている{CTRL:0}どこかでみたことが……	ごてごてした ぶきみなかざりがついている ⟦CTRL:0⟧ どこかでみたことが……	gotegoteshita bukiminakazarigatsuiteiru / dokokademitakotoga……	ごてごてした ぶきみなかざりがついているどこかでみたことが……	It has eerie ornaments.{CTRL:0}I have seen it before...	It has eerie ornaments. ⟦CTRL:0⟧ I have seen it before...	0	0	yes	hiragana:28; katakana:0; kanji:0; Latin:0; digits:0; phonetic hiragana orthography		Source suppresses normal kanji/katakana distinctions; restore only with context	ellipsis carries timing/hesitation tone	medium		
374	T22	T22/g1/r0	scenario	group 1 @ 0xADA0; record 0	group-compressed	かみきれを てにとってみてみると	かみきれを てにとってみてみると	kamikireo tenitottemitemiruto	かみきれを てにとってみてみると	I pick up the paper.	I pick up the paper.			yes	hiragana:15; katakana:0; kanji:0; Latin:0; digits:0; phonetic hiragana orthography		Source suppresses normal kanji/katakana distinctions; restore only with context		medium		
375	T22	T22/g1/r1	scenario	group 1 @ 0xADA0; record 1	group-compressed	「     けいやくしょ{CTRL:1} やみのしはいしゃ・あくまよ われは{CTRL:0} なんじにぬかずくもの なんじはわがせいぎのかみ{CTRL:6} あくとくと ちゅうしょうと あらゆるざいあくに{CTRL:4} すべてをささげることを ここにかたくちかわん{CTRL:3}                  しきょう」	「     けいやくしょ ⟦CTRL:1⟧  やみのしはいしゃ・あくまよ われは ⟦CTRL:0⟧  なんじにぬかずくもの なんじはわがせいぎのかみ ⟦CTRL:6⟧  あくとくと ちゅうしょうと あらゆるざいあくに ⟦CTRL:4⟧  すべてをささげることを ここにかたくちかわん ⟦CTRL:3⟧                   しきょう」	「     keiyakusho /  yaminoshihaisha・akumayo wareha /  nanjininukazukumono nanjihawagaseiginokami /  akutokuto chuushouto arayuruzaiakuni /  subeteosasagerukotoo kokonikatakuchikawan /                   shikyou」	「     けいやくしょ やみのしはいしゃ・あくまよ われは なんじにぬかずくもの なんじはわがせいぎのかみ あくとくと ちゅうしょうと あらゆるざいあくに すべてをささげることを ここにかたくちかわん                  しきょう」	"""PACT{CTRL:1}O Devil, lord of night,{CTRL:0}I kneel. You are my god{CTRL:6}of justice. I pledge all{CTRL:4}to vice, slander, evil.{CTRL:3}Bishop"""	"""PACT ⟦CTRL:1⟧ O Devil, lord of night, ⟦CTRL:0⟧ I kneel. You are my god ⟦CTRL:6⟧ of justice. I pledge all ⟦CTRL:4⟧ to vice, slander, evil. ⟦CTRL:3⟧ Bishop"""	1,0,6,4,3	1,0,6,4,3	yes	hiragana:89; katakana:1; kanji:0; Latin:0; digits:0		あくま → 悪魔		low		
376	T22	T22/g1/r2	scenario	group 1 @ 0xADA0; record 2	group-compressed	けいやくしょを てにいれた	けいやくしょを てにいれた	keiyakushoo teniireta	けいやくしょを てにいれた	Obtained the pact.	Obtained the pact.			yes	hiragana:12; katakana:0; kanji:0; Latin:0; digits:0; phonetic hiragana orthography		Source suppresses normal kanji/katakana distinctions; restore only with context		medium		
377	T22	T22/g1/r3	scenario	group 1 @ 0xADA0; record 3	group-compressed	なにを！	なにを！	nanio！	なにを！	What are you doing?!	What are you doing?!			yes	hiragana:3; katakana:0; kanji:0; Latin:0; digits:0; phonetic hiragana orthography		Source suppresses normal kanji/katakana distinctions; restore only with context		medium		
378	T22	T22/g1/r4	scenario	group 1 @ 0xADA0; record 4	group-compressed	おもくてもてない	おもくてもてない	omokutemotenai	おもくてもてない	It is too heavy to lift.	It is too heavy to lift.			yes	hiragana:8; katakana:0; kanji:0; Latin:0; digits:0; phonetic hiragana orthography		Source suppresses normal kanji/katakana distinctions; restore only with context		medium		
379	T22	T22/g1/r5	scenario	group 1 @ 0xADA0; record 5	group-compressed	1まいのかみきれが はいっている	1まいのかみきれが はいっている	1mainokamikirega haitteiru	1まいのかみきれが はいっている	A sheet of paper inside.	A sheet of paper inside.			yes	hiragana:14; katakana:0; kanji:0; Latin:0; digits:1; phonetic hiragana orthography		Source suppresses normal kanji/katakana distinctions; restore only with context	source numerals ['1']; verify dates/counts and Japanese ordering	medium		
380	T22	T22/g1/r6	scenario	group 1 @ 0xADA0; record 6	group-compressed	しきょう「これから このむすめのひあぶりを{CTRL:0} おこなうのだが… みせしめのため もっとひとが{CTRL:0} あつまってからのほうが おもしろいのう{CTRL:6} ふぉふぉふぉ……」	しきょう「これから このむすめのひあぶりを ⟦CTRL:0⟧  おこなうのだが… みせしめのため もっとひとが ⟦CTRL:0⟧  あつまってからのほうが おもしろいのう ⟦CTRL:6⟧  ふぉふぉふぉ……」	shikyou「korekara konomusumenohiaburio /  okonaunodaga… miseshimenotame mottohitoga /  atsumattekaranohouga omoshiroinou /  fofofo……」	しきょう「これから このむすめのひあぶりを おこなうのだが… みせしめのため もっとひとが あつまってからのほうが おもしろいのう ふぉふぉふぉ……」	Bishop: She will burn,{CTRL:0}once a crowd gathers.{CTRL:0}A public lesson is best.{CTRL:6}Ho ho ho...	Bishop: She will burn, ⟦CTRL:0⟧ once a crowd gathers. ⟦CTRL:0⟧ A public lesson is best. ⟦CTRL:6⟧ Ho ho ho...	0,0,6	0,0,6	yes	hiragana:63; katakana:0; kanji:0; Latin:0; digits:0; phonetic hiragana orthography	のう: elderly/reflective sentence ending; often fictional voice	むすめ → 娘	ellipsis carries timing/hesitation tone	medium		
381	T22	T22/g1/r7	scenario	group 1 @ 0xADA0; record 7	group-compressed	しきょう「さかや るごーのまごむすめ{CTRL:0} じゃんぬ・だるくは あくまのせんれいをうけ{CTRL:0} みにくき よくぼうのとりこと なりはてた……{CTRL:6} よってきょうかいのなにより しけいにしょす」	しきょう「さかや るごーのまごむすめ ⟦CTRL:0⟧  じゃんぬ・だるくは あくまのせんれいをうけ ⟦CTRL:0⟧  みにくき よくぼうのとりこと なりはてた…… ⟦CTRL:6⟧  よってきょうかいのなにより しけいにしょす」	shikyou「sakaya rugoonomagomusume /  jannu・darukuha akumanosenreiouke /  minikuki yokubounotorikoto narihateta…… /  yottekyoukainonaniyori shikeinishosu」	しきょう「さかや るごーのまごむすめ じゃんぬ・だるくは あくまのせんれいをうけ みにくき よくぼうのとりこと なりはてた…… よってきょうかいのなにより しけいにしょす」	Bishop: Jeanne d'Arc,{CTRL:0}Lugot's granddaughter,{CTRL:0}Devil-baptized, depraved{CTRL:6}Church orders her death.	Bishop: Jeanne d'Arc, ⟦CTRL:0⟧ Lugot's granddaughter, ⟦CTRL:0⟧ Devil-baptized, depraved ⟦CTRL:6⟧ Church orders her death.	0,0,6	0,0,6	yes	hiragana:72; katakana:2; kanji:0; Latin:0; digits:0		じゃんぬ → ジャンヌ (Jeanne) | きょうかい → 教会 | しけい → 死刑 | あくま → 悪魔 | むすめ → 娘	ellipsis carries timing/hesitation tone	low		
382	T22	T22/g1/r8	scenario	group 1 @ 0xADA0; record 8	group-compressed	だんしゃく「まて／ まて／ まて／{CTRL:0} そのむすめは まじょなんかじゃない／{CTRL:0} あくまのてさきは しきょうのほうだ／」	だんしゃく「まて／ まて／ まて／ ⟦CTRL:0⟧  そのむすめは まじょなんかじゃない／ ⟦CTRL:0⟧  あくまのてさきは しきょうのほうだ／」	danshaku「mate／ mate／ mate／ /  sonomusumeha majonankajanai／ /  akumanotesakiha shikyounohouda／」	だんしゃく「まて／ まて／ まて／ そのむすめは まじょなんかじゃない／ あくまのてさきは しきょうのほうだ／」	Baron: Stop! Stop! Stop!{CTRL:0}That girl is no witch!{CTRL:0}The bishop serves Satan!	Baron: Stop! Stop! Stop! ⟦CTRL:0⟧ That girl is no witch! ⟦CTRL:0⟧ The bishop serves Satan!	0,0	0,0	yes	hiragana:43; katakana:0; kanji:0; Latin:0; digits:0; phonetic hiragana orthography	じゃ: old-person/western-style copula; context decides voice versus region	あくま → 悪魔 | むすめ → 娘		medium		
383	T22	T22/g1/r9	scenario	group 1 @ 0xADA0; record 9	group-compressed	しきょう「た たわけたことを……」{CTRL:1}だんしゃく「だまれ／ おまえがあくまとかわした{CTRL:0} このけいやくしょが うごかぬしょうこだ／」	しきょう「た たわけたことを……」 ⟦CTRL:1⟧ だんしゃく「だまれ／ おまえがあくまとかわした ⟦CTRL:0⟧  このけいやくしょが うごかぬしょうこだ／」	shikyou「ta tawaketakotoo……」 / danshaku「damare／ omaegaakumatokawashita /  konokeiyakushoga ugokanushoukoda／」	しきょう「た たわけたことを……」だんしゃく「だまれ／ おまえがあくまとかわした このけいやくしょが うごかぬしょうこだ／」	Bishop: N-nonsense...{CTRL:1}Baron: Quiet! Your pact{CTRL:0}with the Devil is proof!	Bishop: N-nonsense... ⟦CTRL:1⟧ Baron: Quiet! Your pact ⟦CTRL:0⟧ with the Devil is proof!	1,0	1,0	yes	hiragana:50; katakana:0; kanji:0; Latin:0; digits:0; phonetic hiragana orthography	わし: elderly or authoritative masculine first person; character voice, not necessarily regional | おまえ: familiar or rough second person; relationship and tone matter	あくま → 悪魔	ellipsis carries timing/hesitation tone	medium		
384	T22	T22/g1/r10	scenario	group 1 @ 0xADA0; record 10	group-compressed	じょうないがいっしゅん みずをうったように{CTRL:0}しずまりかえった{CTRL:2}そして……{CTRL:0}{CTRL:3}……「よくもいままで……／」{CTRL:3}……「むすめを おろせ／」{CTRL:4}……「しきょうを やっつけろ／ やつこそ{CTRL:4} ひあぶりだ／」	じょうないがいっしゅん みずをうったように ⟦CTRL:0⟧ しずまりかえった ⟦CTRL:2⟧ そして…… ⟦CTRL:0⟧  ⟦CTRL:3⟧ ……「よくもいままで……／」 ⟦CTRL:3⟧ ……「むすめを おろせ／」 ⟦CTRL:4⟧ ……「しきょうを やっつけろ／ やつこそ ⟦CTRL:4⟧  ひあぶりだ／」	jounaigaisshun mizuouttayouni / shizumarikaetta / soshite…… /  / ……「yokumoimamade……／」 / ……「musumeo orose／」 / ……「shikyouo yattsukero／ yatsukoso /  hiaburida／」	じょうないがいっしゅん みずをうったようにしずまりかえったそして…………「よくもいままで……／」……「むすめを おろせ／」……「しきょうを やっつけろ／ やつこそ ひあぶりだ／」	The crowd falls silent.{CTRL:0}Then...{CTRL:2}{CTRL:0}{CTRL:3}Man: You deceived us!{CTRL:3}Man: Lower the girl!{CTRL:4}Man: Get the bishop! He{CTRL:4}belongs on the pyre!	The crowd falls silent. ⟦CTRL:0⟧ Then... ⟦CTRL:2⟧  ⟦CTRL:0⟧  ⟦CTRL:3⟧ Man: You deceived us! ⟦CTRL:3⟧ Man: Lower the girl! ⟦CTRL:4⟧ Man: Get the bishop! He ⟦CTRL:4⟧ belongs on the pyre!	0,2,0,3,3,4,4	0,2,0,3,3,4,4	yes	hiragana:64; katakana:0; kanji:0; Latin:0; digits:0; phonetic hiragana orthography		むすめ → 娘	ellipsis carries timing/hesitation tone	low		
385	T22	T22/g1/r11	scenario	group 1 @ 0xADA0; record 11	group-compressed	しきょう「ま まあまて…… はなせばわかる……」{CTRL:0}……「うるせーーっ／」{CTRL:0}しきょう「わあああーーっ／」	しきょう「ま まあまて…… はなせばわかる……」 ⟦CTRL:0⟧ ……「うるせーーっ／」 ⟦CTRL:0⟧ しきょう「わあああーーっ／」	shikyou「ma maamate…… hanasebawakaru……」 / ……「uruseee／」 / sshikyou「waaaaaa／」	しきょう「ま まあまて…… はなせばわかる……」……「うるせーーっ／」しきょう「わあああーーっ／」	Bishop: W-wait! Listen!{CTRL:0}Man: Shut up!{CTRL:0}Bishop: Aaaah!!	Bishop: W-wait! Listen! ⟦CTRL:0⟧ Man: Shut up! ⟦CTRL:0⟧ Bishop: Aaaah!!	0,0	0,0	yes	hiragana:29; katakana:4; kanji:0; Latin:0; digits:0		わかる → 分かる	ellipsis carries timing/hesitation tone	low		
386	T22	T22/g1/r12	scenario	group 1 @ 0xADA0; record 12	group-compressed	ひは まだついていない	ひは まだついていない	hiha madatsuiteinai	ひは まだついていない	The fire is not lit yet.	The fire is not lit yet.			yes	hiragana:10; katakana:0; kanji:0; Latin:0; digits:0; phonetic hiragana orthography		Source suppresses normal kanji/katakana distinctions; restore only with context		medium		
387	T22	T22/g1/r13	scenario	group 1 @ 0xADA0; record 13	group-compressed	ぐったりと したをむいたままだ	ぐったりと したをむいたままだ	guttarito shitaomuitamamada	ぐったりと したをむいたままだ	Her head hangs limp.	Her head hangs limp.			yes	hiragana:14; katakana:0; kanji:0; Latin:0; digits:0; phonetic hiragana orthography		Source suppresses normal kanji/katakana distinctions; restore only with context		medium		
388	T22	T22/g1/r14	scenario	group 1 @ 0xADA0; record 14	group-compressed	じわじわと くるしめるつもりか	じわじわと くるしめるつもりか	jiwajiwato kurushimerutsumorika	じわじわと くるしめるつもりか	Slowly tormenting her...	Slowly tormenting her...			yes	hiragana:14; katakana:0; kanji:0; Latin:0; digits:0; phonetic hiragana orthography		Source suppresses normal kanji/katakana distinctions; restore only with context		medium		
389	T22	T22/g1/r15	scenario	group 1 @ 0xADA0; record 15	group-compressed	めを まっかになきはらしている	めを まっかになきはらしている	meo makkaninakiharashiteiru	めを まっかになきはらしている	His eyes are red, puffy.	His eyes are red, puffy.			yes	hiragana:14; katakana:0; kanji:0; Latin:0; digits:0; phonetic hiragana orthography		Source suppresses normal kanji/katakana distinctions; restore only with context		medium		
390	T22	T22/g1/r16	scenario	group 1 @ 0xADA0; record 16	group-compressed	いきをのんで しょけいだいをみつめている	いきをのんで しょけいだいをみつめている	ikiononde shokeidaiomitsumeteiru	いきをのんで しょけいだいをみつめている	He watches the scaffold.	He watches the scaffold.			yes	hiragana:19; katakana:0; kanji:0; Latin:0; digits:0; phonetic hiragana orthography		Source suppresses normal kanji/katakana distinctions; restore only with context		medium		
391	T22	T22/g1/r17	scenario	group 1 @ 0xADA0; record 17	group-compressed	……「ちくしょう みちゃいられない…」{CTRL:0}……「かみさま…／」	……「ちくしょう みちゃいられない…」 ⟦CTRL:0⟧ ……「かみさま…／」	……「chikushou michairarenai…」 / ……「kamisama…／」	……「ちくしょう みちゃいられない…」……「かみさま…／」	Man: Damn, can't watch.{CTRL:0}Man: God help her!	Man: Damn, can't watch. ⟦CTRL:0⟧ Man: God help her!	0	0	yes	hiragana:17; katakana:0; kanji:0; Latin:0; digits:0; phonetic hiragana orthography	さま: -sama: high respect, worship, status, or irony	かみさま → 神様	ellipsis carries timing/hesitation tone	medium		
392	T22	T22/g1/r18	scenario	group 1 @ 0xADA0; record 18	group-compressed	しきょう「ぶ ぶれいもの はなせ／ こら／{CTRL:0} きさまら このままですむとおもうな／」	しきょう「ぶ ぶれいもの はなせ／ こら／ ⟦CTRL:0⟧  きさまら このままですむとおもうな／」	shikyou「bu bureimono hanase／ kora／ /  kisamara konomamadesumutoomouna／」	しきょう「ぶ ぶれいもの はなせ／ こら／ きさまら このままですむとおもうな／」	Bishop: L-let go, fools!{CTRL:0}You'll pay for this!	Bishop: L-let go, fools! ⟦CTRL:0⟧ You'll pay for this!	0	0	yes	hiragana:31; katakana:0; kanji:0; Latin:0; digits:0; phonetic hiragana orthography	きさま: hostile/contemptuous second person in modern usage	おもう → 思う		medium		
393	T22	T22/g1/r19	scenario	group 1 @ 0xADA0; record 19	group-compressed	るごー「しっかりしろ じゃんぬ／」{CTRL:0}じゃんぬ「うぅ……」	るごー「しっかりしろ じゃんぬ／」 ⟦CTRL:0⟧ じゃんぬ「うぅ……」	rugoo「shikkarishiro jannu／」 / jannu「uu……」	るごー「しっかりしろ じゃんぬ／」じゃんぬ「うぅ……」	Lugot: Hold on, Jeanne!{CTRL:0}Jeanne: Ugh...	Lugot: Hold on, Jeanne! ⟦CTRL:0⟧ Jeanne: Ugh...	0	0	yes	hiragana:18; katakana:1; kanji:0; Latin:0; digits:0		じゃんぬ → ジャンヌ (Jeanne)	ellipsis carries timing/hesitation tone	low		
394	T22	T22/g1/r20	scenario	group 1 @ 0xADA0; record 20	group-compressed	{CTRL:0}{CTRL:0}るごー「よかった…… お おおーーん／」{CTRL:6}じゃんぬ「いまわたし…… はりつけになりながら{CTRL:4} かみさまのおつげを きいた……」{CTRL:3}るごー「おつげ！」{CTRL:3}じゃんぬ「じゅんぱくのよろいを みにつけ{CTRL:4} そこくのためにたたかえ{CTRL:3} おまえのはしりぬけたあとに かならずや{CTRL:4} あたらしいみちが できる……と」{CTRL:3}るごー「じゃんぬ……」	⟦CTRL:0⟧  ⟦CTRL:0⟧ るごー「よかった…… お おおーーん／」 ⟦CTRL:6⟧ じゃんぬ「いまわたし…… はりつけになりながら ⟦CTRL:4⟧  かみさまのおつげを きいた……」 ⟦CTRL:3⟧ るごー「おつげ！」 ⟦CTRL:3⟧ じゃんぬ「じゅんぱくのよろいを みにつけ ⟦CTRL:4⟧  そこくのためにたたかえ ⟦CTRL:3⟧  おまえのはしりぬけたあとに かならずや ⟦CTRL:4⟧  あたらしいみちが できる……と」 ⟦CTRL:3⟧ るごー「じゃんぬ……」	 /  / rugoo「yokatta…… o oooon／」 / jannu「imawatashi…… haritsukeninarinagara /  kamisamanootsugeo kiita……」 / rugoo「otsuge！」 / jannu「junpakunoyoroio minitsuke /  sokokunotamenitatakae /  omaenohashirinuketaatoni kanarazuya /  atarashiimichiga dekiru……to」 / rugoo「jannu……」	るごー「よかった…… お おおーーん／」じゃんぬ「いまわたし…… はりつけになりながら かみさまのおつげを きいた……」るごー「おつげ！」じゃんぬ「じゅんぱくのよろいを みにつけ そこくのためにたたかえ おまえのはしりぬけたあとに かならずや あたらしいみちが できる……と」るごー「じゃんぬ……」	{CTRL:0}{CTRL:0}Lugot: Thank God... sob!{CTRL:6}Jeanne: On that cross...{CTRL:4}I heard God's message.{CTRL:3}Lugot: A revelation?!{CTRL:3}Jeanne: Don white armor,{CTRL:4}fight for your homeland.{CTRL:3}Where you charge ahead,{CTRL:4}a new road will open...{CTRL:3}Lugot: Jeanne...	⟦CTRL:0⟧  ⟦CTRL:0⟧ Lugot: Thank God... sob! ⟦CTRL:6⟧ Jeanne: On that cross... ⟦CTRL:4⟧ I heard God's message. ⟦CTRL:3⟧ Lugot: A revelation?! ⟦CTRL:3⟧ Jeanne: Don white armor, ⟦CTRL:4⟧ fight for your homeland. ⟦CTRL:3⟧ Where you charge ahead, ⟦CTRL:4⟧ a new road will open... ⟦CTRL:3⟧ Lugot: Jeanne...	0,0,6,4,3,3,4,3,4,3	0,0,6,4,3,3,4,3,4,3	yes	hiragana:111; katakana:5; kanji:0; Latin:0; digits:0	おまえ: familiar or rough second person; relationship and tone matter | さま: -sama: high respect, worship, status, or irony | ぬ: literary/archaic negative	じゃんぬ → ジャンヌ (Jeanne) | かみさま → 神様	ellipsis carries timing/hesitation tone	medium		
395	T22	T22/g1/r21	scenario	group 1 @ 0xADA0; record 21	group-compressed	じゃんぬ・だるく…… かみのこと{CTRL:0}たたえられ ふらんすの きゅうせいしゅになった{CTRL:0}うつくしきむすめか……	じゃんぬ・だるく…… かみのこと ⟦CTRL:0⟧ たたえられ ふらんすの きゅうせいしゅになった ⟦CTRL:0⟧ うつくしきむすめか……	jannu・daruku…… kaminokoto / tataerare furansuno kyuuseishuninatta / utsukushikimusumeka……	じゃんぬ・だるく…… かみのことたたえられ ふらんすの きゅうせいしゅになったうつくしきむすめか……	Jeanne d'Arc...{CTRL:0}hailed as God's child,{CTRL:0}France's fair savior...	Jeanne d'Arc... ⟦CTRL:0⟧ hailed as God's child, ⟦CTRL:0⟧ France's fair savior...	0,0	0,0	yes	hiragana:42; katakana:1; kanji:0; Latin:0; digits:0		じゃんぬ → ジャンヌ (Jeanne) | むすめ → 娘 | かみ → 神/紙/髪	ellipsis carries timing/hesitation tone	medium		
396	T22	T22/g1/r22	scenario	group 1 @ 0xADA0; record 22	group-compressed	おれ「ん！{CTRL:1} ま また／」	おれ「ん！ ⟦CTRL:1⟧  ま また／」	ore「n！ /  ma mata／」	おれ「ん！ ま また／」	Me: Hm?!{CTRL:1}A-again?!	Me: Hm?! ⟦CTRL:1⟧ A-again?!	1	1	yes	hiragana:6; katakana:0; kanji:0; Latin:0; digits:0; phonetic hiragana orthography	おれ: plain-to-rough masculine first person	Source suppresses normal kanji/katakana distinctions; restore only with context		medium		
397	T22	T22/g1/r23	scenario	group 1 @ 0xADA0; record 23	group-compressed	うわああーーーっ／	うわああーーーっ／	uwaaaaaa／	うわああーーーっ／	Aaaaaah!!	Aaaaaah!!			yes	hiragana:5; katakana:3; kanji:0; Latin:0; digits:0		Source suppresses normal kanji/katakana distinctions; restore only with context		medium		
398	T22	T22/g1/r24	scenario	group 1 @ 0xADA0; record 24	group-compressed	いきどまりだ	いきどまりだ	ikidomarida	いきどまりだ	A dead end.	A dead end.			yes	hiragana:6; katakana:0; kanji:0; Latin:0; digits:0; phonetic hiragana orthography		Source suppresses normal kanji/katakana distinctions; restore only with context		medium		
399	T22	T22/g1/r25	scenario	group 1 @ 0xADA0; record 25	group-compressed	かぎがかかっている	かぎがかかっている	kagigakakatteiru	かぎがかかっている	Locked.	Locked.			yes	hiragana:9; katakana:0; kanji:0; Latin:0; digits:0; phonetic hiragana orthography		Source suppresses normal kanji/katakana distinctions; restore only with context		medium		
400	TT3A	TT3A/g0/r0	scenario	group 0 @ 0xAF3B; record 0	group-compressed	どこだ ここは……	どこだ ここは……	dokoda kokoha……	どこだ ここは……	Where am I...?	Where am I...?			yes	hiragana:6; katakana:0; kanji:0; Latin:0; digits:0; phonetic hiragana orthography		Source suppresses normal kanji/katakana distinctions; restore only with context	ellipsis carries timing/hesitation tone	medium		
401	TT3A	TT3A/g0/r1	scenario	group 0 @ 0xAF3B; record 1	group-compressed	どこかのしきちだ{CTRL:1}てつじょうもうのむこうに もりがみえる	どこかのしきちだ ⟦CTRL:1⟧ てつじょうもうのむこうに もりがみえる	dokokanoshikichida / tetsujoumounomukouni morigamieru	どこかのしきちだてつじょうもうのむこうに もりがみえる	Some kind of compound.{CTRL:1}Woods lie past the wire.	Some kind of compound. ⟦CTRL:1⟧ Woods lie past the wire.	1	1	yes	hiragana:26; katakana:0; kanji:0; Latin:0; digits:0; phonetic hiragana orthography		Source suppresses normal kanji/katakana distinctions; restore only with context		medium		
402	TT3A	TT3A/g0/r2	scenario	group 0 @ 0xAF3B; record 2	group-compressed	ぐんぷくをきている	ぐんぷくをきている	gunpukuokiteiru	ぐんぷくをきている	A military uniform.	A military uniform.			yes	hiragana:9; katakana:0; kanji:0; Latin:0; digits:0; phonetic hiragana orthography		Source suppresses normal kanji/katakana distinctions; restore only with context		medium		
403	TT3A	TT3A/g0/r3	scenario	group 0 @ 0xAF3B; record 3	group-compressed	{CTRL:0}ぽけっとに なにかあるぞ	⟦CTRL:0⟧ ぽけっとに なにかあるぞ	 / pokettoni nanikaaruzo	ぽけっとに なにかあるぞ	{CTRL:0}Something in the pocket.	⟦CTRL:0⟧ Something in the pocket.	0	0	yes	hiragana:11; katakana:0; kanji:0; Latin:0; digits:0; phonetic hiragana orthography	ぞ: forceful assertion or command emphasis	Source suppresses normal kanji/katakana distinctions; restore only with context		medium		
404	TT3A	TT3A/g0/r4	scenario	group 0 @ 0xAF3B; record 4	group-compressed	ちいさなぺんちが はいっている	ちいさなぺんちが はいっている	chiisanapenchiga haitteiru	ちいさなぺんちが はいっている	A small pair of pliers.	A small pair of pliers.			yes	hiragana:14; katakana:0; kanji:0; Latin:0; digits:0; phonetic hiragana orthography		Source suppresses normal kanji/katakana distinctions; restore only with context		medium		
405	TT3A	TT3A/g0/r5	scenario	group 0 @ 0xAF3B; record 5	group-compressed	なにもない	なにもない	nanimonai	なにもない	Nothing here.	Nothing here.			yes	hiragana:5; katakana:0; kanji:0; Latin:0; digits:0; phonetic hiragana orthography		Source suppresses normal kanji/katakana distinctions; restore only with context		medium		
406	TT3A	TT3A/g0/r6	scenario	group 0 @ 0xAF3B; record 6	group-compressed	だれもいない	だれもいない	daremoinai	だれもいない	Nobody here.	Nobody here.			yes	hiragana:6; katakana:0; kanji:0; Latin:0; digits:0; phonetic hiragana orthography		Source suppresses normal kanji/katakana distinctions; restore only with context		medium		
407	TT3A	TT3A/g0/r7	scenario	group 0 @ 0xAF3B; record 7	group-compressed	ぽけっとから とりだした	ぽけっとから とりだした	pokettokara toridashita	ぽけっとから とりだした	I take it from my pocket	I take it from my pocket			yes	hiragana:11; katakana:0; kanji:0; Latin:0; digits:0; phonetic hiragana orthography		Source suppresses normal kanji/katakana distinctions; restore only with context		medium		
408	TT3A	TT3A/g0/r8	scenario	group 0 @ 0xAF3B; record 8	group-compressed	ぺんちで てっせんをきった	ぺんちで てっせんをきった	penchide tessenokitta	ぺんちで てっせんをきった	I cut through the wire.	I cut through the wire.			yes	hiragana:12; katakana:0; kanji:0; Latin:0; digits:0; phonetic hiragana orthography		Source suppresses normal kanji/katakana distinctions; restore only with context		medium		
409	TT3A	TT3A/g0/r9	scenario	group 0 @ 0xAF3B; record 9	group-compressed	これじゃむりだ	これじゃむりだ	korejamurida	これじゃむりだ	This will not work.	This will not work.			yes	hiragana:7; katakana:0; kanji:0; Latin:0; digits:0; phonetic hiragana orthography	じゃ: old-person/western-style copula; context decides voice versus region	Source suppresses normal kanji/katakana distinctions; restore only with context		medium		
410	TT3A	TT3A/g0/r10	scenario	group 0 @ 0xAF3B; record 10	group-compressed	……「とまれ／ とまらんとうつぞ／」{CTRL:0}おれ「／」	……「とまれ／ とまらんとうつぞ／」 ⟦CTRL:0⟧ おれ「／」	……「tomare／ tomarantoutsuzo／」 / ore「／」	……「とまれ／ とまらんとうつぞ／」おれ「／」	Voice: Halt or I fire!{CTRL:0}Me: What?!	Voice: Halt or I fire! ⟦CTRL:0⟧ Me: What?!	0	0	yes	hiragana:13; katakana:0; kanji:0; Latin:0; digits:0; phonetic hiragana orthography	おれ: plain-to-rough masculine first person	Source suppresses normal kanji/katakana distinctions; restore only with context	ellipsis carries timing/hesitation tone	medium		
411	TT3A	TT3A/g0/r11	scenario	group 0 @ 0xAF3B; record 11	group-compressed	へいし「だっそうへい1めい はっけん／」	へいし「だっそうへい1めい はっけん／」	heishi「dassouhei1mei hakken／」	へいし「だっそうへい1めい はっけん／」	Soldier: Escapee found!	Soldier: Escapee found!			yes	hiragana:15; katakana:0; kanji:0; Latin:0; digits:1; phonetic hiragana orthography		へいし → 兵士	source numerals ['1']; verify dates/counts and Japanese ordering	low		
412	TT3A	TT3A/g0/r12	scenario	group 0 @ 0xAF3B; record 12	group-compressed	…………………………………………{CTRL:0}なんで こうなるの……！	………………………………………… ⟦CTRL:0⟧ なんで こうなるの……！	………………………………………… / nande kounaruno……！	…………………………………………なんで こうなるの……！	........................{CTRL:0}Why does this happen?!	........................ ⟦CTRL:0⟧ Why does this happen?!	0	0	yes	hiragana:8; katakana:0; kanji:0; Latin:0; digits:0; phonetic hiragana orthography		Source suppresses normal kanji/katakana distinctions; restore only with context	ellipsis carries timing/hesitation tone	medium		
413	TT3A	TT3A/g0/r13	scenario	group 0 @ 0xAF3B; record 13	group-compressed	へいし「またきさまか／ くーがー{CTRL:1} ばつとして 2しゅうかんのどくぼういりだ／」	へいし「またきさまか／ くーがー ⟦CTRL:1⟧  ばつとして 2しゅうかんのどくぼういりだ／」	heishi「matakisamaka／ kuugaa /  batsutoshite 2shuukannodokubouirida／」	へいし「またきさまか／ くーがー ばつとして 2しゅうかんのどくぼういりだ／」	Soldier: Cougar, again?{CTRL:1}Two weeks in solitary!	Soldier: Cougar, again? ⟦CTRL:1⟧ Two weeks in solitary!	1	1	yes	hiragana:29; katakana:2; kanji:0; Latin:0; digits:1	きさま: hostile/contemptuous second person in modern usage	へいし → 兵士	source numerals ['2']; verify dates/counts and Japanese ordering	medium		
414	TT3A	TT3A/g0/r14	scenario	group 0 @ 0xAF3B; record 14	group-compressed	とき……1944ねん 7がつ{CTRL:0}ばしょ……どいつなんぶ ほりょしゅうようじょ{CTRL:0}なまえ……くーがー{CTRL:0}しょくぎょう……あめりか くうぐんちゅうい	とき……1944ねん 7がつ ⟦CTRL:0⟧ ばしょ……どいつなんぶ ほりょしゅうようじょ ⟦CTRL:0⟧ なまえ……くーがー ⟦CTRL:0⟧ しょくぎょう……あめりか くうぐんちゅうい	toki……1944nen 7gatsu / basho……doitsunanbu horyoshuuyoujo / namae……kuugaa / shokugyou……amerika kuugunchuui	とき……1944ねん 7がつばしょ……どいつなんぶ ほりょしゅうようじょなまえ……くーがーしょくぎょう……あめりか くうぐんちゅうい	TIME: JULY 1944{CTRL:0}S. GERMANY POW CAMP{CTRL:0}NAME: COUGAR{CTRL:0}U.S. AIR FORCE 1ST LT.	TIME: JULY 1944 ⟦CTRL:0⟧ S. GERMANY POW CAMP ⟦CTRL:0⟧ NAME: COUGAR ⟦CTRL:0⟧ U.S. AIR FORCE 1ST LT.	0,0,0	0,0,0	yes	hiragana:48; katakana:2; kanji:0; Latin:0; digits:5		あめりか → アメリカ (America) | どいつ → ドイツ (Germany) | なまえ → 名前	source numerals ['1944', '7']; verify dates/counts and Japanese ordering | ellipsis carries timing/hesitation tone	low		
415	TT3A	TT3A/g0/r15	scenario	group 0 @ 0xAF3B; record 15	group-compressed	……というわけでおれは{CTRL:0}だい2じせかいたいせんちゅうの どいつに{CTRL:0}たいむわーぷしたらしい{CTRL:6}しかも ほりょのからだに のりうつって……	……というわけでおれは ⟦CTRL:0⟧ だい2じせかいたいせんちゅうの どいつに ⟦CTRL:0⟧ たいむわーぷしたらしい ⟦CTRL:6⟧ しかも ほりょのからだに のりうつって……	……toiuwakedeoreha / dai2jisekaitaisenchuuno doitsuni / taimuwaapushitarashii / shikamo horyonokaradani noriutsutte……	……というわけでおれはだい2じせかいたいせんちゅうの どいつにたいむわーぷしたらしいしかも ほりょのからだに のりうつって……	I time-warped{CTRL:0}to wartime Germany{CTRL:0}in World War II.{CTRL:6}And possessed a POW...	I time-warped ⟦CTRL:0⟧ to wartime Germany ⟦CTRL:0⟧ in World War II. ⟦CTRL:6⟧ And possessed a POW...	0,0,6	0,0,6	yes	hiragana:54; katakana:1; kanji:0; Latin:0; digits:1	おれ: plain-to-rough masculine first person	どいつ → ドイツ (Germany) | たいむ → タイム | せかい → 世界 | からだ → 体	source numerals ['2']; verify dates/counts and Japanese ordering | ellipsis carries timing/hesitation tone	medium		
416	TT3A	TT3A/g0/r16	scenario	group 0 @ 0xAF3B; record 16	group-compressed	みているだけで いきぐるしい	みているだけで いきぐるしい	miteirudakede ikigurushii	みているだけで いきぐるしい	It feels stifling.	It feels stifling.			yes	hiragana:13; katakana:0; kanji:0; Latin:0; digits:0; phonetic hiragana orthography		Source suppresses normal kanji/katakana distinctions; restore only with context		medium		
417	TT3A	TT3A/g0/r17	scenario	group 0 @ 0xAF3B; record 17	group-compressed	このかべのむこうにも へやがあるようだ	このかべのむこうにも へやがあるようだ	konokabenomukounimo heyagaaruyouda	このかべのむこうにも へやがあるようだ	A room is past this wall	A room is past this wall			yes	hiragana:18; katakana:0; kanji:0; Latin:0; digits:0; phonetic hiragana orthography		Source suppresses normal kanji/katakana distinctions; restore only with context		medium		
418	TT3A	TT3A/g0/r18	scenario	group 0 @ 0xAF3B; record 18	group-compressed	なんにんものあせが しみついている	なんにんものあせが しみついている	nanninmonoasega shimitsuiteiru	なんにんものあせが しみついている	Stained with men's sweat	Stained with men's sweat			yes	hiragana:16; katakana:0; kanji:0; Latin:0; digits:0; phonetic hiragana orthography		Source suppresses normal kanji/katakana distinctions; restore only with context		medium		
419	TT3A	TT3A/g0/r19	scenario	group 0 @ 0xAF3B; record 19	group-compressed	……「きこえるか！ くーがー」{CTRL:1}おれ「ああ」{CTRL:2}……「いいか どくぼうからでたらすぐに{CTRL:0} だっそうするんだ だんどりは こっちで{CTRL:4} つけてやるから あんしんしろ」{CTRL:3}おれ「……」{CTRL:3}……「おまえのあつめた じょうほうがあれば{CTRL:4} ひとらーに とどめがさせる／」	……「きこえるか！ くーがー」 ⟦CTRL:1⟧ おれ「ああ」 ⟦CTRL:2⟧ ……「いいか どくぼうからでたらすぐに ⟦CTRL:0⟧  だっそうするんだ だんどりは こっちで ⟦CTRL:4⟧  つけてやるから あんしんしろ」 ⟦CTRL:3⟧ おれ「……」 ⟦CTRL:3⟧ ……「おまえのあつめた じょうほうがあれば ⟦CTRL:4⟧  ひとらーに とどめがさせる／」	……「kikoeruka！ kuugaa」 / ore「aa」 / ……「iika dokuboukaradetarasuguni /  dassousurunda dandoriha kotchide /  tsuketeyarukara anshinshiro」 / ore「……」 / ……「omaenoatsumeta jouhougaareba /  hitoraani todomegasaseru／」	……「きこえるか！ くーがー」おれ「ああ」……「いいか どくぼうからでたらすぐに だっそうするんだ だんどりは こっちで つけてやるから あんしんしろ」おれ「……」……「おまえのあつめた じょうほうがあれば ひとらーに とどめがさせる／」	Voice: Cougar, hear me?{CTRL:1}Me: Yeah.{CTRL:2}Voice: Once released,{CTRL:0}escape right away. We'll{CTRL:4}make the arrangements.{CTRL:3}Me: ...{CTRL:3}Voice: With your intel,{CTRL:4}we can finish Hitler!	Voice: Cougar, hear me? ⟦CTRL:1⟧ Me: Yeah. ⟦CTRL:2⟧ Voice: Once released, ⟦CTRL:0⟧ escape right away. We'll ⟦CTRL:4⟧ make the arrangements. ⟦CTRL:3⟧ Me: ... ⟦CTRL:3⟧ Voice: With your intel, ⟦CTRL:4⟧ we can finish Hitler!	1,2,0,4,3,3,4	1,2,0,4,3,3,4	yes	hiragana:86; katakana:3; kanji:0; Latin:0; digits:0	おれ: plain-to-rough masculine first person | おまえ: familiar or rough second person; relationship and tone matter	ひとらー → ヒトラー (Hitler)	ellipsis carries timing/hesitation tone	medium		
420	TT3A	TT3A/g0/r20	scenario	group 0 @ 0xAF3B; record 20	group-compressed	……「あきらめるな くーがー れんごうぐんの{CTRL:0} めいうんは おまえがにぎっているんだ」	……「あきらめるな くーがー れんごうぐんの ⟦CTRL:0⟧  めいうんは おまえがにぎっているんだ」	……「akirameruna kuugaa rengougunno /  meiunha omaeganigitteirunda」	……「あきらめるな くーがー れんごうぐんの めいうんは おまえがにぎっているんだ」	Voice: Don't give up.{CTRL:0}The Allies rely on you.	Voice: Don't give up. ⟦CTRL:0⟧ The Allies rely on you.	0	0	yes	hiragana:32; katakana:2; kanji:0; Latin:0; digits:0	おまえ: familiar or rough second person; relationship and tone matter	Source suppresses normal kanji/katakana distinctions; restore only with context	ellipsis carries timing/hesitation tone	medium		
421	TT3A	TT3A/g0/r21	scenario	group 0 @ 0xAF3B; record 21	group-compressed	……「そのひにそなえて からだをきたえとけよ」	……「そのひにそなえて からだをきたえとけよ」	……「sonohinisonaete karadaokitaetokeyo」	……「そのひにそなえて からだをきたえとけよ」	Voice: Keep yourself fit	Voice: Keep yourself fit			yes	hiragana:18; katakana:0; kanji:0; Latin:0; digits:0; phonetic hiragana orthography		からだ → 体	ellipsis carries timing/hesitation tone	low		
422	TT3A	TT3A/g0/r22	scenario	group 0 @ 0xAF3B; record 22	group-compressed	うでたてふせでも やるか	うでたてふせでも やるか	udetatefusedemo yaruka	うでたてふせでも やるか	Maybe do some push-ups.	Maybe do some push-ups.			yes	hiragana:11; katakana:0; kanji:0; Latin:0; digits:0; phonetic hiragana orthography		Source suppresses normal kanji/katakana distinctions; restore only with context		medium		
423	TT3A	TT3A/g0/r23	scenario	group 0 @ 0xAF3B; record 23	group-compressed	へいし「よし でていいぞ」{CTRL:0}おれ「ああ ようやく……」	へいし「よし でていいぞ」 ⟦CTRL:0⟧ おれ「ああ ようやく……」	heishi「yoshi deteiizo」 / ore「aa youyaku……」	へいし「よし でていいぞ」おれ「ああ ようやく……」	Soldier: You may go now.{CTRL:0}Me: Finally...	Soldier: You may go now. ⟦CTRL:0⟧ Me: Finally...	0	0	yes	hiragana:18; katakana:0; kanji:0; Latin:0; digits:0; phonetic hiragana orthography	おれ: plain-to-rough masculine first person | ぞ: forceful assertion or command emphasis	へいし → 兵士	ellipsis carries timing/hesitation tone	medium		
424	TT3A	TT3A/g0/r24	scenario	group 0 @ 0xAF3B; record 24	group-compressed	しっかりと にぎりしめた{CTRL:0}きのせいか ゆうきがわいてくる	しっかりと にぎりしめた ⟦CTRL:0⟧ きのせいか ゆうきがわいてくる	shikkarito nigirishimeta / kinoseika yuukigawaitekuru	しっかりと にぎりしめたきのせいか ゆうきがわいてくる	I grip it tightly.{CTRL:0}It gives me courage.	I grip it tightly. ⟦CTRL:0⟧ It gives me courage.	0	0	yes	hiragana:25; katakana:0; kanji:0; Latin:0; digits:0; phonetic hiragana orthography		Source suppresses normal kanji/katakana distinctions; restore only with context		medium		
425	TT3A	TT3A/g0/r25	scenario	group 0 @ 0xAF3B; record 25	group-compressed	となりにも だれかいるようだ	となりにも だれかいるようだ	tonarinimo darekairuyouda	となりにも だれかいるようだ	Someone is next door.	Someone is next door.			yes	hiragana:13; katakana:0; kanji:0; Latin:0; digits:0; phonetic hiragana orthography		Source suppresses normal kanji/katakana distinctions; restore only with context		medium		
426	TT3A	TT3A/g0/r26	scenario	group 0 @ 0xAF3B; record 26	group-compressed	{CTRL:4} じつは じょうほうぶ こうさくいん	⟦CTRL:4⟧  じつは じょうほうぶ こうさくいん	 /  jitsuha jouhoubu kousakuin	 じつは じょうほうぶ こうさくいん	{CTRL:4}In fact, an intel agent.	⟦CTRL:4⟧ In fact, an intel agent.	4	4	yes	hiragana:15; katakana:0; kanji:0; Latin:0; digits:0; phonetic hiragana orthography		Source suppresses normal kanji/katakana distinctions; restore only with context		medium		
427	TT3A	TT3A/g0/r27	scenario	group 0 @ 0xAF3B; record 27	group-compressed	でられる わけがない	でられる わけがない	derareru wakeganai	でられる わけがない	No way I can get out.	No way I can get out.			yes	hiragana:9; katakana:0; kanji:0; Latin:0; digits:0; phonetic hiragana orthography		Source suppresses normal kanji/katakana distinctions; restore only with context		medium		
428	TT3A	TT3A/g0/r28	scenario	group 0 @ 0xAF3B; record 28	group-compressed	ひとらー「いだいなりし あんこくのかみよ{CTRL:1} ひと あぶらと とがったくいのおきてにかけて{CTRL:0} わがしょうがいのすべてを ささげることを{CTRL:0} ここにちかわん……」	ひとらー「いだいなりし あんこくのかみよ ⟦CTRL:1⟧  ひと あぶらと とがったくいのおきてにかけて ⟦CTRL:0⟧  わがしょうがいのすべてを ささげることを ⟦CTRL:0⟧  ここにちかわん……」	hitoraa「idainarishi ankokunokamiyo /  hito aburato togattakuinookitenikakete /  wagashougainosubeteo sasagerukotoo /  kokonichikawan……」	ひとらー「いだいなりし あんこくのかみよ ひと あぶらと とがったくいのおきてにかけて わがしょうがいのすべてを ささげることを ここにちかわん……」	Hitler: Great dark god,{CTRL:1}by the law of human fat{CTRL:0}and sharp stakes, I vow{CTRL:0}my whole life to you...	Hitler: Great dark god, ⟦CTRL:1⟧ by the law of human fat ⟦CTRL:0⟧ and sharp stakes, I vow ⟦CTRL:0⟧ my whole life to you...	1,0,0	1,0,0	yes	hiragana:63; katakana:1; kanji:0; Latin:0; digits:0		ひとらー → ヒトラー (Hitler) | ひと → 人	ellipsis carries timing/hesitation tone	low		
429	TT3A	TT3A/g0/r29	scenario	group 0 @ 0xAF3B; record 29	group-compressed	あくま「これで けいやくかんりょうだ{CTRL:1} たましいとひきかえに{CTRL:0} わしのまりょくを わけてやろう{CTRL:6} そしてわしも……」	あくま「これで けいやくかんりょうだ ⟦CTRL:1⟧  たましいとひきかえに ⟦CTRL:0⟧  わしのまりょくを わけてやろう ⟦CTRL:6⟧  そしてわしも……」	akuma「korede keiyakukanryouda /  tamashiitohikikaeni /  washinomaryokuo waketeyarou /  soshitewashimo……」	あくま「これで けいやくかんりょうだ たましいとひきかえに わしのまりょくを わけてやろう そしてわしも……」	Devil: Pact complete.{CTRL:1}Your soul earns a share{CTRL:0}of my power.{CTRL:6}And I too...	Devil: Pact complete. ⟦CTRL:1⟧ Your soul earns a share ⟦CTRL:0⟧ of my power. ⟦CTRL:6⟧ And I too...	1,0,6	1,0,6	yes	hiragana:46; katakana:0; kanji:0; Latin:0; digits:0; phonetic hiragana orthography	わし: elderly or authoritative masculine first person; character voice, not necessarily regional	たましい → 魂 | あくま → 悪魔	ellipsis carries timing/hesitation tone	medium		
430	TT3A	TT3A/g0/r30	scenario	group 0 @ 0xAF3B; record 30	group-compressed	あくま「けいやくをひとつとるたび ねむっていた{CTRL:0} わしのまりょくが よみがえる{CTRL:2} すべてをとりもどした そのときこそ……」{CTRL:0}ひとらー「そのときこそ……！」{CTRL:3}あくま「やつに ふくしゅうできる／」{CTRL:4}ひとらー「……！」	あくま「けいやくをひとつとるたび ねむっていた ⟦CTRL:0⟧  わしのまりょくが よみがえる ⟦CTRL:2⟧  すべてをとりもどした そのときこそ……」 ⟦CTRL:0⟧ ひとらー「そのときこそ……！」 ⟦CTRL:3⟧ あくま「やつに ふくしゅうできる／」 ⟦CTRL:4⟧ ひとらー「……！」	akuma「keiyakuohitotsutorutabi nemutteita /  washinomaryokuga yomigaeru /  subeteotorimodoshita sonotokikoso……」 / hitoraa「sonotokikoso……！」 / akuma「yatsuni fukushuudekiru／」 / hitoraa「……！」	あくま「けいやくをひとつとるたび ねむっていた わしのまりょくが よみがえる すべてをとりもどした そのときこそ……」ひとらー「そのときこそ……！」あくま「やつに ふくしゅうできる／」ひとらー「……！」	Devil: Each pact wakes{CTRL:0}my old power.{CTRL:2}Once all returns...{CTRL:0}Hitler: Then...!{CTRL:3}Devil: I get revenge!{CTRL:4}Hitler: ...!	Devil: Each pact wakes ⟦CTRL:0⟧ my old power. ⟦CTRL:2⟧ Once all returns... ⟦CTRL:0⟧ Hitler: Then...! ⟦CTRL:3⟧ Devil: I get revenge! ⟦CTRL:4⟧ Hitler: ...!	0,2,0,3,4	0,2,0,3,4	yes	hiragana:76; katakana:2; kanji:0; Latin:0; digits:0	わし: elderly or authoritative masculine first person; character voice, not necessarily regional	ひとらー → ヒトラー (Hitler) | あくま → 悪魔	ellipsis carries timing/hesitation tone	medium		
431	TT3A	TT3A/g0/r31	scenario	group 0 @ 0xAF3B; record 31	group-compressed	ひとらー「ぐんのなかに わがはいのいのちを{CTRL:0} ねらう うらぎりものがいる……{CTRL:2} おねがいだ／ やつらをのこらず{CTRL:0} まっさつしてくれ／／」{CTRL:3}あくま「つけあがるな そんなこまかいことに{CTRL:4} いちいちかかわってられるか じぶんでやれ／」{CTRL:3}ひとらー「……」	ひとらー「ぐんのなかに わがはいのいのちを ⟦CTRL:0⟧  ねらう うらぎりものがいる…… ⟦CTRL:2⟧  おねがいだ／ やつらをのこらず ⟦CTRL:0⟧  まっさつしてくれ／／」 ⟦CTRL:3⟧ あくま「つけあがるな そんなこまかいことに ⟦CTRL:4⟧  いちいちかかわってられるか じぶんでやれ／」 ⟦CTRL:3⟧ ひとらー「……」	hitoraa「gunnonakani wagahainoinochio /  nerau uragirimonogairu…… /  onegaida／ yatsuraonokorazu /  massatsushitekure／／」 / akuma「tsukeagaruna sonnakomakaikotoni /  ichiichikakawatterareruka jibundeyare／」 / hitoraa「……」	ひとらー「ぐんのなかに わがはいのいのちを ねらう うらぎりものがいる…… おねがいだ／ やつらをのこらず まっさつしてくれ／／」あくま「つけあがるな そんなこまかいことに いちいちかかわってられるか じぶんでやれ／」ひとらー「……」	Hitler: Army traitors{CTRL:0}want me dead.{CTRL:2}Please! Kill them all!{CTRL:0}Every one!{CTRL:3}Devil: Know your place.{CTRL:4}I ignore petty tasks.{CTRL:3}Hitler: ...	Hitler: Army traitors ⟦CTRL:0⟧ want me dead. ⟦CTRL:2⟧ Please! Kill them all! ⟦CTRL:0⟧ Every one! ⟦CTRL:3⟧ Devil: Know your place. ⟦CTRL:4⟧ I ignore petty tasks. ⟦CTRL:3⟧ Hitler: ...	0,2,0,3,4,3	0,2,0,3,4,3	yes	hiragana:92; katakana:2; kanji:0; Latin:0; digits:0		ひとらー → ヒトラー (Hitler) | あくま → 悪魔 | いのち → 命	ellipsis carries timing/hesitation tone	low		
432	TT3A	TT3A/g1/r0	scenario	group 1 @ 0xB29C; record 0	group-compressed	へいし「ろうどうじかんは おわりだ{CTRL:0} しゅくしゃへ もどれ／」	へいし「ろうどうじかんは おわりだ ⟦CTRL:0⟧  しゅくしゃへ もどれ／」	heishi「roudoujikanha owarida /  shukushahe modore／」	へいし「ろうどうじかんは おわりだ しゅくしゃへ もどれ／」	Soldier: Work is over.{CTRL:0}Return to your barracks!	Soldier: Work is over. ⟦CTRL:0⟧ Return to your barracks!	0	0	yes	hiragana:24; katakana:0; kanji:0; Latin:0; digits:0; phonetic hiragana orthography		じかん → 時間 | へいし → 兵士		low		
433	TT3A	TT3A/g1/r1	scenario	group 1 @ 0xB29C; record 1	group-compressed	へいし「しょうとうのじかんだ もう ねろ／」	へいし「しょうとうのじかんだ もう ねろ／」	heishi「shoutounojikanda mou nero／」	へいし「しょうとうのじかんだ もう ねろ／」	Soldier: Lights out!	Soldier: Lights out!			yes	hiragana:17; katakana:0; kanji:0; Latin:0; digits:0; phonetic hiragana orthography		じかん → 時間 | へいし → 兵士		low		
434	TT3A	TT3A/g1/r2	scenario	group 1 @ 0xB29C; record 2	group-compressed	おとこくささが むっとくる	おとこくささが むっとくる	otokokusasaga muttokuru	おとこくささが むっとくる	It reeks of men.	It reeks of men.			yes	hiragana:12; katakana:0; kanji:0; Latin:0; digits:0; phonetic hiragana orthography		おとこ → 男		low		
435	TT3A	TT3A/g1/r3	scenario	group 1 @ 0xB29C; record 3	group-compressed	とくに かわったところはない	とくに かわったところはない	tokuni kawattatokorohanai	とくに かわったところはない	Nothing unusual.	Nothing unusual.			yes	hiragana:13; katakana:0; kanji:0; Latin:0; digits:0; phonetic hiragana orthography		Source suppresses normal kanji/katakana distinctions; restore only with context		medium		
436	TT3A	TT3A/g1/r4	scenario	group 1 @ 0xB29C; record 4	group-compressed	とんねるの あながあいている	とんねるの あながあいている	tonneruno anagaaiteiru	とんねるの あながあいている	A tunnel opening.	A tunnel opening.			yes	hiragana:13; katakana:0; kanji:0; Latin:0; digits:0; phonetic hiragana orthography		Source suppresses normal kanji/katakana distinctions; restore only with context		medium		
437	TT3A	TT3A/g1/r5	scenario	group 1 @ 0xB29C; record 5	group-compressed	ゆかにはった たいるのすきまに{CTRL:0}みずが ながれこんでいる	ゆかにはった たいるのすきまに ⟦CTRL:0⟧ みずが ながれこんでいる	yukanihatta tairunosukimani / mizuga nagarekondeiru	ゆかにはった たいるのすきまにみずが ながれこんでいる	Water runs between tiles{CTRL:0}laid across the floor.	Water runs between tiles ⟦CTRL:0⟧ laid across the floor.	0	0	yes	hiragana:25; katakana:0; kanji:0; Latin:0; digits:0; phonetic hiragana orthography		Source suppresses normal kanji/katakana distinctions; restore only with context		medium		
438	TT3A	TT3A/g1/r6	scenario	group 1 @ 0xB29C; record 6	group-compressed	くちゃくちゃと ちゅーいんがむを{CTRL:0}かんでいる	くちゃくちゃと ちゅーいんがむを ⟦CTRL:0⟧ かんでいる	kuchakuchato chuuingamuo / kandeiru	くちゃくちゃと ちゅーいんがむをかんでいる	He is chewing gum{CTRL:0}with loud smacks.	He is chewing gum ⟦CTRL:0⟧ with loud smacks.	0	0	yes	hiragana:19; katakana:1; kanji:0; Latin:0; digits:0		Source suppresses normal kanji/katakana distinctions; restore only with context		medium		
439	TT3A	TT3A/g1/r7	scenario	group 1 @ 0xB29C; record 7	group-compressed	てんじょうをみすえる よこがおが{CTRL:0}なかなかに しぶい	てんじょうをみすえる よこがおが ⟦CTRL:0⟧ なかなかに しぶい	tenjouomisueru yokogaoga / nakanakani shibui	てんじょうをみすえる よこがおがなかなかに しぶい	His profile, staring at{CTRL:0}the ceiling, looks cool.	His profile, staring at ⟦CTRL:0⟧ the ceiling, looks cool.	0	0	yes	hiragana:23; katakana:0; kanji:0; Latin:0; digits:0; phonetic hiragana orthography		Source suppresses normal kanji/katakana distinctions; restore only with context		medium		
440	TT3A	TT3A/g1/r8	scenario	group 1 @ 0xB29C; record 8	group-compressed	つかれきったかおが ほりょせいかつのながさを{CTRL:0}おしえている	つかれきったかおが ほりょせいかつのながさを ⟦CTRL:0⟧ おしえている	tsukarekittakaoga horyoseikatsunonagasao / oshieteiru	つかれきったかおが ほりょせいかつのながさをおしえている	His worn face shows how{CTRL:0}long he has been a POW.	His worn face shows how ⟦CTRL:0⟧ long he has been a POW.	0	0	yes	hiragana:27; katakana:0; kanji:0; Latin:0; digits:0; phonetic hiragana orthography		Source suppresses normal kanji/katakana distinctions; restore only with context		medium		
441	TT3A	TT3A/g1/r9	scenario	group 1 @ 0xB29C; record 9	group-compressed	"ふらんきー「これを もってけ…」{CTRL:1}さしだしたてのひらに ぺんだんとがのっている{CTRL:2}ふらんきー「せんそうへいく まえのばんに{CTRL:0} ばあちゃんからもらった{CTRL:4} ""じぷしーのまもりふだ"" だ{CTRL:3} これさえあれば こわいもんなしだぜ」{CTRL:3}ぺんだんとをうけとり くびにかけた{CTRL:3}ふらんきー「ぐっどらっく……」"	"ふらんきー「これを もってけ…」 ⟦CTRL:1⟧ さしだしたてのひらに ぺんだんとがのっている ⟦CTRL:2⟧ ふらんきー「せんそうへいく まえのばんに ⟦CTRL:0⟧  ばあちゃんからもらった ⟦CTRL:4⟧  ""じぷしーのまもりふだ"" だ ⟦CTRL:3⟧  これさえあれば こわいもんなしだぜ」 ⟦CTRL:3⟧ ぺんだんとをうけとり くびにかけた ⟦CTRL:3⟧ ふらんきー「ぐっどらっく……」"	"furankii「koreo motteke…」 / sashidashitatenohirani pendantoganotteiru / furankii「sensouheiku maenobanni /  baachankaramoratta /  ""jipushiinomamorifuda"" da /  koresaeareba kowaimonnashidaze」 / pendantoouketori kubinikaketa / furankii「guddorakku……」"	"ふらんきー「これを もってけ…」さしだしたてのひらに ぺんだんとがのっているふらんきー「せんそうへいく まえのばんに ばあちゃんからもらった ""じぷしーのまもりふだ"" だ これさえあれば こわいもんなしだぜ」ぺんだんとをうけとり くびにかけたふらんきー「ぐっどらっく……」"	Frankie: Take this...{CTRL:1}a pendant.{CTRL:2}Frankie: From Grandma,{CTRL:0}before I went to war.{CTRL:4}A Gypsy charm.{CTRL:3}It wards off fear.{CTRL:3}I wear it.{CTRL:3}Frankie: Good luck...	Frankie: Take this... ⟦CTRL:1⟧ a pendant. ⟦CTRL:2⟧ Frankie: From Grandma, ⟦CTRL:0⟧ before I went to war. ⟦CTRL:4⟧ A Gypsy charm. ⟦CTRL:3⟧ It wards off fear. ⟦CTRL:3⟧ I wear it. ⟦CTRL:3⟧ Frankie: Good luck...	1,2,0,4,3,3,3	1,2,0,4,3,3,3	yes	hiragana:112; katakana:4; kanji:0; Latin:0; digits:0	だぜ: rough masculine emphasis	せんそう → 戦争	ellipsis carries timing/hesitation tone	medium		
442	TT3A	TT3A/g1/r10	scenario	group 1 @ 0xB29C; record 10	group-compressed	ぐっすりと ねむっている…… ようだ	ぐっすりと ねむっている…… ようだ	gussurito nemutteiru…… youda	ぐっすりと ねむっている…… ようだ	He seems sound asleep...	He seems sound asleep...			yes	hiragana:14; katakana:0; kanji:0; Latin:0; digits:0; phonetic hiragana orthography		Source suppresses normal kanji/katakana distinctions; restore only with context	ellipsis carries timing/hesitation tone	medium		
443	TT3A	TT3A/g1/r11	scenario	group 1 @ 0xB29C; record 11	group-compressed	ひが さかんにもえている	ひが さかんにもえている	higa sakannimoeteiru	ひが さかんにもえている	The fire blazes.	The fire blazes.			yes	hiragana:11; katakana:0; kanji:0; Latin:0; digits:0; phonetic hiragana orthography		Source suppresses normal kanji/katakana distinctions; restore only with context		medium		
444	TT3A	TT3A/g1/r12	scenario	group 1 @ 0xB29C; record 12	group-compressed	ひは もうきえている	ひは もうきえている	hiha moukieteiru	ひは もうきえている	The fire is out.	The fire is out.			yes	hiragana:9; katakana:0; kanji:0; Latin:0; digits:0; phonetic hiragana orthography		Source suppresses normal kanji/katakana distinctions; restore only with context		medium		
445	TT3A	TT3A/g1/r13	scenario	group 1 @ 0xB29C; record 13	group-compressed	しーつのまんなかあたりが すこしふくらんでいる	しーつのまんなかあたりが すこしふくらんでいる	shiitsunomannakaatariga sukoshifukurandeiru	しーつのまんなかあたりが すこしふくらんでいる	The sheet bulges midway.	The sheet bulges midway.			yes	hiragana:21; katakana:1; kanji:0; Latin:0; digits:0		Source suppresses normal kanji/katakana distinctions; restore only with context		medium		
446	TT3A	TT3A/g1/r14	scenario	group 1 @ 0xB29C; record 14	group-compressed	だっそうようの ふくがおいてある	だっそうようの ふくがおいてある	dassouyouno fukugaoitearu	だっそうようの ふくがおいてある	Escape clothes are here.	Escape clothes are here.			yes	hiragana:15; katakana:0; kanji:0; Latin:0; digits:0; phonetic hiragana orthography		Source suppresses normal kanji/katakana distinctions; restore only with context		medium		
447	TT3A	TT3A/g1/r15	scenario	group 1 @ 0xB29C; record 15	group-compressed	まっとれすのしたから かすかに{CTRL:0}ひかりがもれている	まっとれすのしたから かすかに ⟦CTRL:0⟧ ひかりがもれている	mattoresunoshitakara kasukani / hikarigamoreteiru	まっとれすのしたから かすかにひかりがもれている	A faint light shines{CTRL:0}from under the mattress.	A faint light shines ⟦CTRL:0⟧ from under the mattress.	0	0	yes	hiragana:23; katakana:0; kanji:0; Latin:0; digits:0; phonetic hiragana orthography		Source suppresses normal kanji/katakana distinctions; restore only with context		medium		
448	TT3A	TT3A/g1/r16	scenario	group 1 @ 0xB29C; record 16	group-compressed	ひとりようの せまいこしつだ	ひとりようの せまいこしつだ	hitoriyouno semaikoshitsuda	ひとりようの せまいこしつだ	A tiny single room.	A tiny single room.			yes	hiragana:13; katakana:0; kanji:0; Latin:0; digits:0; phonetic hiragana orthography		Source suppresses normal kanji/katakana distinctions; restore only with context		medium		
449	TT3A	TT3A/g1/r17	scenario	group 1 @ 0xB29C; record 17	group-compressed	ほしがたのめだるに もじがきざまれているが{CTRL:0}さびつていて かいどくできない	ほしがたのめだるに もじがきざまれているが ⟦CTRL:0⟧ さびつていて かいどくできない	hoshigatanomedaruni mojigakizamareteiruga / sabitsuteite kaidokudekinai	ほしがたのめだるに もじがきざまれているがさびつていて かいどくできない	Words on a star medal,{CTRL:0}too rusty to read.	Words on a star medal, ⟦CTRL:0⟧ too rusty to read.	0	0	yes	hiragana:34; katakana:0; kanji:0; Latin:0; digits:0; phonetic hiragana orthography		Source suppresses normal kanji/katakana distinctions; restore only with context		medium		
450	TT3A	TT3A/g1/r18	scenario	group 1 @ 0xB29C; record 18	group-compressed	にっく「ざんねんだったな くーがー{CTRL:0} こんどは うまくやれよ」	にっく「ざんねんだったな くーがー ⟦CTRL:0⟧  こんどは うまくやれよ」	nikku「zannendattana kuugaa /  kondoha umakuyareyo」	にっく「ざんねんだったな くーがー こんどは うまくやれよ」	Nick: Bad luck, Cougar.{CTRL:0}Do better next time.	Nick: Bad luck, Cougar. ⟦CTRL:0⟧ Do better next time.	0	0	yes	hiragana:23; katakana:2; kanji:0; Latin:0; digits:0		Source suppresses normal kanji/katakana distinctions; restore only with context		medium		
451	TT3A	TT3A/g1/r19	scenario	group 1 @ 0xB29C; record 19	group-compressed	にっく「ひとらーの あんさつけいかくが{CTRL:0} しっぱいしたそうだ まったく あくうんの{CTRL:0} つええやろうだぜ」	にっく「ひとらーの あんさつけいかくが ⟦CTRL:0⟧  しっぱいしたそうだ まったく あくうんの ⟦CTRL:0⟧  つええやろうだぜ」	nikku「hitoraano ansatsukeikakuga /  shippaishitasouda mattaku akuunno /  tsueeyaroudaze」	にっく「ひとらーの あんさつけいかくが しっぱいしたそうだ まったく あくうんの つええやろうだぜ」	Nick: Assassination plot{CTRL:0}against Hitler failed.{CTRL:0}That bastard's lucky.	Nick: Assassination plot ⟦CTRL:0⟧ against Hitler failed. ⟦CTRL:0⟧ That bastard's lucky.	0,0	0,0	yes	hiragana:42; katakana:1; kanji:0; Latin:0; digits:0	だぜ: rough masculine emphasis	ひとらー → ヒトラー (Hitler)		medium		
452	TT3A	TT3A/g1/r20	scenario	group 1 @ 0xB29C; record 20	group-compressed	にっく「いいかげんにしろよな…」	にっく「いいかげんにしろよな…」	nikku「iikagennishiroyona…」	にっく「いいかげんにしろよな…」	Nick: Give it a rest...	Nick: Give it a rest...			yes	hiragana:13; katakana:0; kanji:0; Latin:0; digits:0; phonetic hiragana orthography		Source suppresses normal kanji/katakana distinctions; restore only with context	ellipsis carries timing/hesitation tone	medium		
453	TT3A	TT3A/g1/r21	scenario	group 1 @ 0xB29C; record 21	group-compressed	"らるふ「もりへでたらまっすぐ にしへむかえ{CTRL:1} しばらくいくと こうえんがみえてくる{CTRL:0} そこで ""れべっか"" のしじをあおげ」{CTRL:6}おれ「れべっか！」{CTRL:3}らるふ「とうぼうそしきの あんごうめいだ{CTRL:4} あいことばは ""くたばれ ひとらー／""」"	"らるふ「もりへでたらまっすぐ にしへむかえ ⟦CTRL:1⟧  しばらくいくと こうえんがみえてくる ⟦CTRL:0⟧  そこで ""れべっか"" のしじをあおげ」 ⟦CTRL:6⟧ おれ「れべっか！」 ⟦CTRL:3⟧ らるふ「とうぼうそしきの あんごうめいだ ⟦CTRL:4⟧  あいことばは ""くたばれ ひとらー／""」"	"rarufu「morihedetaramassugu nishihemukae /  shibarakuikuto kouengamietekuru /  sokode ""rebekka"" noshijioaoge」 / ore「rebekka！」 / rarufu「toubousoshikino angoumeida /  aikotobaha ""kutabare hitoraa／""」"	"らるふ「もりへでたらまっすぐ にしへむかえ しばらくいくと こうえんがみえてくる そこで ""れべっか"" のしじをあおげ」おれ「れべっか！」らるふ「とうぼうそしきの あんごうめいだ あいことばは ""くたばれ ひとらー／""」"	Ralph: Head west from{CTRL:1}the woods to a park.{CTRL:0}Ask Rebecca for orders.{CTRL:6}Me: Rebecca?!{CTRL:3}Ralph: Escape code name{CTRL:4}Pass: Drop dead, Hitler!	Ralph: Head west from ⟦CTRL:1⟧ the woods to a park. ⟦CTRL:0⟧ Ask Rebecca for orders. ⟦CTRL:6⟧ Me: Rebecca?! ⟦CTRL:3⟧ Ralph: Escape code name ⟦CTRL:4⟧ Pass: Drop dead, Hitler!	1,0,6,3,4	1,0,6,3,4	yes	hiragana:87; katakana:1; kanji:0; Latin:0; digits:0	おれ: plain-to-rough masculine first person	ひとらー → ヒトラー (Hitler) | ことば → 言葉		medium		
454	TT3A	TT3A/g1/r22	scenario	group 1 @ 0xB29C; record 22	group-compressed	"らるふ「あいことばは ""くたばれ ひとらー／""{CTRL:1} いたるところで げしゅたぽが{CTRL:0} めを ひからせている{CTRL:0} くれぐれもこうどうは しんちょうにな」"	"らるふ「あいことばは ""くたばれ ひとらー／"" ⟦CTRL:1⟧  いたるところで げしゅたぽが ⟦CTRL:0⟧  めを ひからせている ⟦CTRL:0⟧  くれぐれもこうどうは しんちょうにな」"	"rarufu「aikotobaha ""kutabare hitoraa／"" /  itarutokorode geshutapoga /  meo hikaraseteiru /  kureguremokoudouha shinchounina」"	"らるふ「あいことばは ""くたばれ ひとらー／"" いたるところで げしゅたぽが めを ひからせている くれぐれもこうどうは しんちょうにな」"	Ralph: Drop dead, Hitler{CTRL:1}Gestapo are everywhere.{CTRL:0}Be very careful.{CTRL:0}Draw no attention.	Ralph: Drop dead, Hitler ⟦CTRL:1⟧ Gestapo are everywhere. ⟦CTRL:0⟧ Be very careful. ⟦CTRL:0⟧ Draw no attention.	1,0,0	1,0,0	yes	hiragana:55; katakana:1; kanji:0; Latin:0; digits:0		ひとらー → ヒトラー (Hitler) | ことば → 言葉		low		
455	TT3A	TT3A/g1/r23	scenario	group 1 @ 0xB29C; record 23	group-compressed	らるふ「しっかりせんか／」	らるふ「しっかりせんか／」	rarufu「shikkarisenka／」	らるふ「しっかりせんか／」	Ralph: Get a grip!	Ralph: Get a grip!			yes	hiragana:10; katakana:0; kanji:0; Latin:0; digits:0; phonetic hiragana orthography		Source suppresses normal kanji/katakana distinctions; restore only with context		medium		
456	TT3A	TT3A/g1/r24	scenario	group 1 @ 0xB29C; record 24	group-compressed	ふらんきー「だっそうするのは おまえひとりだ{CTRL:0} おれたちは しらんぷりするけど{CTRL:0} わるくおもうな」	ふらんきー「だっそうするのは おまえひとりだ ⟦CTRL:0⟧  おれたちは しらんぷりするけど ⟦CTRL:0⟧  わるくおもうな」	furankii「dassousurunoha omaehitorida /  oretachiha shiranpurisurukedo /  warukuomouna」	ふらんきー「だっそうするのは おまえひとりだ おれたちは しらんぷりするけど わるくおもうな」	Frankie: You go alone.{CTRL:0}We act uninvolved.{CTRL:0}Do not blame us.	Frankie: You go alone. ⟦CTRL:0⟧ We act uninvolved. ⟦CTRL:0⟧ Do not blame us.	0,0	0,0	yes	hiragana:40; katakana:1; kanji:0; Latin:0; digits:0	おれ: plain-to-rough masculine first person | おまえ: familiar or rough second person; relationship and tone matter	おもう → 思う		medium		
457	TT3A	TT3A/g1/r25	scenario	group 1 @ 0xB29C; record 25	group-compressed	ふらんきー「ひとらーのやつ こくないのすぱいや{CTRL:0} はんぎゃくしゃを かたっぱしからつかまえては{CTRL:0} がすしつに おくりこんでるらしい」	ふらんきー「ひとらーのやつ こくないのすぱいや ⟦CTRL:0⟧  はんぎゃくしゃを かたっぱしからつかまえては ⟦CTRL:0⟧  がすしつに おくりこんでるらしい」	furankii「hitoraanoyatsu kokunainosupaiya /  hangyakushao katappashikaratsukamaeteha /  gasushitsuni okurikonderurashii」	ふらんきー「ひとらーのやつ こくないのすぱいや はんぎゃくしゃを かたっぱしからつかまえては がすしつに おくりこんでるらしい」	Frankie: Hitler arrests{CTRL:0}spies and rebels,{CTRL:0}then has them gassed.	Frankie: Hitler arrests ⟦CTRL:0⟧ spies and rebels, ⟦CTRL:0⟧ then has them gassed.	0,0	0,0	yes	hiragana:55; katakana:2; kanji:0; Latin:0; digits:0		ひとらー → ヒトラー (Hitler)		low		
458	TT3A	TT3A/g1/r26	scenario	group 1 @ 0xB29C; record 26	group-compressed	ふらんきー「いま あめりかとどいつが きそって{CTRL:0} かんせいをいそいでいる ひみつへいきがある……{CTRL:2} げんしばくだん といってな たったの1ぱつで{CTRL:0} ぱりが はいのやまにかわる」	ふらんきー「いま あめりかとどいつが きそって ⟦CTRL:0⟧  かんせいをいそいでいる ひみつへいきがある…… ⟦CTRL:2⟧  げんしばくだん といってな たったの1ぱつで ⟦CTRL:0⟧  ぱりが はいのやまにかわる」	furankii「ima amerikatodoitsuga kisotte /  kanseioisoideiru himitsuheikigaaru…… /  genshibakudan toittena tattano1patsude /  pariga hainoyamanikawaru」	ふらんきー「いま あめりかとどいつが きそって かんせいをいそいでいる ひみつへいきがある…… げんしばくだん といってな たったの1ぱつで ぱりが はいのやまにかわる」	Frankie: America and{CTRL:0}Germany race to build a{CTRL:2}secret weapon: atom bomb{CTRL:0}One turns Paris to ash.	Frankie: America and ⟦CTRL:0⟧ Germany race to build a ⟦CTRL:2⟧ secret weapon: atom bomb ⟦CTRL:0⟧ One turns Paris to ash.	0,2,0	0,2,0	yes	hiragana:70; katakana:1; kanji:0; Latin:0; digits:1		あめりか → アメリカ (America) | どいつ → ドイツ (Germany)	source numerals ['1']; verify dates/counts and Japanese ordering | ellipsis carries timing/hesitation tone	low		
459	TT3A	TT3A/g1/r27	scenario	group 1 @ 0xB29C; record 27	group-compressed	ふらんきー「どあほ」	ふらんきー「どあほ」	furankii「doaho」	ふらんきー「どあほ」	Frankie: Idiot.	Frankie: Idiot.			yes	hiragana:7; katakana:1; kanji:0; Latin:0; digits:0		Source suppresses normal kanji/katakana distinctions; restore only with context		medium		
460	TT3A	TT3A/g1/r28	scenario	group 1 @ 0xB29C; record 28	group-compressed	むりだ	むりだ	murida	むりだ	No chance.	No chance.			yes	hiragana:3; katakana:0; kanji:0; Latin:0; digits:0; phonetic hiragana orthography		Source suppresses normal kanji/katakana distinctions; restore only with context		medium		
461	TT3A	TT3A/g1/r29	scenario	group 1 @ 0xB29C; record 29	group-compressed	ふくを てにいれた	ふくを てにいれた	fukuo teniireta	ふくを てにいれた	Obtained the clothes.	Obtained the clothes.			yes	hiragana:8; katakana:0; kanji:0; Latin:0; digits:0; phonetic hiragana orthography		Source suppresses normal kanji/katakana distinctions; restore only with context		medium		
462	TT3A	TT3A/g1/r30	scenario	group 1 @ 0xB29C; record 30	group-compressed	あながあいている とんねるだ……／	あながあいている とんねるだ……／	anagaaiteiru tonneruda……／	あながあいている とんねるだ……／	An open tunnel...!	An open tunnel...!			yes	hiragana:13; katakana:0; kanji:0; Latin:0; digits:0; phonetic hiragana orthography		Source suppresses normal kanji/katakana distinctions; restore only with context	ellipsis carries timing/hesitation tone	medium		
463	TT3A	TT3A/g1/r31	scenario	group 1 @ 0xB29C; record 31	group-compressed	もう はがれない	もう はがれない	mou hagarenai	もう はがれない	It will not come off.	It will not come off.			yes	hiragana:7; katakana:0; kanji:0; Latin:0; digits:0; phonetic hiragana orthography		Source suppresses normal kanji/katakana distinctions; restore only with context		medium		
464	TT3A	TT3A/g2/r0	scenario	group 2 @ 0xB5F5; record 0	group-compressed	らるふ「きがえは だっそうしてからだ{CTRL:0} つちで よごれてしまう」	らるふ「きがえは だっそうしてからだ ⟦CTRL:0⟧  つちで よごれてしまう」	rarufu「kigaeha dassoushitekarada /  tsuchide yogoreteshimau」	らるふ「きがえは だっそうしてからだ つちで よごれてしまう」	Ralph: Change once free.{CTRL:0}They'll get dirty.	Ralph: Change once free. ⟦CTRL:0⟧ They'll get dirty.	0	0	yes	hiragana:26; katakana:0; kanji:0; Latin:0; digits:0; phonetic hiragana orthography		からだ → 体		low		
465	TT3A	TT3A/g2/r1	scenario	group 2 @ 0xB5F5; record 1	group-compressed	まだ はやい	まだ はやい	mada hayai	まだ はやい	It is still too soon.	It is still too soon.			yes	hiragana:5; katakana:0; kanji:0; Latin:0; digits:0; phonetic hiragana orthography		Source suppresses normal kanji/katakana distinctions; restore only with context		medium		
466	TT3A	TT3A/g2/r2	scenario	group 2 @ 0xB5F5; record 2	group-compressed	おれ「ひゃあーーっ／ つめてーーっ／」	おれ「ひゃあーーっ／ つめてーーっ／」	ore「hyaaaa／ ttsumeteee／」	おれ「ひゃあーーっ／ つめてーーっ／」	Me: Aah! It is freezing!	Me: Aah! It is freezing!			yes	hiragana:10; katakana:4; kanji:0; Latin:0; digits:0	おれ: plain-to-rough masculine first person	Source suppresses normal kanji/katakana distinctions; restore only with context		medium		
467	TT3A	TT3A/g2/r3	scenario	group 2 @ 0xB5F5; record 3	group-compressed	あつくて さわれない	あつくて さわれない	atsukute sawarenai	あつくて さわれない	Too hot to touch.	Too hot to touch.			yes	hiragana:9; katakana:0; kanji:0; Latin:0; digits:0; phonetic hiragana orthography		Source suppresses normal kanji/katakana distinctions; restore only with context		medium		
468	TT3A	TT3A/g2/r4	scenario	group 2 @ 0xB5F5; record 4	group-compressed	すこし よこにずらすと……	すこし よこにずらすと……	sukoshi yokonizurasuto……	すこし よこにずらすと……	I slide it aside...	I slide it aside...			yes	hiragana:10; katakana:0; kanji:0; Latin:0; digits:0; phonetic hiragana orthography		Source suppresses normal kanji/katakana distinctions; restore only with context	ellipsis carries timing/hesitation tone	medium		
469	TT3A	TT3A/g2/r5	scenario	group 2 @ 0xB5F5; record 5	group-compressed	{CTRL:0}あながあいている とんねるだ……／	⟦CTRL:0⟧ あながあいている とんねるだ……／	 / anagaaiteiru tonneruda……／	あながあいている とんねるだ……／	{CTRL:0}An open tunnel...!	⟦CTRL:0⟧ An open tunnel...!	0	0	yes	hiragana:13; katakana:0; kanji:0; Latin:0; digits:0; phonetic hiragana orthography		Source suppresses normal kanji/katakana distinctions; restore only with context	ellipsis carries timing/hesitation tone	medium		
470	TT3A	TT3A/g2/r6	scenario	group 2 @ 0xB5F5; record 6	group-compressed	{CTRL:0}とんねるは ふさがれている	⟦CTRL:0⟧ とんねるは ふさがれている	 / tonneruha fusagareteiru	とんねるは ふさがれている	{CTRL:0}The tunnel is blocked.	⟦CTRL:0⟧ The tunnel is blocked.	0	0	yes	hiragana:12; katakana:0; kanji:0; Latin:0; digits:0; phonetic hiragana orthography		Source suppresses normal kanji/katakana distinctions; restore only with context		medium		
471	TT3A	TT3A/g2/r7	scenario	group 2 @ 0xB5F5; record 7	group-compressed	……「まて くーがー……」	……「まて くーがー……」	……「mate kuugaa……」	……「まて くーがー……」	Voice: Wait, Cougar...	Voice: Wait, Cougar...			yes	hiragana:4; katakana:2; kanji:0; Latin:0; digits:0		Source suppresses normal kanji/katakana distinctions; restore only with context	ellipsis carries timing/hesitation tone	medium		
472	TT3A	TT3A/g2/r8	scenario	group 2 @ 0xB5F5; record 8	group-compressed	くらくてせまい	くらくてせまい	kurakutesemai	くらくてせまい	Dark and narrow.	Dark and narrow.			yes	hiragana:7; katakana:0; kanji:0; Latin:0; digits:0; phonetic hiragana orthography	まい: literary negative intention or conjecture	Source suppresses normal kanji/katakana distinctions; restore only with context		medium		
473	TT3A	TT3A/g2/r9	scenario	group 2 @ 0xB5F5; record 9	group-compressed	ねんどしつだ はちうえにはむかないな	ねんどしつだ はちうえにはむかないな	nendoshitsuda hachiuenihamukanaina	ねんどしつだ はちうえにはむかないな	Clay soil. Bad for pots.	Clay soil. Bad for pots.			yes	hiragana:17; katakana:0; kanji:0; Latin:0; digits:0; phonetic hiragana orthography		Source suppresses normal kanji/katakana distinctions; restore only with context		medium		
474	TT3A	TT3A/g2/r10	scenario	group 2 @ 0xB5F5; record 10	group-compressed	つちをほると なかにこいしがあった	つちをほると なかにこいしがあった	tsuchiohoruto nakanikoishigaatta	つちをほると なかにこいしがあった	I dig up a small pebble.	I dig up a small pebble.			yes	hiragana:16; katakana:0; kanji:0; Latin:0; digits:0; phonetic hiragana orthography		Source suppresses normal kanji/katakana distinctions; restore only with context		medium		
475	TT3A	TT3A/g2/r11	scenario	group 2 @ 0xB5F5; record 11	group-compressed	{CTRL:0}いちおう とっておこう	⟦CTRL:0⟧ いちおう とっておこう	 / ichiou totteokou	いちおう とっておこう	{CTRL:0}I may as well take it.	⟦CTRL:0⟧ I may as well take it.	0	0	yes	hiragana:10; katakana:0; kanji:0; Latin:0; digits:0; phonetic hiragana orthography		Source suppresses normal kanji/katakana distinctions; restore only with context		medium		
476	TT3A	TT3A/g2/r12	scenario	group 2 @ 0xB5F5; record 12	group-compressed	ここじゃ むりだ	ここじゃ むりだ	kokoja murida	ここじゃ むりだ	Not here.	Not here.			yes	hiragana:7; katakana:0; kanji:0; Latin:0; digits:0; phonetic hiragana orthography	じゃ: old-person/western-style copula; context decides voice versus region	Source suppresses normal kanji/katakana distinctions; restore only with context		medium		
477	TT3A	TT3A/g2/r13	scenario	group 2 @ 0xB5F5; record 13	group-compressed	むだだ	むだだ	mudada	むだだ	No use.	No use.			yes	hiragana:3; katakana:0; kanji:0; Latin:0; digits:0; phonetic hiragana orthography		Source suppresses normal kanji/katakana distinctions; restore only with context		medium		
478	TT3A	TT3A/g2/r14	scenario	group 2 @ 0xB5F5; record 14	group-compressed	もりまではまだ5めーとるほど ある	もりまではまだ5めーとるほど ある	morimadehamada5meetoruhodo aru	もりまではまだ5めーとるほど ある	The woods are 5m away.	The woods are 5m away.			yes	hiragana:14; katakana:1; kanji:0; Latin:0; digits:1		Source suppresses normal kanji/katakana distinctions; restore only with context	source numerals ['5']; verify dates/counts and Japanese ordering	medium		
479	TT3A	TT3A/g2/r15	scenario	group 2 @ 0xB5F5; record 15	group-compressed	こちらには まだきづいていない	こちらには まだきづいていない	kochiraniha madakizuiteinai	こちらには まだきづいていない	He has not seen me yet.	He has not seen me yet.			yes	hiragana:14; katakana:0; kanji:0; Latin:0; digits:0; phonetic hiragana orthography		Source suppresses normal kanji/katakana distinctions; restore only with context		medium		
480	TT3A	TT3A/g2/r16	scenario	group 2 @ 0xB5F5; record 16	group-compressed	いいのか！	いいのか！	iinoka！	いいのか！	Are you sure?!	Are you sure?!			yes	hiragana:4; katakana:0; kanji:0; Latin:0; digits:0; phonetic hiragana orthography		Source suppresses normal kanji/katakana distinctions; restore only with context		medium		
481	TT3A	TT3A/g2/r17	scenario	group 2 @ 0xB5F5; record 17	group-compressed	おれ「こんばんはー」	おれ「こんばんはー」	ore「konbanhaa」	おれ「こんばんはー」	Me: Good evening.	Me: Good evening.			yes	hiragana:7; katakana:1; kanji:0; Latin:0; digits:0	おれ: plain-to-rough masculine first person	Source suppresses normal kanji/katakana distinctions; restore only with context		medium		
482	TT3A	TT3A/g2/r18	scenario	group 2 @ 0xB5F5; record 18	group-compressed	へいし「／ だっそうだーーっ／」	へいし「／ だっそうだーーっ／」	heishi「／ dassoudaaa／」	へいし「／ だっそうだーーっ／」	Soldier: An escapee!	Soldier: An escapee!			yes	hiragana:9; katakana:2; kanji:0; Latin:0; digits:0		へいし → 兵士		low		
483	TT3A	TT3A/g2/r19	scenario	group 2 @ 0xB5F5; record 19	group-compressed	……あーあ……	……あーあ……	……aaa……	……あーあ……	... Oh, great...	... Oh, great...			yes	hiragana:2; katakana:1; kanji:0; Latin:0; digits:0		Source suppresses normal kanji/katakana distinctions; restore only with context	ellipsis carries timing/hesitation tone	medium		
484	TT3A	TT3A/g2/r20	scenario	group 2 @ 0xB5F5; record 20	group-compressed	てが とどかない	てが とどかない	tega todokanai	てが とどかない	I cannot reach him.	I cannot reach him.			yes	hiragana:7; katakana:0; kanji:0; Latin:0; digits:0; phonetic hiragana orthography		Source suppresses normal kanji/katakana distinctions; restore only with context		medium		
485	TT3A	TT3A/g2/r21	scenario	group 2 @ 0xB5F5; record 21	group-compressed	なにを！	なにを！	nanio！	なにを！	What?!	What?!			yes	hiragana:3; katakana:0; kanji:0; Latin:0; digits:0; phonetic hiragana orthography		Source suppresses normal kanji/katakana distinctions; restore only with context		medium		
486	TT3A	TT3A/g2/r22	scenario	group 2 @ 0xB5F5; record 22	group-compressed	へいし「あたっ／」	へいし「あたっ／」	heishi「ata／」	へいし「あたっ／」	Soldier: Ow!	Soldier: Ow!			yes	hiragana:6; katakana:0; kanji:0; Latin:0; digits:0; phonetic hiragana orthography		へいし → 兵士		low		
487	TT3A	TT3A/g2/r23	scenario	group 2 @ 0xB5F5; record 23	group-compressed	かしゃーーん／	かしゃーーん／	kashaaan／	かしゃーーん／	Crash!	Crash!			yes	hiragana:4; katakana:2; kanji:0; Latin:0; digits:0		Source suppresses normal kanji/katakana distinctions; restore only with context		medium		
488	TT3A	TT3A/g2/r24	scenario	group 2 @ 0xB5F5; record 24	group-compressed	へいし「だ だれだ／」	へいし「だ だれだ／」	heishi「da dareda／」	へいし「だ だれだ／」	Soldier: W-who is it?!	Soldier: W-who is it?!			yes	hiragana:7; katakana:0; kanji:0; Latin:0; digits:0; phonetic hiragana orthography		へいし → 兵士		low		
489	TT3A	TT3A/g2/r25	scenario	group 2 @ 0xB5F5; record 25	group-compressed	いまだ……／	いまだ……／	imada……／	いまだ……／	Now...!	Now...!			yes	hiragana:3; katakana:0; kanji:0; Latin:0; digits:0; phonetic hiragana orthography		Source suppresses normal kanji/katakana distinctions; restore only with context	ellipsis carries timing/hesitation tone	medium		
490	TT3A	TT3A/g2/r26	scenario	group 2 @ 0xB5F5; record 26	group-compressed	どうにかだしゅつしたおれは ふくをきがえて{CTRL:0}れんらくばしょの こうえんへむかった{CTRL:2}やがて よがしらじらとあけて……	どうにかだしゅつしたおれは ふくをきがえて ⟦CTRL:0⟧ れんらくばしょの こうえんへむかった ⟦CTRL:2⟧ やがて よがしらじらとあけて……	dounikadashutsushitaoreha fukuokigaete / renrakubashono kouenhemukatta / yagate yogashirajiratoakete……	どうにかだしゅつしたおれは ふくをきがえてれんらくばしょの こうえんへむかったやがて よがしらじらとあけて……	I escaped and changed.{CTRL:0}I headed for the park.{CTRL:2}Soon the dawn broke.	I escaped and changed. ⟦CTRL:0⟧ I headed for the park. ⟦CTRL:2⟧ Soon the dawn broke.	0,2	0,2	yes	hiragana:50; katakana:0; kanji:0; Latin:0; digits:0; phonetic hiragana orthography	おれ: plain-to-rough masculine first person	Source suppresses normal kanji/katakana distinctions; restore only with context	ellipsis carries timing/hesitation tone	medium		
491	TT3A	TT3A/g2/r27	scenario	group 2 @ 0xB5F5; record 27	group-compressed	がさがさ……／	がさがさ……／	gasagasa……／	がさがさ……／	Rustle...!	Rustle...!			yes	hiragana:4; katakana:0; kanji:0; Latin:0; digits:0; phonetic hiragana orthography		Source suppresses normal kanji/katakana distinctions; restore only with context	ellipsis carries timing/hesitation tone	medium		
492	TT3A	TT3A/g2/r28	scenario	group 2 @ 0xB5F5; record 28	group-compressed	ふあんげに おれをみつめている	ふあんげに おれをみつめている	fuangeni oreomitsumeteiru	ふあんげに おれをみつめている	He watches me uneasily.	He watches me uneasily.			yes	hiragana:14; katakana:0; kanji:0; Latin:0; digits:0; phonetic hiragana orthography	おれ: plain-to-rough masculine first person	Source suppresses normal kanji/katakana distinctions; restore only with context		medium		
493	TT3A	TT3A/g2/r29	scenario	group 2 @ 0xB5F5; record 29	group-compressed	かみきれを にぎりしめている{CTRL:1}しもん「さっきこどもに もらったんです{CTRL:0} しらないおじさんに たのまれたといってました」{CTRL:6}かみを うけとった{CTRL:3}あおのいんくで もじがかかれている	かみきれを にぎりしめている ⟦CTRL:1⟧ しもん「さっきこどもに もらったんです ⟦CTRL:0⟧  しらないおじさんに たのまれたといってました」 ⟦CTRL:6⟧ かみを うけとった ⟦CTRL:3⟧ あおのいんくで もじがかかれている	kamikireo nigirishimeteiru / shimon「sakkikodomoni morattandesu /  shiranaiojisanni tanomaretatoittemashita」 / kamio uketotta / aonoinkude mojigakakareteiru	かみきれを にぎりしめているしもん「さっきこどもに もらったんです しらないおじさんに たのまれたといってました」かみを うけとったあおのいんくで もじがかかれている	He holds a paper.{CTRL:1}Simon: A child gave it{CTRL:0}to me. Some man sent it.{CTRL:6}I take it.{CTRL:3}Blue writing.	He holds a paper. ⟦CTRL:1⟧ Simon: A child gave it ⟦CTRL:0⟧ to me. Some man sent it. ⟦CTRL:6⟧ I take it. ⟦CTRL:3⟧ Blue writing.	1,0,6,3	1,0,6,3	yes	hiragana:75; katakana:0; kanji:0; Latin:0; digits:0; phonetic hiragana orthography	さん: -san: ordinary respectful address	しもん → シモン (Simon) | こども → 子供 | かみ → 神/紙/髪		medium		
494	TT3A	TT3A/g2/r30	scenario	group 2 @ 0xB5F5; record 30	group-compressed	  こ     な     い 4   ろ の{CTRL:0} ふ       い し ゃ   や  {CTRL:0}    え で   て{CTRL:0}                べ   か	こ     な     い 4   ろ の ⟦CTRL:0⟧  ふ       い し ゃ   や   ⟦CTRL:0⟧     え で   て ⟦CTRL:0⟧                 べ   か	  ko     na     i 4   ro no /  fu       i shi ゃ   ya   /     e de   te /                 be   ka	  こ     な     い 4   ろ の ふ       い し ゃ   や      え で   て                べ   か	A fragment of the note.{CTRL:0}Blue ink:{CTRL:0}'... 4 km southwest...'{CTRL:0}'... Rebecca'	A fragment of the note. ⟦CTRL:0⟧ Blue ink: ⟦CTRL:0⟧ '... 4 km southwest...' ⟦CTRL:0⟧ '... Rebecca'	0,0,0	0,0,0	yes	hiragana:15; katakana:0; kanji:0; Latin:0; digits:1; phonetic hiragana orthography		Source suppresses normal kanji/katakana distinctions; restore only with context	source numerals ['4']; verify dates/counts and Japanese ordering	medium		
495	TT3A	TT3A/g2/r31	scenario	group 2 @ 0xB5F5; record 31	group-compressed	こ   か ら   ん せ     き    {CTRL:0}   る い す       ご   の{CTRL:0}  ま     ま  {CTRL:0}              れ   っ  	こ   か ら   ん せ     き     ⟦CTRL:0⟧    る い す       ご   の ⟦CTRL:0⟧   ま     ま   ⟦CTRL:0⟧               れ   っ	ko   ka ra   n se     ki     /    ru i su       go   no /   ma     ma   /               re     	こ   か ら   ん せ     き       る い す       ご   の  ま     ま                れ   っ  	Other note piece.{CTRL:0}Blue ink:{CTRL:0}'... old watermill...'{CTRL:0}'... wait there...'	Other note piece. ⟦CTRL:0⟧ Blue ink: ⟦CTRL:0⟧ '... old watermill...' ⟦CTRL:0⟧ '... wait there...'	0,0,0	0,0,0	yes	hiragana:15; katakana:0; kanji:0; Latin:0; digits:0; phonetic hiragana orthography		Source suppresses normal kanji/katakana distinctions; restore only with context		medium		
496	TT3A	TT3A/g3/r0	scenario	group 3 @ 0xB7F3; record 0	group-compressed	どちらもかなり うすいかみだ	どちらもかなり うすいかみだ	dochiramokanari usuikamida	どちらもかなり うすいかみだ	Both are thin paper.	Both are thin paper.			yes	hiragana:13; katakana:0; kanji:0; Latin:0; digits:0; phonetic hiragana orthography		Source suppresses normal kanji/katakana distinctions; restore only with context		medium		
497	TT3A	TT3A/g3/r1	scenario	group 3 @ 0xB7F3; record 1	group-compressed	おとこ「いつまで つづくんでしょうかね{CTRL:0} このせんそうは」	おとこ「いつまで つづくんでしょうかね ⟦CTRL:0⟧  このせんそうは」	otoko「itsumade tsuzukundeshoukane /  konosensouha」	おとこ「いつまで つづくんでしょうかね このせんそうは」	Man: When will this war{CTRL:0}ever end?	Man: When will this war ⟦CTRL:0⟧ ever end?	0	0	yes	hiragana:24; katakana:0; kanji:0; Latin:0; digits:0; phonetic hiragana orthography		せんそう → 戦争 | おとこ → 男		low		
498	TT3A	TT3A/g3/r2	scenario	group 3 @ 0xB7F3; record 2	group-compressed	"おとこ「""れべっか"" の かたですね！」{CTRL:1}おれ「いや… ぼくはゆうべ しゅうようじょを{CTRL:0} だっそうしてきたんです」"	"おとこ「""れべっか"" の かたですね！」 ⟦CTRL:1⟧ おれ「いや… ぼくはゆうべ しゅうようじょを ⟦CTRL:0⟧  だっそうしてきたんです」"	"otoko「""rebekka"" no katadesune！」 / ore「iya… bokuhayuube shuuyoujoo /  dassoushitekitandesu」"	"おとこ「""れべっか"" の かたですね！」おれ「いや… ぼくはゆうべ しゅうようじょを だっそうしてきたんです」"	Man: One of Rebecca's?{CTRL:1}Me: No. I fled the camp{CTRL:0}last night.	Man: One of Rebecca's? ⟦CTRL:1⟧ Me: No. I fled the camp ⟦CTRL:0⟧ last night.	1,0	1,0	yes	hiragana:42; katakana:0; kanji:0; Latin:0; digits:0; phonetic hiragana orthography	ぼく: soft/juvenile masculine first person | おれ: plain-to-rough masculine first person | です/ます: polite register	おとこ → 男	ellipsis carries timing/hesitation tone	medium		
499	TT3A	TT3A/g3/r3	scenario	group 3 @ 0xB7F3; record 3	group-compressed	"おとこ「ぶつりがくしゃの しもん といいます{CTRL:1} つてをたどって ""れべっか""に ぼうめいを{CTRL:0} ねがいでたんですが……」"	"おとこ「ぶつりがくしゃの しもん といいます ⟦CTRL:1⟧  つてをたどって ""れべっか""に ぼうめいを ⟦CTRL:0⟧  ねがいでたんですが……」"	"otoko「butsurigakushano shimon toiimasu /  tsuteotadotte ""rebekka""ni boumeio /  negaidetandesuga……」"	"おとこ「ぶつりがくしゃの しもん といいます つてをたどって ""れべっか""に ぼうめいを ねがいでたんですが……」"	Man: Simon, physicist.{CTRL:1}Through contacts, I{CTRL:0}asked Rebecca for refuge	Man: Simon, physicist. ⟦CTRL:1⟧ Through contacts, I ⟦CTRL:0⟧ asked Rebecca for refuge	1,0	1,0	yes	hiragana:45; katakana:0; kanji:0; Latin:0; digits:0; phonetic hiragana orthography		しもん → シモン (Simon) | おとこ → 男	ellipsis carries timing/hesitation tone	low		
500	TT3A	TT3A/g3/r4	scenario	group 3 @ 0xB7F3; record 4	group-compressed	しもん「なちすは わたしをかんきんして{CTRL:0} ひみつへいきのかいはつを きょうせいしました{CTRL:2} しかしわたしはもう ひとごろしのてだすけなど{CTRL:0} したくない／」	しもん「なちすは わたしをかんきんして ⟦CTRL:0⟧  ひみつへいきのかいはつを きょうせいしました ⟦CTRL:2⟧  しかしわたしはもう ひとごろしのてだすけなど ⟦CTRL:0⟧  したくない／」	shimon「nachisuha watashiokankinshite /  himitsuheikinokaihatsuo kyouseishimashita /  shikashiwatashihamou hitogoroshinotedasukenado /  shitakunai／」	しもん「なちすは わたしをかんきんして ひみつへいきのかいはつを きょうせいしました しかしわたしはもう ひとごろしのてだすけなど したくない／」	Simon: Nazis confined me{CTRL:0}and forced me to develop{CTRL:2}a secret weapon. I won't{CTRL:0}help them kill anymore!	Simon: Nazis confined me ⟦CTRL:0⟧ and forced me to develop ⟦CTRL:2⟧ a secret weapon. I won't ⟦CTRL:0⟧ help them kill anymore!	0,2,0	0,2,0	yes	hiragana:64; katakana:0; kanji:0; Latin:0; digits:0; phonetic hiragana orthography		しもん → シモン (Simon)		low		
501	TT3A	TT3A/g3/r5	scenario	group 3 @ 0xB7F3; record 5	group-compressed	しもん「はやく いきましょう／」	しもん「はやく いきましょう／」	shimon「hayaku ikimashou／」	しもん「はやく いきましょう／」	Simon: Let us hurry!	Simon: Let us hurry!			yes	hiragana:12; katakana:0; kanji:0; Latin:0; digits:0; phonetic hiragana orthography		しもん → シモン (Simon)		low		
502	TT3A	TT3A/g3/r6	scenario	group 3 @ 0xB7F3; record 6	group-compressed	ほんとに いいのか！	ほんとに いいのか！	hontoni iinoka！	ほんとに いいのか！	Are you truly sure?!	Are you truly sure?!			yes	hiragana:8; katakana:0; kanji:0; Latin:0; digits:0; phonetic hiragana orthography		Source suppresses normal kanji/katakana distinctions; restore only with context		medium		
503	TT3A	TT3A/g3/r7	scenario	group 3 @ 0xB7F3; record 7	group-compressed	おれ「くたばれ ひとらー／」	おれ「くたばれ ひとらー／」	ore「kutabare hitoraa／」	おれ「くたばれ ひとらー／」	Me: Drop dead, Hitler!	Me: Drop dead, Hitler!			yes	hiragana:9; katakana:1; kanji:0; Latin:0; digits:0	おれ: plain-to-rough masculine first person	ひとらー → ヒトラー (Hitler)		medium		
504	TT3A	TT3A/g3/r8	scenario	group 3 @ 0xB7F3; record 8	group-compressed	おとこ「よかった…… おいてけぼりかと{CTRL:0} おもいましたよ」	おとこ「よかった…… おいてけぼりかと ⟦CTRL:0⟧  おもいましたよ」	otoko「yokatta…… oitekeborikato /  omoimashitayo」	おとこ「よかった…… おいてけぼりかと おもいましたよ」	Man: Thank goodness...{CTRL:0}I feared you left me.	Man: Thank goodness... ⟦CTRL:0⟧ I feared you left me.	0	0	yes	hiragana:22; katakana:0; kanji:0; Latin:0; digits:0; phonetic hiragana orthography		おとこ → 男	ellipsis carries timing/hesitation tone	low		
505	TT3A	TT3A/g3/r9	scenario	group 3 @ 0xB7F3; record 9	group-compressed	おとこにかるく めくばせをくれたあと{CTRL:0}ゆびさきで はなを2かい こすった{CTRL:2}おとこ「なんですか……！」	おとこにかるく めくばせをくれたあと ⟦CTRL:0⟧ ゆびさきで はなを2かい こすった ⟦CTRL:2⟧ おとこ「なんですか……！」	otokonikaruku mekubaseokuretaato / yubisakide hanao2kai kosutta / otoko「nandesuka……！」	おとこにかるく めくばせをくれたあとゆびさきで はなを2かい こすったおとこ「なんですか……！」	I wink lightly at him,{CTRL:0}then rub my nose twice.{CTRL:2}Man: What was that?!	I wink lightly at him, ⟦CTRL:0⟧ then rub my nose twice. ⟦CTRL:2⟧ Man: What was that?!	0,2	0,2	yes	hiragana:39; katakana:0; kanji:0; Latin:0; digits:1; phonetic hiragana orthography		おとこ → 男	source numerals ['2']; verify dates/counts and Japanese ordering | ellipsis carries timing/hesitation tone	low		
506	TT3A	TT3A/g3/r10	scenario	group 3 @ 0xB7F3; record 10	group-compressed	あーあ… しわくしゃだ	あーあ… しわくしゃだ	aaa… shiwakushada	あーあ… しわくしゃだ	Oh, no... all wrinkled.	Oh, no... all wrinkled.			yes	hiragana:8; katakana:1; kanji:0; Latin:0; digits:0		Source suppresses normal kanji/katakana distinctions; restore only with context	ellipsis carries timing/hesitation tone	medium		
507	TT3A	TT3A/g3/r11	scenario	group 3 @ 0xB7F3; record 11	group-compressed	まっちが ない	まっちが ない	matchiga nai	まっちが ない	I have no matches.	I have no matches.			yes	hiragana:6; katakana:0; kanji:0; Latin:0; digits:0; phonetic hiragana orthography		Source suppresses normal kanji/katakana distinctions; restore only with context		medium		
508	TT3A	TT3A/g3/r12	scenario	group 3 @ 0xB7F3; record 12	group-compressed	うーん… やめとこう	うーん… やめとこう	uun… yametokou	うーん… やめとこう	Hmm... better not.	Hmm... better not.			yes	hiragana:7; katakana:1; kanji:0; Latin:0; digits:0		Source suppresses normal kanji/katakana distinctions; restore only with context	ellipsis carries timing/hesitation tone	medium		
509	TT3A	TT3A/g3/r13	scenario	group 3 @ 0xB7F3; record 13	group-compressed	こ こ か ら な ん せ い 4 き ろ の{CTRL:0} ふ る い す い し ゃ ご や の{CTRL:0}  ま え で ま て{CTRL:0}              れ べ っ か	こ こ か ら な ん せ い 4 き ろ の ⟦CTRL:0⟧  ふ る い す い し ゃ ご や の ⟦CTRL:0⟧   ま え で ま て ⟦CTRL:0⟧               れ べ っ か	ko ko ka ra na n se i 4 ki ro no /  fu ru i su i shi ゃ go ya no /   ma e de ma te /               re be  kka	こ こ か ら な ん せ い 4 き ろ の ふ る い す い し ゃ ご や の  ま え で ま て              れ べ っ か	Four km southwest,{CTRL:0}wait by the old{CTRL:0}watermill.{CTRL:0}Rebecca	Four km southwest, ⟦CTRL:0⟧ wait by the old ⟦CTRL:0⟧ watermill. ⟦CTRL:0⟧ Rebecca	0,0,0	0,0,0	yes	hiragana:30; katakana:0; kanji:0; Latin:0; digits:1; phonetic hiragana orthography		Source suppresses normal kanji/katakana distinctions; restore only with context	source numerals ['4']; verify dates/counts and Japanese ordering	medium		
510	TT3A	TT3A/g3/r14	scenario	group 3 @ 0xB7F3; record 14	group-compressed	しもん「げしゅたぽが うろついています{CTRL:0} へたに うごかないほうがいい」	しもん「げしゅたぽが うろついています ⟦CTRL:0⟧  へたに うごかないほうがいい」	shimon「geshutapoga urotsuiteimasu /  hetani ugokanaihougaii」	しもん「げしゅたぽが うろついています へたに うごかないほうがいい」	Simon: Gestapo are near.{CTRL:0}We should stay still.	Simon: Gestapo are near. ⟦CTRL:0⟧ We should stay still.	0	0	yes	hiragana:30; katakana:0; kanji:0; Latin:0; digits:0; phonetic hiragana orthography		しもん → シモン (Simon)		low		
511	TT3A	TT3A/g3/r15	scenario	group 3 @ 0xB7F3; record 15	group-compressed	みずのでが すくないな	みずのでが すくないな	mizunodega sukunaina	みずのでが すくないな	The water flow is weak.	The water flow is weak.			yes	hiragana:10; katakana:0; kanji:0; Latin:0; digits:0; phonetic hiragana orthography		Source suppresses normal kanji/katakana distinctions; restore only with context		medium		
512	TT3A	TT3A/g3/r16	scenario	group 3 @ 0xB7F3; record 16	group-compressed	みずのなかに がらすのびんが しずんでいる	みずのなかに がらすのびんが しずんでいる	mizunonakani garasunobinga shizundeiru	みずのなかに がらすのびんが しずんでいる	A bottle is underwater.	A bottle is underwater.			yes	hiragana:19; katakana:0; kanji:0; Latin:0; digits:0; phonetic hiragana orthography		Source suppresses normal kanji/katakana distinctions; restore only with context		medium		
513	TT3A	TT3A/g3/r17	scenario	group 3 @ 0xB7F3; record 17	group-compressed	ひんのよさそうな しんしだ	ひんのよさそうな しんしだ	hinnoyosasouna shinshida	ひんのよさそうな しんしだ	A refined gentleman.	A refined gentleman.			yes	hiragana:12; katakana:0; kanji:0; Latin:0; digits:0; phonetic hiragana orthography		Source suppresses normal kanji/katakana distinctions; restore only with context		medium		
514	TT3A	TT3A/g3/r18	scenario	group 3 @ 0xB7F3; record 18	group-compressed	みずのなかなので よく みえない	みずのなかなので よく みえない	mizunonakananode yoku mienai	みずのなかなので よく みえない	Hard to see underwater.	Hard to see underwater.			yes	hiragana:14; katakana:0; kanji:0; Latin:0; digits:0; phonetic hiragana orthography		Source suppresses normal kanji/katakana distinctions; restore only with context		medium		
515	TT3A	TT3A/g3/r19	scenario	group 3 @ 0xB7F3; record 19	group-compressed	おとこ「むすこは 16さいのわかさで{CTRL:0} せんじょうにかりだされ てきへいに{CTRL:0} しゃさつされました……{CTRL:6} わたしのきもちなど わからんでしょうな」	おとこ「むすこは 16さいのわかさで ⟦CTRL:0⟧  せんじょうにかりだされ てきへいに ⟦CTRL:0⟧  しゃさつされました…… ⟦CTRL:6⟧  わたしのきもちなど わからんでしょうな」	otoko「musukoha 16sainowakasade /  senjounikaridasare tekiheini /  shasatsusaremashita…… /  watashinokimochinado wakarandeshouna」	おとこ「むすこは 16さいのわかさで せんじょうにかりだされ てきへいに しゃさつされました…… わたしのきもちなど わからんでしょうな」	Man: My son was 16.{CTRL:0}Sent to war and shot{CTRL:0}by the enemy...{CTRL:6}you can't know my grief.	Man: My son was 16. ⟦CTRL:0⟧ Sent to war and shot ⟦CTRL:0⟧ by the enemy... ⟦CTRL:6⟧ you can't know my grief.	0,0,6	0,0,6	yes	hiragana:57; katakana:0; kanji:0; Latin:0; digits:2; phonetic hiragana orthography		おとこ → 男 | むすこ → 息子	source numerals ['16']; verify dates/counts and Japanese ordering | ellipsis carries timing/hesitation tone	low		
516	TT3A	TT3A/g3/r20	scenario	group 3 @ 0xB7F3; record 20	group-compressed	おとこ「じょうほうによれば ここが とうぼう{CTRL:0} そしきとの れんらくばしょらしいのだが……{CTRL:2} あやしいやつを みなかったか！」	おとこ「じょうほうによれば ここが とうぼう ⟦CTRL:0⟧  そしきとの れんらくばしょらしいのだが…… ⟦CTRL:2⟧  あやしいやつを みなかったか！」	otoko「jouhouniyoreba kokoga toubou /  soshikitono renrakubashorashiinodaga…… /  ayashiiyatsuo minakattaka！」	おとこ「じょうほうによれば ここが とうぼう そしきとの れんらくばしょらしいのだが…… あやしいやつを みなかったか！」	Man: Info says it's an{CTRL:0}escape-network contact.{CTRL:2}Seen anyone suspicious?!	Man: Info says it's an ⟦CTRL:0⟧ escape-network contact. ⟦CTRL:2⟧ Seen anyone suspicious?!	0,2	0,2	yes	hiragana:50; katakana:0; kanji:0; Latin:0; digits:0; phonetic hiragana orthography		おとこ → 男	ellipsis carries timing/hesitation tone	low		
517	TT3A	TT3A/g3/r21	scenario	group 3 @ 0xB7F3; record 21	group-compressed	おとこ「よくかんがえてみろ／」	おとこ「よくかんがえてみろ／」	otoko「yokukangaetemiro／」	おとこ「よくかんがえてみろ／」	Man: Think carefully!	Man: Think carefully!			yes	hiragana:12; katakana:0; kanji:0; Latin:0; digits:0; phonetic hiragana orthography		おとこ → 男		low		
518	TT3A	TT3A/g3/r22	scenario	group 3 @ 0xB7F3; record 22	group-compressed	おとこ「なに！ どこだ／」	おとこ「なに！ どこだ／」	otoko「nani！ dokoda／」	おとこ「なに！ どこだ／」	Man: What?! Where?!	Man: What?! Where?!			yes	hiragana:8; katakana:0; kanji:0; Latin:0; digits:0; phonetic hiragana orthography		おとこ → 男		low		
519	TT3A	TT3A/g3/r23	scenario	group 3 @ 0xB7F3; record 23	group-compressed	あっというまに はしりさっていった	あっというまに はしりさっていった	attoiumani hashirisatteitta	あっというまに はしりさっていった	He runs off in a flash.	He runs off in a flash.			yes	hiragana:16; katakana:0; kanji:0; Latin:0; digits:0; phonetic hiragana orthography		Source suppresses normal kanji/katakana distinctions; restore only with context		medium		
520	TT3A	TT3A/g3/r24	scenario	group 3 @ 0xB7F3; record 24	group-compressed	てをのばして びんをとりあげた{CTRL:1}なかに かみがはいっている	てをのばして びんをとりあげた ⟦CTRL:1⟧ なかに かみがはいっている	teonobashite binotoriageta / nakani kamigahaitteiru	てをのばして びんをとりあげたなかに かみがはいっている	I reach down for it.{CTRL:1}There is paper inside.	I reach down for it. ⟦CTRL:1⟧ There is paper inside.	1	1	yes	hiragana:26; katakana:0; kanji:0; Latin:0; digits:0; phonetic hiragana orthography		かみ → 神/紙/髪		medium		
521	TT3A	TT3A/g3/r25	scenario	group 3 @ 0xB7F3; record 25	group-compressed	びんをわって かみを とりだした{CTRL:1}あかのいんくで もじがかかれている	びんをわって かみを とりだした ⟦CTRL:1⟧ あかのいんくで もじがかかれている	binowatte kamio toridashita / akanoinkude mojigakakareteiru	びんをわって かみを とりだしたあかのいんくで もじがかかれている	I smash it for the note.{CTRL:1}Red ink covers it.	I smash it for the note. ⟦CTRL:1⟧ Red ink covers it.	1	1	yes	hiragana:30; katakana:0; kanji:0; Latin:0; digits:0; phonetic hiragana orthography		かみ → 神/紙/髪		medium		
522	TT3A	TT3A/g3/r26	scenario	group 3 @ 0xB7F3; record 26	group-compressed	おれ「くたばれ ひとらー／」{CTRL:0}おとこ「／」	おれ「くたばれ ひとらー／」 ⟦CTRL:0⟧ おとこ「／」	ore「kutabare hitoraa／」 / otoko「／」	おれ「くたばれ ひとらー／」おとこ「／」	Me: Drop dead, Hitler!{CTRL:0}Man: What?!	Me: Drop dead, Hitler! ⟦CTRL:0⟧ Man: What?!	0	0	yes	hiragana:12; katakana:1; kanji:0; Latin:0; digits:0	おれ: plain-to-rough masculine first person	ひとらー → ヒトラー (Hitler) | おとこ → 男		medium		
523	TT3A	TT3A/g3/r27	scenario	group 3 @ 0xB7F3; record 27	group-compressed	おとこ「うごくな／」{CTRL:0}おれ「／」{CTRL:0}おとこ「ばかめ… おれは げしゅたぽだ／」	おとこ「うごくな／」 ⟦CTRL:0⟧ おれ「／」 ⟦CTRL:0⟧ おとこ「ばかめ… おれは げしゅたぽだ／」	otoko「ugokuna／」 / ore「／」 / otoko「bakame… oreha geshutapoda／」	おとこ「うごくな／」おれ「／」おとこ「ばかめ… おれは げしゅたぽだ／」	Man: Do not move!{CTRL:0}Me: What?!{CTRL:0}Man: Fool! I'm Gestapo!	Man: Do not move! ⟦CTRL:0⟧ Me: What?! ⟦CTRL:0⟧ Man: Fool! I'm Gestapo!	0,0	0,0	yes	hiragana:24; katakana:0; kanji:0; Latin:0; digits:0; phonetic hiragana orthography	おれ: plain-to-rough masculine first person	おとこ → 男	ellipsis carries timing/hesitation tone	medium		
524	TT3A	TT3A/g3/r28	scenario	group 3 @ 0xB7F3; record 28	group-compressed	あー ここまできて……	あー ここまできて……	aa kokomadekite……	あー ここまできて……	Oh, after all this...	Oh, after all this...			yes	hiragana:7; katakana:1; kanji:0; Latin:0; digits:0		Source suppresses normal kanji/katakana distinctions; restore only with context	ellipsis carries timing/hesitation tone	medium		
525	TT3A	TT3A/g3/r29	scenario	group 3 @ 0xB7F3; record 29	group-compressed	おとこにかるく めくばせをくれたあと{CTRL:0}ゆびさきで はなを2かい こすった{CTRL:2}おとこ「……」	おとこにかるく めくばせをくれたあと ⟦CTRL:0⟧ ゆびさきで はなを2かい こすった ⟦CTRL:2⟧ おとこ「……」	otokonikaruku mekubaseokuretaato / yubisakide hanao2kai kosutta / otoko「……」	おとこにかるく めくばせをくれたあとゆびさきで はなを2かい こすったおとこ「……」	I wink lightly at him,{CTRL:0}then rub my nose twice.{CTRL:2}Man: ...	I wink lightly at him, ⟦CTRL:0⟧ then rub my nose twice. ⟦CTRL:2⟧ Man: ...	0,2	0,2	yes	hiragana:34; katakana:0; kanji:0; Latin:0; digits:1; phonetic hiragana orthography		おとこ → 男	source numerals ['2']; verify dates/counts and Japanese ordering | ellipsis carries timing/hesitation tone	low		
526	TT3A	TT3A/g3/r30	scenario	group 3 @ 0xB7F3; record 30	group-compressed	おとこ「しんいりだな おまえ」	おとこ「しんいりだな おまえ」	otoko「shiniridana omae」	おとこ「しんいりだな おまえ」	Man: A new recruit, eh?	Man: A new recruit, eh?			yes	hiragana:12; katakana:0; kanji:0; Latin:0; digits:0; phonetic hiragana orthography	おまえ: familiar or rough second person; relationship and tone matter	おとこ → 男		medium		
527	TT3A	TT3A/g3/r31	scenario	group 3 @ 0xB7F3; record 31	group-compressed	めぼしいものは ない	めぼしいものは ない	meboshiimonoha nai	めぼしいものは ない	Nothing useful.	Nothing useful.			yes	hiragana:9; katakana:0; kanji:0; Latin:0; digits:0; phonetic hiragana orthography		Source suppresses normal kanji/katakana distinctions; restore only with context		medium		
528	TT3A	TT3A/g4/r0	scenario	group 4 @ 0xBAEC; record 0	group-compressed	めがきょろきょろして おちつきがない	めがきょろきょろして おちつきがない	megakyorokyoroshite ochitsukiganai	めがきょろきょろして おちつきがない	His eyes dart nervously.	His eyes dart nervously.			yes	hiragana:17; katakana:0; kanji:0; Latin:0; digits:0; phonetic hiragana orthography		Source suppresses normal kanji/katakana distinctions; restore only with context		medium		
529	TT3A	TT3A/g4/r1	scenario	group 4 @ 0xBAEC; record 1	group-compressed	ろうじん「あのな… こんなことしっちょるか！」	ろうじん「あのな… こんなことしっちょるか！」	roujin「anona… konnakotoshitchoruka！」	ろうじん「あのな… こんなことしっちょるか！」	Old man: Know this one?	Old man: Know this one?			yes	hiragana:18; katakana:0; kanji:0; Latin:0; digits:0; phonetic hiragana orthography		Source suppresses normal kanji/katakana distinctions; restore only with context	ellipsis carries timing/hesitation tone	medium		
530	TT3A	TT3A/g4/r2	scenario	group 4 @ 0xBAEC; record 2	group-compressed	{CTRL:0}{CTRL:0}あらゆるしゅだんをつかって ひとらーのてきを{CTRL:0}はいじょした なちすのひみつけいさつは！	⟦CTRL:0⟧  ⟦CTRL:0⟧ あらゆるしゅだんをつかって ひとらーのてきを ⟦CTRL:0⟧ はいじょした なちすのひみつけいさつは！	 /  / arayurushudanotsukatte hitoraanotekio / haijoshita nachisunohimitsukeisatsuha！	あらゆるしゅだんをつかって ひとらーのてきをはいじょした なちすのひみつけいさつは！	{CTRL:0}{CTRL:0}What Nazi secret police{CTRL:0}purged Hitler's enemies?	⟦CTRL:0⟧  ⟦CTRL:0⟧ What Nazi secret police ⟦CTRL:0⟧ purged Hitler's enemies?	0,0,0	0,0,0	yes	hiragana:38; katakana:1; kanji:0; Latin:0; digits:0		ひとらー → ヒトラー (Hitler)		low		
531	TT3A	TT3A/g4/r3	scenario	group 4 @ 0xBAEC; record 3	group-compressed	ろうじん「せいかいじゃ ならばこれはどうだ！」	ろうじん「せいかいじゃ ならばこれはどうだ！」	roujin「seikaija narabakorehadouda！」	ろうじん「せいかいじゃ ならばこれはどうだ！」	Old man: Correct! Next!	Old man: Correct! Next!			yes	hiragana:19; katakana:0; kanji:0; Latin:0; digits:0; phonetic hiragana orthography	じゃ: old-person/western-style copula; context decides voice versus region	Source suppresses normal kanji/katakana distinctions; restore only with context		medium		
532	TT3A	TT3A/g4/r4	scenario	group 4 @ 0xBAEC; record 4	group-compressed	{CTRL:0}{CTRL:0}どいつせんりょうかの ふらんすでおこなわれた{CTRL:0}ていこううんどうを なんという！	⟦CTRL:0⟧  ⟦CTRL:0⟧ どいつせんりょうかの ふらんすでおこなわれた ⟦CTRL:0⟧ ていこううんどうを なんという！	 /  / doitsusenryoukano furansudeokonawareta / teikouundouo nantoiu！	どいつせんりょうかの ふらんすでおこなわれたていこううんどうを なんという！	{CTRL:0}{CTRL:0}What was the French{CTRL:0}Resistance called?	⟦CTRL:0⟧  ⟦CTRL:0⟧ What was the French ⟦CTRL:0⟧ Resistance called?	0,0,0	0,0,0	yes	hiragana:35; katakana:0; kanji:0; Latin:0; digits:0; phonetic hiragana orthography		どいつ → ドイツ (Germany)		low		
533	TT3A	TT3A/g4/r5	scenario	group 4 @ 0xBAEC; record 5	group-compressed	{CTRL:0}{CTRL:0}こうせいのうをほこる どいつぐんの{CTRL:0}せんすいかんは！	⟦CTRL:0⟧  ⟦CTRL:0⟧ こうせいのうをほこる どいつぐんの ⟦CTRL:0⟧ せんすいかんは！	 /  / kouseinouohokoru doitsugunno / sensuikanha！	こうせいのうをほこる どいつぐんのせんすいかんは！	{CTRL:0}{CTRL:0}Name Germany's famed{CTRL:0}submarine.	⟦CTRL:0⟧  ⟦CTRL:0⟧ Name Germany's famed ⟦CTRL:0⟧ submarine.	0,0,0	0,0,0	yes	hiragana:23; katakana:0; kanji:0; Latin:0; digits:0; phonetic hiragana orthography		どいつ → ドイツ (Germany)		low		
534	TT3A	TT3A/g4/r6	scenario	group 4 @ 0xBAEC; record 6	group-compressed	{CTRL:0}{CTRL:0}えいが「ぼうきょう」に しゅえんした{CTRL:0}だんごっぱなの めいゆうは！	⟦CTRL:0⟧  ⟦CTRL:0⟧ えいが「ぼうきょう」に しゅえんした ⟦CTRL:0⟧ だんごっぱなの めいゆうは！	 /  / eiga「boukyou」ni shuenshita / dangoppanano meiyuuha！	えいが「ぼうきょう」に しゅえんしただんごっぱなの めいゆうは！	{CTRL:0}{CTRL:0}Which big-nosed actor{CTRL:0}starred in Pepe le Moko?	⟦CTRL:0⟧  ⟦CTRL:0⟧ Which big-nosed actor ⟦CTRL:0⟧ starred in Pepe le Moko?	0,0,0	0,0,0	yes	hiragana:27; katakana:0; kanji:0; Latin:0; digits:0; phonetic hiragana orthography		Source suppresses normal kanji/katakana distinctions; restore only with context		medium		
535	TT3A	TT3A/g4/r7	scenario	group 4 @ 0xBAEC; record 7	group-compressed	{CTRL:0}{CTRL:0}「ざ・ろんげすとでい」と よばれた{CTRL:0}のるまんでぃ・じょうりくさくせんを{CTRL:4}じんとうしきしたのは だれ！	⟦CTRL:0⟧  ⟦CTRL:0⟧ 「ざ・ろんげすとでい」と よばれた ⟦CTRL:0⟧ のるまんでぃ・じょうりくさくせんを ⟦CTRL:4⟧ じんとうしきしたのは だれ！	 /  / 「za・rongesutodei」to yobareta / norumandi・jourikusakuseno / jintoushikishitanoha dare！	「ざ・ろんげすとでい」と よばれたのるまんでぃ・じょうりくさくせんをじんとうしきしたのは だれ！	{CTRL:0}{CTRL:0}Who led the{CTRL:0}Normandy landings,{CTRL:4}called The Longest Day?	⟦CTRL:0⟧  ⟦CTRL:0⟧ Who led the ⟦CTRL:0⟧ Normandy landings, ⟦CTRL:4⟧ called The Longest Day?	0,0,0,4	0,0,0,4	yes	hiragana:41; katakana:2; kanji:0; Latin:0; digits:0		Source suppresses normal kanji/katakana distinctions; restore only with context		medium		
536	TT3A	TT3A/g4/r8	scenario	group 4 @ 0xBAEC; record 8	group-compressed	ろうじん「せいかいじゃ{CTRL:1} ぜんもんせいかいとは やるもんじゃ」	ろうじん「せいかいじゃ ⟦CTRL:1⟧  ぜんもんせいかいとは やるもんじゃ」	roujin「seikaija /  zenmonseikaitoha yarumonja」	ろうじん「せいかいじゃ ぜんもんせいかいとは やるもんじゃ」	Old man: Correct!{CTRL:1}You got every one right.	Old man: Correct! ⟦CTRL:1⟧ You got every one right.	1	1	yes	hiragana:26; katakana:0; kanji:0; Latin:0; digits:0; phonetic hiragana orthography	じゃ: old-person/western-style copula; context decides voice versus region	Source suppresses normal kanji/katakana distinctions; restore only with context		medium		
537	TT3A	TT3A/g4/r9	scenario	group 4 @ 0xBAEC; record 9	group-compressed	ろうじん「ところでな…{CTRL:1} げしゅたぽのあいさつを しっちょるか！」	ろうじん「ところでな… ⟦CTRL:1⟧  げしゅたぽのあいさつを しっちょるか！」	roujin「tokorodena… /  geshutaponoaisatsuo shitchoruka！」	ろうじん「ところでな… げしゅたぽのあいさつを しっちょるか！」	Old man: By the way...{CTRL:1}know a Gestapo greeting?	Old man: By the way... ⟦CTRL:1⟧ know a Gestapo greeting?	1	1	yes	hiragana:26; katakana:0; kanji:0; Latin:0; digits:0; phonetic hiragana orthography		Source suppresses normal kanji/katakana distinctions; restore only with context	ellipsis carries timing/hesitation tone	medium		
538	TT3A	TT3A/g4/r10	scenario	group 4 @ 0xBAEC; record 10	group-compressed	ろうじん「あ そ…」	ろうじん「あ そ…」	roujin「a so…」	ろうじん「あ そ…」	Old man: Ah, I see...	Old man: Ah, I see...			yes	hiragana:6; katakana:0; kanji:0; Latin:0; digits:0; phonetic hiragana orthography		Source suppresses normal kanji/katakana distinctions; restore only with context	ellipsis carries timing/hesitation tone	medium		
539	TT3A	TT3A/g4/r11	scenario	group 4 @ 0xBAEC; record 11	group-compressed	ろうじん「ひとさしゆびでな はなのあたまを{CTRL:0} ちょいちょいと 2かいばかし こするんじゃ」	ろうじん「ひとさしゆびでな はなのあたまを ⟦CTRL:0⟧  ちょいちょいと 2かいばかし こするんじゃ」	roujin「hitosashiyubidena hananoatamao /  choichoito 2kaibakashi kosurunja」	ろうじん「ひとさしゆびでな はなのあたまを ちょいちょいと 2かいばかし こするんじゃ」	Old man: Rub your nose{CTRL:0}twice with one finger.	Old man: Rub your nose ⟦CTRL:0⟧ twice with one finger.	0	0	yes	hiragana:37; katakana:0; kanji:0; Latin:0; digits:1; phonetic hiragana orthography	じゃ: old-person/western-style copula; context decides voice versus region	Source suppresses normal kanji/katakana distinctions; restore only with context	source numerals ['2']; verify dates/counts and Japanese ordering	medium		
540	TT3A	TT3A/g4/r12	scenario	group 4 @ 0xBAEC; record 12	group-compressed	ろうじん「いぬに ほえられているのが{CTRL:0} どろぼうとは かぎらない……{CTRL:2} どいつの ふるいことわざじゃ」	ろうじん「いぬに ほえられているのが ⟦CTRL:0⟧  どろぼうとは かぎらない…… ⟦CTRL:2⟧  どいつの ふるいことわざじゃ」	roujin「inuni hoerareteirunoga /  doroboutoha kagiranai…… /  doitsuno furuikotowazaja」	ろうじん「いぬに ほえられているのが どろぼうとは かぎらない…… どいつの ふるいことわざじゃ」	Old man: A barking dog{CTRL:0}need not mean a thief.{CTRL:2}A German proverb.	Old man: A barking dog ⟦CTRL:0⟧ need not mean a thief. ⟦CTRL:2⟧ A German proverb.	0,2	0,2	yes	hiragana:40; katakana:0; kanji:0; Latin:0; digits:0; phonetic hiragana orthography	じゃ: old-person/western-style copula; context decides voice versus region	どいつ → ドイツ (Germany)	ellipsis carries timing/hesitation tone	medium		
541	TT3A	TT3A/g4/r13	scenario	group 4 @ 0xBAEC; record 13	group-compressed	ろうじん「あほ」	ろうじん「あほ」	roujin「aho」	ろうじん「あほ」	Old man: Fool.	Old man: Fool.			yes	hiragana:6; katakana:0; kanji:0; Latin:0; digits:0; phonetic hiragana orthography		Source suppresses normal kanji/katakana distinctions; restore only with context		medium		
542	TT3A	TT3A/g4/r14	scenario	group 4 @ 0xBAEC; record 14	group-compressed	ろうじん「それがどうした」	ろうじん「それがどうした」	roujin「soregadoushita」	ろうじん「それがどうした」	Old man: So what?	Old man: So what?			yes	hiragana:11; katakana:0; kanji:0; Latin:0; digits:0; phonetic hiragana orthography		Source suppresses normal kanji/katakana distinctions; restore only with context		medium		
543	TT3A	TT3A/g4/r15	scenario	group 4 @ 0xBAEC; record 15	group-compressed	あさもやのせいか とてもきれいだ	あさもやのせいか とてもきれいだ	asamoyanoseika totemokireida	あさもやのせいか とてもきれいだ	Morning mist is lovely.	Morning mist is lovely.			yes	hiragana:15; katakana:0; kanji:0; Latin:0; digits:0; phonetic hiragana orthography		Source suppresses normal kanji/katakana distinctions; restore only with context		medium		
544	TT3A	TT3A/g4/r16	scenario	group 4 @ 0xBAEC; record 16	group-compressed	おんな「このせんそうが おわるまで{CTRL:0} わたしのこいも おあずけですね……」	おんな「このせんそうが おわるまで ⟦CTRL:0⟧  わたしのこいも おあずけですね……」	onna「konosensouga owarumade /  watashinokoimo oazukedesune……」	おんな「このせんそうが おわるまで わたしのこいも おあずけですね……」	Woman: Until war ends,{CTRL:0}my love must wait...	Woman: Until war ends, ⟦CTRL:0⟧ my love must wait...	0	0	yes	hiragana:29; katakana:0; kanji:0; Latin:0; digits:0; phonetic hiragana orthography		せんそう → 戦争 | おんな → 女	ellipsis carries timing/hesitation tone	low		
545	TT3A	TT3A/g4/r17	scenario	group 4 @ 0xBAEC; record 17	group-compressed	おんな「じょうほうによると{CTRL:0} だっそうへいのほかに かがくしゃが{CTRL:0} ぐんのけんきゅうじょを にげだしたらしいわ{CTRL:6} あやしいものを みなかった！」	おんな「じょうほうによると ⟦CTRL:0⟧  だっそうへいのほかに かがくしゃが ⟦CTRL:0⟧  ぐんのけんきゅうじょを にげだしたらしいわ ⟦CTRL:6⟧  あやしいものを みなかった！」	onna「jouhouniyoruto /  dassouheinohokani kagakushaga /  gunnokenkyuujoo nigedashitarashiiwa /  ayashiimonoo minakatta！」	おんな「じょうほうによると だっそうへいのほかに かがくしゃが ぐんのけんきゅうじょを にげだしたらしいわ あやしいものを みなかった！」	Woman: A POW escaped.{CTRL:0}A scientist also fled{CTRL:0}an army lab.{CTRL:6}Seen anyone suspicious?!	Woman: A POW escaped. ⟦CTRL:0⟧ A scientist also fled ⟦CTRL:0⟧ an army lab. ⟦CTRL:6⟧ Seen anyone suspicious?!	0,0,6	0,0,6	yes	hiragana:60; katakana:0; kanji:0; Latin:0; digits:0; phonetic hiragana orthography		けんきゅう → 研究 | おんな → 女		low		
546	TT3A	TT3A/g4/r18	scenario	group 4 @ 0xBAEC; record 18	group-compressed	おんな「よく かんがえて／」	おんな「よく かんがえて／」	onna「yoku kangaete／」	おんな「よく かんがえて／」	Woman: Think carefully!	Woman: Think carefully!			yes	hiragana:10; katakana:0; kanji:0; Latin:0; digits:0; phonetic hiragana orthography		おんな → 女		low		
547	TT3A	TT3A/g4/r19	scenario	group 4 @ 0xBAEC; record 19	group-compressed	おんな「ほんと！ どこ／」	おんな「ほんと！ どこ／」	onna「honto！ doko／」	おんな「ほんと！ どこ／」	Woman: Really?! Where?!	Woman: Really?! Where?!			yes	hiragana:8; katakana:0; kanji:0; Latin:0; digits:0; phonetic hiragana orthography		おんな → 女		low		
548	TT3A	TT3A/g4/r20	scenario	group 4 @ 0xBAEC; record 20	group-compressed	おれ「くたばれ ひとらー／」{CTRL:0}おんな「／」	おれ「くたばれ ひとらー／」 ⟦CTRL:0⟧ おんな「／」	ore「kutabare hitoraa／」 / onna「／」	おれ「くたばれ ひとらー／」おんな「／」	Me: Drop dead, Hitler!{CTRL:0}Woman: What?!	Me: Drop dead, Hitler! ⟦CTRL:0⟧ Woman: What?!	0	0	yes	hiragana:12; katakana:1; kanji:0; Latin:0; digits:0	おれ: plain-to-rough masculine first person	ひとらー → ヒトラー (Hitler) | おんな → 女		medium		
549	TT3A	TT3A/g4/r21	scenario	group 4 @ 0xBAEC; record 21	group-compressed	おんな「ほーるどあっぷ／」{CTRL:0}おれ「／」{CTRL:2}おんな「おあいにくさま／ わたしは{CTRL:0} げしゅたぽよ／」	おんな「ほーるどあっぷ／」 ⟦CTRL:0⟧ おれ「／」 ⟦CTRL:2⟧ おんな「おあいにくさま／ わたしは ⟦CTRL:0⟧  げしゅたぽよ／」	onna「hoorudoappu／」 / ore「／」 / onna「oainikusama／ watashiha /  geshutapoyo／」	おんな「ほーるどあっぷ／」おれ「／」おんな「おあいにくさま／ わたしは げしゅたぽよ／」	Woman: Hold it!{CTRL:0}Me: What?!{CTRL:2}Woman: Too bad! I'm with{CTRL:0}the Gestapo!	Woman: Hold it! ⟦CTRL:0⟧ Me: What?! ⟦CTRL:2⟧ Woman: Too bad! I'm with ⟦CTRL:0⟧ the Gestapo!	0,2,0	0,2,0	yes	hiragana:31; katakana:1; kanji:0; Latin:0; digits:0	おれ: plain-to-rough masculine first person | さま: -sama: high respect, worship, status, or irony	おんな → 女		medium		
550	TT3A	TT3A/g4/r22	scenario	group 4 @ 0xBAEC; record 22	group-compressed	おんなにかるく めくばせをくれたあと{CTRL:0}ゆびさきで はなを2かい こすった{CTRL:0}おんな「……」	おんなにかるく めくばせをくれたあと ⟦CTRL:0⟧ ゆびさきで はなを2かい こすった ⟦CTRL:0⟧ おんな「……」	onnanikaruku mekubaseokuretaato / yubisakide hanao2kai kosutta / onna「……」	おんなにかるく めくばせをくれたあとゆびさきで はなを2かい こすったおんな「……」	I wink lightly at her,{CTRL:0}then rub my nose twice.{CTRL:0}Woman: ...	I wink lightly at her, ⟦CTRL:0⟧ then rub my nose twice. ⟦CTRL:0⟧ Woman: ...	0,0	0,0	yes	hiragana:34; katakana:0; kanji:0; Latin:0; digits:1; phonetic hiragana orthography		おんな → 女	source numerals ['2']; verify dates/counts and Japanese ordering | ellipsis carries timing/hesitation tone	low		
551	TT3A	TT3A/g4/r23	scenario	group 4 @ 0xBAEC; record 23	group-compressed	おんな「しんいりね あなた」	おんな「しんいりね あなた」	onna「shinirine anata」	おんな「しんいりね あなた」	Woman: You are new here.	Woman: You are new here.			yes	hiragana:11; katakana:0; kanji:0; Latin:0; digits:0; phonetic hiragana orthography		おんな → 女		low		
552	TT3B	TT3B/g0/r0	scenario	group 0 @ 0xA6B5; record 0	group-compressed	のどかな でんえんちたい というかんじ	のどかな でんえんちたい というかんじ	nodokana denenchitai toiukanji	のどかな でんえんちたい というかんじ	Quiet countryside.	Quiet countryside.			yes	hiragana:17; katakana:0; kanji:0; Latin:0; digits:0; phonetic hiragana orthography		Source suppresses normal kanji/katakana distinctions; restore only with context		medium		
553	TT3B	TT3B/g0/r1	scenario	group 0 @ 0xA6B5; record 1	group-compressed	むこうから くるまが……	むこうから くるまが……	mukoukara kurumaga……	むこうから くるまが……	A car is coming...	A car is coming...			yes	hiragana:9; katakana:0; kanji:0; Latin:0; digits:0; phonetic hiragana orthography		Source suppresses normal kanji/katakana distinctions; restore only with context	ellipsis carries timing/hesitation tone	medium		
554	TT3B	TT3B/g0/r2	scenario	group 0 @ 0xA6B5; record 2	group-compressed	おんな「ほうこくします だっそうへい1めいと{CTRL:0} かがくしゃ1めいを たいほしました」{CTRL:2}しゅみっと「ごくろう あとはわたしがひきうける」{CTRL:6}おんな「はいる ひとらー／」{CTRL:4}しゅみっと「はいる ひとらー／」	おんな「ほうこくします だっそうへい1めいと ⟦CTRL:0⟧  かがくしゃ1めいを たいほしました」 ⟦CTRL:2⟧ しゅみっと「ごくろう あとはわたしがひきうける」 ⟦CTRL:6⟧ おんな「はいる ひとらー／」 ⟦CTRL:4⟧ しゅみっと「はいる ひとらー／」	onna「houkokushimasu dassouhei1meito /  kagakusha1meio taihoshimashita」 / shumitto「gokurou atohawatashigahikiukeru」 / onna「hairu hitoraa／」 / shumitto「hairu hitoraa／」	おんな「ほうこくします だっそうへい1めいと かがくしゃ1めいを たいほしました」しゅみっと「ごくろう あとはわたしがひきうける」おんな「はいる ひとらー／」しゅみっと「はいる ひとらー／」	Woman: We caught one{CTRL:0}escapee, one scientist.{CTRL:2}Schmidt: Good. My turn.{CTRL:6}Woman: Heil Hitler!{CTRL:4}Schmidt: Heil Hitler!	Woman: We caught one ⟦CTRL:0⟧ escapee, one scientist. ⟦CTRL:2⟧ Schmidt: Good. My turn. ⟦CTRL:6⟧ Woman: Heil Hitler! ⟦CTRL:4⟧ Schmidt: Heil Hitler!	0,2,6,4	0,2,6,4	yes	hiragana:75; katakana:2; kanji:0; Latin:0; digits:2		ひとらー → ヒトラー (Hitler) | おんな → 女	source numerals ['1', '1']; verify dates/counts and Japanese ordering	low		
555	TT3B	TT3B/g0/r3	scenario	group 0 @ 0xA6B5; record 3	group-compressed	いまは つかわれていないようだ	いまは つかわれていないようだ	imaha tsukawareteinaiyouda	いまは つかわれていないようだ	It is unused now.	It is unused now.			yes	hiragana:14; katakana:0; kanji:0; Latin:0; digits:0; phonetic hiragana orthography		Source suppresses normal kanji/katakana distinctions; restore only with context		medium		
556	TT3B	TT3B/g0/r4	scenario	group 0 @ 0xA6B5; record 4	group-compressed	ぶあついめがねを かけている	ぶあついめがねを かけている	buatsuimeganeo kaketeiru	ぶあついめがねを かけている	He wears thick glasses.	He wears thick glasses.			yes	hiragana:13; katakana:0; kanji:0; Latin:0; digits:0; phonetic hiragana orthography		Source suppresses normal kanji/katakana distinctions; restore only with context		medium		
557	TT3B	TT3B/g0/r5	scenario	group 0 @ 0xA6B5; record 5	group-compressed	ひきがねに てをかけている	ひきがねに てをかけている	hikiganeni teokaketeiru	ひきがねに てをかけている	Her hand grips the gun.	Her hand grips the gun.			yes	hiragana:12; katakana:0; kanji:0; Latin:0; digits:0; phonetic hiragana orthography		Source suppresses normal kanji/katakana distinctions; restore only with context		medium		
558	TT3B	TT3B/g0/r6	scenario	group 0 @ 0xA6B5; record 6	group-compressed	しもん「ときを もとにもどせたら……{CTRL:0} なんてことをね よくかんがえるんです{CTRL:0} このごろ」	しもん「ときを もとにもどせたら…… ⟦CTRL:0⟧  なんてことをね よくかんがえるんです ⟦CTRL:0⟧  このごろ」	shimon「tokio motonimodosetara…… /  nantekotoone yokukangaerundesu /  konogoro」	しもん「ときを もとにもどせたら…… なんてことをね よくかんがえるんです このごろ」	Simon: If time could be{CTRL:0}turned back... I often{CTRL:0}think of that lately.	Simon: If time could be ⟦CTRL:0⟧ turned back... I often ⟦CTRL:0⟧ think of that lately.	0,0	0,0	yes	hiragana:35; katakana:0; kanji:0; Latin:0; digits:0; phonetic hiragana orthography		しもん → シモン (Simon)	ellipsis carries timing/hesitation tone	low		
559	TT3B	TT3B/g0/r7	scenario	group 0 @ 0xA6B5; record 7	group-compressed	しもん「あいんしゅたいんは てんさいです{CTRL:0} いや かみのこ というべきか……{CTRL:0} だからこそ かれのりろんを{CTRL:0} ばくだんせいぞうなどに つかってはならない／」	しもん「あいんしゅたいんは てんさいです ⟦CTRL:0⟧  いや かみのこ というべきか…… ⟦CTRL:0⟧  だからこそ かれのりろんを ⟦CTRL:0⟧  ばくだんせいぞうなどに つかってはならない／」	shimon「ainshutainha tensaidesu /  iya kaminoko toiubekika…… /  dakarakoso karenorirono /  bakudanseizounadoni tsukattehanaranai／」	しもん「あいんしゅたいんは てんさいです いや かみのこ というべきか…… だからこそ かれのりろんを ばくだんせいぞうなどに つかってはならない／」	Einstein was a genius.{CTRL:0}No, a child of God...{CTRL:0}His theory must not be{CTRL:0}used to make bombs!	Einstein was a genius. ⟦CTRL:0⟧ No, a child of God... ⟦CTRL:0⟧ His theory must not be ⟦CTRL:0⟧ used to make bombs!	0,0,0	0,0,0	yes	hiragana:62; katakana:0; kanji:0; Latin:0; digits:0; phonetic hiragana orthography		しもん → シモン (Simon) | かみ → 神/紙/髪	ellipsis carries timing/hesitation tone	medium		
560	TT3B	TT3B/g0/r8	scenario	group 0 @ 0xA6B5; record 8	group-compressed	……「きれいごとは たくさんよ」{CTRL:0}しもん「／」	……「きれいごとは たくさんよ」 ⟦CTRL:0⟧ しもん「／」	……「kireigotoha takusanyo」 / shimon「／」	……「きれいごとは たくさんよ」しもん「／」	Voice: Spare me ideals.{CTRL:0}Simon: What?!	Voice: Spare me ideals. ⟦CTRL:0⟧ Simon: What?!	0	0	yes	hiragana:14; katakana:0; kanji:0; Latin:0; digits:0; phonetic hiragana orthography		しもん → シモン (Simon)	ellipsis carries timing/hesitation tone	low		
561	TT3B	TT3B/g0/r9	scenario	group 0 @ 0xA6B5; record 9	group-compressed	おんな「ころすか ころされるか……{CTRL:0} それがせんそうだわ そうでしょ！」	おんな「ころすか ころされるか…… ⟦CTRL:0⟧  それがせんそうだわ そうでしょ！」	onna「korosuka korosareruka…… /  soregasensoudawa soudesho！」	おんな「ころすか ころされるか…… それがせんそうだわ そうでしょ！」	Woman: Kill or be killed{CTRL:0}That is war. Right?!	Woman: Kill or be killed ⟦CTRL:0⟧ That is war. Right?!	0	0	yes	hiragana:27; katakana:0; kanji:0; Latin:0; digits:0; phonetic hiragana orthography	だわ: traditionally feminine-coded sentence ending	せんそう → 戦争 | おんな → 女 | ころす → 殺す	ellipsis carries timing/hesitation tone	medium		
562	TT3B	TT3B/g0/r10	scenario	group 0 @ 0xA6B5; record 10	group-compressed	しもん「やっぱり だめでしたか……」	しもん「やっぱり だめでしたか……」	shimon「yappari damedeshitaka……」	しもん「やっぱり だめでしたか……」	Simon: So it failed...	Simon: So it failed...			yes	hiragana:13; katakana:0; kanji:0; Latin:0; digits:0; phonetic hiragana orthography		しもん → シモン (Simon)	ellipsis carries timing/hesitation tone	low		
563	TT3B	TT3B/g0/r11	scenario	group 0 @ 0xA6B5; record 11	group-compressed	なにを！	なにを！	nanio！	なにを！	What?!	What?!			yes	hiragana:3; katakana:0; kanji:0; Latin:0; digits:0; phonetic hiragana orthography		Source suppresses normal kanji/katakana distinctions; restore only with context		medium		
564	TT3B	TT3B/g0/r12	scenario	group 0 @ 0xA6B5; record 12	group-compressed	そんなすきはない	そんなすきはない	sonnasukihanai	そんなすきはない	I have no opening.	I have no opening.			yes	hiragana:8; katakana:0; kanji:0; Latin:0; digits:0; phonetic hiragana orthography		Source suppresses normal kanji/katakana distinctions; restore only with context		medium		
565	TT3B	TT3B/g0/r13	scenario	group 0 @ 0xA6B5; record 13	group-compressed	しっかりと にぎりしめた{CTRL:0}きのせいか ゆうきがわいてくる	しっかりと にぎりしめた ⟦CTRL:0⟧ きのせいか ゆうきがわいてくる	shikkarito nigirishimeta / kinoseika yuukigawaitekuru	しっかりと にぎりしめたきのせいか ゆうきがわいてくる	I grip it tightly.{CTRL:0}It gives me courage.	I grip it tightly. ⟦CTRL:0⟧ It gives me courage.	0	0	yes	hiragana:25; katakana:0; kanji:0; Latin:0; digits:0; phonetic hiragana orthography		Source suppresses normal kanji/katakana distinctions; restore only with context		medium		
566	TT3B	TT3B/g0/r14	scenario	group 0 @ 0xA6B5; record 14	group-compressed	しもん「おまもりですか！」{CTRL:1}おれ「まよけのじゅもんが かかれている{CTRL:0} らしいんですが さびていて よく{CTRL:0} みえないんです」{CTRL:3}しもん「へえー……」	しもん「おまもりですか！」 ⟦CTRL:1⟧ おれ「まよけのじゅもんが かかれている ⟦CTRL:0⟧  らしいんですが さびていて よく ⟦CTRL:0⟧  みえないんです」 ⟦CTRL:3⟧ しもん「へえー……」	shimon「omamoridesuka！」 / ore「mayokenojumonga kakareteiru /  rashiindesuga sabiteite yoku /  mienaindesu」 / shimon「heee……」	しもん「おまもりですか！」おれ「まよけのじゅもんが かかれている らしいんですが さびていて よく みえないんです」しもん「へえー……」	Simon: A charm?{CTRL:1}Me: It bears a warding{CTRL:0}spell, but rust makes it{CTRL:0}too hard to read.{CTRL:3}Simon: Hmm...	Simon: A charm? ⟦CTRL:1⟧ Me: It bears a warding ⟦CTRL:0⟧ spell, but rust makes it ⟦CTRL:0⟧ too hard to read. ⟦CTRL:3⟧ Simon: Hmm...	1,0,0,3	1,0,0,3	yes	hiragana:53; katakana:1; kanji:0; Latin:0; digits:0	おれ: plain-to-rough masculine first person | です/ます: polite register	しもん → シモン (Simon)	ellipsis carries timing/hesitation tone	medium		
567	TT3B	TT3B/g0/r15	scenario	group 0 @ 0xA6B5; record 15	group-compressed	しもん「ここで まちましょう」	しもん「ここで まちましょう」	shimon「kokode machimashou」	しもん「ここで まちましょう」	Simon: Let us wait here.	Simon: Let us wait here.			yes	hiragana:12; katakana:0; kanji:0; Latin:0; digits:0; phonetic hiragana orthography		しもん → シモン (Simon)		low		
568	TT3B	TT3B/g0/r16	scenario	group 0 @ 0xA6B5; record 16	group-compressed	おんな「もう にがさないわよ」	おんな「もう にがさないわよ」	onna「mou nigasanaiwayo」	おんな「もう にがさないわよ」	Woman: No escape now.	Woman: No escape now.			yes	hiragana:12; katakana:0; kanji:0; Latin:0; digits:0; phonetic hiragana orthography		おんな → 女		low		
569	TT3B	TT3B/g0/r17	scenario	group 0 @ 0xA6B5; record 17	group-compressed	やまみちを もうすぴーどでかけあがっている	やまみちを もうすぴーどでかけあがっている	yamamichio mousupiidodekakeagatteiru	やまみちを もうすぴーどでかけあがっている	It races uphill.	It races uphill.			yes	hiragana:19; katakana:1; kanji:0; Latin:0; digits:0		Source suppresses normal kanji/katakana distinctions; restore only with context		medium		
570	TT3B	TT3B/g0/r18	scenario	group 0 @ 0xA6B5; record 18	group-compressed	ほおぼねのつきでた あおじろいかおをしている	ほおぼねのつきでた あおじろいかおをしている	hoobonenotsukideta aojiroikaooshiteiru	ほおぼねのつきでた あおじろいかおをしている	Pale, high cheekbones	Pale, high cheekbones			yes	hiragana:21; katakana:0; kanji:0; Latin:0; digits:0; phonetic hiragana orthography		Source suppresses normal kanji/katakana distinctions; restore only with context		medium		
571	TT3B	TT3B/g0/r19	scenario	group 0 @ 0xA6B5; record 19	group-compressed	ふあんげに おれをみつめている	ふあんげに おれをみつめている	fuangeni oreomitsumeteiru	ふあんげに おれをみつめている	He watches me uneasily.	He watches me uneasily.			yes	hiragana:14; katakana:0; kanji:0; Latin:0; digits:0; phonetic hiragana orthography	おれ: plain-to-rough masculine first person	Source suppresses normal kanji/katakana distinctions; restore only with context		medium		
572	TT3B	TT3B/g0/r20	scenario	group 0 @ 0xA6B5; record 20	group-compressed	しもん「いったい どういうことだ……！」	しもん「いったい どういうことだ……！」	shimon「ittai douiukotoda……！」	しもん「いったい どういうことだ……！」	Simon: What is this?!	Simon: What is this?!			yes	hiragana:14; katakana:0; kanji:0; Latin:0; digits:0; phonetic hiragana orthography		しもん → シモン (Simon)	ellipsis carries timing/hesitation tone	low		
573	TT3B	TT3B/g0/r21	scenario	group 0 @ 0xA6B5; record 21	group-compressed	しゅみっと「よく ここまでこれたな{CTRL:0} たいしたものだ」{CTRL:2}しもん「いっとくが わたしはこんりんざい{CTRL:0} ばくだんなど…」{CTRL:3}しゅみっと「だいじょうぶ あんしんしろ」{CTRL:4}しもん「！」	しゅみっと「よく ここまでこれたな ⟦CTRL:0⟧  たいしたものだ」 ⟦CTRL:2⟧ しもん「いっとくが わたしはこんりんざい ⟦CTRL:0⟧  ばくだんなど…」 ⟦CTRL:3⟧ しゅみっと「だいじょうぶ あんしんしろ」 ⟦CTRL:4⟧ しもん「！」	shumitto「yoku kokomadekoretana /  taishitamonoda」 / shimon「ittokuga watashihakonrinzai /  bakudannado…」 / shumitto「daijoubu anshinshiro」 / shimon「！」	しゅみっと「よく ここまでこれたな たいしたものだ」しもん「いっとくが わたしはこんりんざい ばくだんなど…」しゅみっと「だいじょうぶ あんしんしろ」しもん「！」	Schmidt: You made it.{CTRL:0}Impressive.{CTRL:2}Simon: I won't build{CTRL:0}another bomb...{CTRL:3}Schmidt: You're safe now{CTRL:4}Simon: What?!	Schmidt: You made it. ⟦CTRL:0⟧ Impressive. ⟦CTRL:2⟧ Simon: I won't build ⟦CTRL:0⟧ another bomb... ⟦CTRL:3⟧ Schmidt: You're safe now ⟦CTRL:4⟧ Simon: What?!	0,2,0,3,4	0,2,0,3,4	yes	hiragana:66; katakana:0; kanji:0; Latin:0; digits:0; phonetic hiragana orthography		しもん → シモン (Simon) | だいじょうぶ → 大丈夫	ellipsis carries timing/hesitation tone	low		
574	TT3B	TT3B/g0/r22	scenario	group 0 @ 0xA6B5; record 22	group-compressed	しゅみっと「くたばれ ひとらー／」{CTRL:1}しもん「／」	しゅみっと「くたばれ ひとらー／」 ⟦CTRL:1⟧ しもん「／」	shumitto「kutabare hitoraa／」 / shimon「／」	しゅみっと「くたばれ ひとらー／」しもん「／」	Drop dead, Hitler!{CTRL:1}Simon: What?!	Drop dead, Hitler! ⟦CTRL:1⟧ Simon: What?!	1	1	yes	hiragana:15; katakana:1; kanji:0; Latin:0; digits:0		ひとらー → ヒトラー (Hitler) | しもん → シモン (Simon)		low		
575	TT3B	TT3B/g0/r23	scenario	group 0 @ 0xA6B5; record 23	group-compressed	"てっかめんのようだった しゅみっとのかおが{CTRL:0}いたずらっぽく くずれた{CTRL:2}しゅみっと「なちすのなかにも{CTRL:0} ""れべっか"" は いるのさ」{CTRL:3}しもん「たすかった……」{CTRL:3}しゅみっと「このやまをこえれば こっきょうの{CTRL:4} みずうみにでる{CTRL:3} すいすへついたら あめりかたいしかんへ{CTRL:4} とびこんで…」"	"てっかめんのようだった しゅみっとのかおが ⟦CTRL:0⟧ いたずらっぽく くずれた ⟦CTRL:2⟧ しゅみっと「なちすのなかにも ⟦CTRL:0⟧  ""れべっか"" は いるのさ」 ⟦CTRL:3⟧ しもん「たすかった……」 ⟦CTRL:3⟧ しゅみっと「このやまをこえれば こっきょうの ⟦CTRL:4⟧  みずうみにでる ⟦CTRL:3⟧  すいすへついたら あめりかたいしかんへ ⟦CTRL:4⟧  とびこんで…」"	"tekkamennoyoudatta shumittonokaoga / itazurappoku kuzureta / shumitto「nachisunonakanimo /  ""rebekka"" ha irunosa」 / shimon「tasukatta……」 / shumitto「konoyamaokoereba kokkyouno /  mizuuminideru /  suisuhetsuitara amerikataishikanhe /  tobikonde…」"	"てっかめんのようだった しゅみっとのかおがいたずらっぽく くずれたしゅみっと「なちすのなかにも ""れべっか"" は いるのさ」しもん「たすかった……」しゅみっと「このやまをこえれば こっきょうの みずうみにでる すいすへついたら あめりかたいしかんへ とびこんで…」"	Schmidt's iron face{CTRL:0}breaks into a sly grin.{CTRL:2}Schmidt: Rebecca has{CTRL:0}agents in Nazi ranks.{CTRL:3}Simon: We are saved...{CTRL:3}Schmidt: Past this ridge{CTRL:4}lies the border lake.{CTRL:3}Once in Switzerland, go{CTRL:4}to the U.S. embassy...	Schmidt's iron face ⟦CTRL:0⟧ breaks into a sly grin. ⟦CTRL:2⟧ Schmidt: Rebecca has ⟦CTRL:0⟧ agents in Nazi ranks. ⟦CTRL:3⟧ Simon: We are saved... ⟦CTRL:3⟧ Schmidt: Past this ridge ⟦CTRL:4⟧ lies the border lake. ⟦CTRL:3⟧ Once in Switzerland, go ⟦CTRL:4⟧ to the U.S. embassy...	0,2,0,3,3,4,3,4	0,2,0,3,3,4,3,4	yes	hiragana:111; katakana:0; kanji:0; Latin:0; digits:0; phonetic hiragana orthography		あめりか → アメリカ (America) | しもん → シモン (Simon)	ellipsis carries timing/hesitation tone	low		
576	TT3B	TT3B/g0/r24	scenario	group 0 @ 0xA6B5; record 24	group-compressed	……「ばかめ… わがはいのてから{CTRL:0} のがれられるとおもっているのか」	……「ばかめ… わがはいのてから ⟦CTRL:0⟧  のがれられるとおもっているのか」	……「bakame… wagahainotekara /  nogarerarerutoomotteirunoka」	……「ばかめ… わがはいのてから のがれられるとおもっているのか」	Voice: Fool... think you{CTRL:0}can escape my grasp?	Voice: Fool... think you ⟦CTRL:0⟧ can escape my grasp?	0	0	yes	hiragana:26; katakana:0; kanji:0; Latin:0; digits:0; phonetic hiragana orthography		Source suppresses normal kanji/katakana distinctions; restore only with context	ellipsis carries timing/hesitation tone	medium		
577	TT3B	TT3B/g0/r25	scenario	group 0 @ 0xA6B5; record 25	group-compressed	おれ「ぎゃっ／」{CTRL:0}しもん「わあっ／」	おれ「ぎゃっ／」 ⟦CTRL:0⟧ しもん「わあっ／」	ore「gya／」 / sshimon「waa／」	おれ「ぎゃっ／」しもん「わあっ／」	Me: Aagh!{CTRL:0}Simon: Aaah!	Me: Aagh! ⟦CTRL:0⟧ Simon: Aaah!	0	0	yes	hiragana:11; katakana:0; kanji:0; Latin:0; digits:0; phonetic hiragana orthography	おれ: plain-to-rough masculine first person	しもん → シモン (Simon)		medium		
578	TT3B	TT3B/g0/r26	scenario	group 0 @ 0xA6B5; record 26	group-compressed	このすぴーどじゃ むりだ	このすぴーどじゃ むりだ	konosupiidoja murida	このすぴーどじゃ むりだ	Not at this speed.	Not at this speed.			yes	hiragana:10; katakana:1; kanji:0; Latin:0; digits:0	じゃ: old-person/western-style copula; context decides voice versus region	Source suppresses normal kanji/katakana distinctions; restore only with context		medium		
579	TT3B	TT3B/g0/r27	scenario	group 0 @ 0xA6B5; record 27	group-compressed	しもん「あああ……／」{CTRL:0}しゅみっと「からだが……／」	しもん「あああ……／」 ⟦CTRL:0⟧ しゅみっと「からだが……／」	shimon「aaa……／」 / shumitto「karadaga……／」	しもん「あああ……／」しゅみっと「からだが……／」	Simon: Aaaah!{CTRL:0}Schmidt: My body...!	Simon: Aaaah! ⟦CTRL:0⟧ Schmidt: My body...!	0	0	yes	hiragana:15; katakana:0; kanji:0; Latin:0; digits:0; phonetic hiragana orthography		しもん → シモン (Simon) | からだ → 体	ellipsis carries timing/hesitation tone	low		
580	TT3B	TT3B/g0/r28	scenario	group 0 @ 0xA6B5; record 28	group-compressed	ひとらー「わがはいのめは ごまかせんぞ{CTRL:0} しゅみっとたいさ……{CTRL:2} うらぎりもののまつろが どんなにあわれなものか{CTRL:6} おもいしらせてやる／」	ひとらー「わがはいのめは ごまかせんぞ ⟦CTRL:0⟧  しゅみっとたいさ…… ⟦CTRL:2⟧  うらぎりもののまつろが どんなにあわれなものか ⟦CTRL:6⟧  おもいしらせてやる／」	hitoraa「wagahainomeha gomakasenzo /  shumittotaisa…… /  uragirimononomatsuroga donnaniawarenamonoka /  omoishiraseteyaru／」	ひとらー「わがはいのめは ごまかせんぞ しゅみっとたいさ…… うらぎりもののまつろが どんなにあわれなものか おもいしらせてやる／」	Hitler: You cannot fool{CTRL:0}my eyes, Col. Schmidt.{CTRL:2}Now see what fate{CTRL:6}awaits a traitor!	Hitler: You cannot fool ⟦CTRL:0⟧ my eyes, Col. Schmidt. ⟦CTRL:2⟧ Now see what fate ⟦CTRL:6⟧ awaits a traitor!	0,2,6	0,2,6	yes	hiragana:55; katakana:1; kanji:0; Latin:0; digits:0		ひとらー → ヒトラー (Hitler)	ellipsis carries timing/hesitation tone	low		
581	TT3B	TT3B/g0/r29	scenario	group 0 @ 0xA6B5; record 29	group-compressed	{CTRL:0}しかし だめーじをあたえられない／	⟦CTRL:0⟧ しかし だめーじをあたえられない／	 / shikashi dameejioataerarenai／	しかし だめーじをあたえられない／	{CTRL:0}But we do no damage!	⟦CTRL:0⟧ But we do no damage!	0	0	yes	hiragana:14; katakana:1; kanji:0; Latin:0; digits:0		Source suppresses normal kanji/katakana distinctions; restore only with context		medium		
582	TT3B	TT3B/g0/r30	scenario	group 0 @ 0xA6B5; record 30	group-compressed	ひとらー「くくく… むだなていこうをしおって／」	ひとらー「くくく… むだなていこうをしおって／」	hitoraa「kukuku… mudanateikouoshiotte／」	ひとらー「くくく… むだなていこうをしおって／」	Hitler: Futile fools!	Hitler: Futile fools!			yes	hiragana:18; katakana:1; kanji:0; Latin:0; digits:0		ひとらー → ヒトラー (Hitler)	ellipsis carries timing/hesitation tone	low		
583	TT3B	TT3B/g0/r31	scenario	group 0 @ 0xA6B5; record 31	group-compressed	3にんは てひどいだめーじを うけた／	3にんは てひどいだめーじを うけた／	3ninha tehidoidameejio uketa／	3にんは てひどいだめーじを うけた／	All three are badly hurt	All three are badly hurt			yes	hiragana:14; katakana:1; kanji:0; Latin:0; digits:1		Source suppresses normal kanji/katakana distinctions; restore only with context	source numerals ['3']; verify dates/counts and Japanese ordering	medium		
584	TT3B	TT3B/g1/r0	scenario	group 1 @ 0xA9DC; record 0	group-compressed	しゅみっとは けんじゅうを うった／	しゅみっとは けんじゅうを うった／	shumittoha kenjuuo utta／	しゅみっとは けんじゅうを うった／	Schmidt fires a pistol!	Schmidt fires a pistol!			yes	hiragana:15; katakana:0; kanji:0; Latin:0; digits:0; phonetic hiragana orthography		Source suppresses normal kanji/katakana distinctions; restore only with context		medium		
585	TT3B	TT3B/g1/r1	scenario	group 1 @ 0xA9DC; record 1	group-compressed	しもんは くつをなげた／	しもんは くつをなげた／	shimonha kutsuonageta／	しもんは くつをなげた／	Simon throws his shoe!	Simon throws his shoe!			yes	hiragana:10; katakana:0; kanji:0; Latin:0; digits:0; phonetic hiragana orthography		しもん → シモン (Simon)		low		
586	TT3B	TT3B/g1/r2	scenario	group 1 @ 0xA9DC; record 2	group-compressed	しもんは つばをとばした／	しもんは つばをとばした／	shimonha tsubaotobashita／	しもんは つばをとばした／	Simon spits at him!	Simon spits at him!			yes	hiragana:11; katakana:0; kanji:0; Latin:0; digits:0; phonetic hiragana orthography		しもん → シモン (Simon)		low		
587	TT3B	TT3B/g1/r3	scenario	group 1 @ 0xA9DC; record 3	group-compressed	しゅみっとは ないふを なげた／	しゅみっとは ないふを なげた／	shumittoha naifuo nageta／	しゅみっとは ないふを なげた／	Schmidt throws a knife!	Schmidt throws a knife!			yes	hiragana:13; katakana:0; kanji:0; Latin:0; digits:0; phonetic hiragana orthography		Source suppresses normal kanji/katakana distinctions; restore only with context		medium		
588	TT3B	TT3B/g1/r4	scenario	group 1 @ 0xA9DC; record 4	group-compressed	3にんは みがまえて こうげきにそなえた／	3にんは みがまえて こうげきにそなえた／	3ninha migamaete kougekinisonaeta／	3にんは みがまえて こうげきにそなえた／	They brace for attack!	They brace for attack!			yes	hiragana:17; katakana:0; kanji:0; Latin:0; digits:1; phonetic hiragana orthography		Source suppresses normal kanji/katakana distinctions; restore only with context	source numerals ['3']; verify dates/counts and Japanese ordering	medium		
589	TT3B	TT3B/g1/r5	scenario	group 1 @ 0xA9DC; record 5	group-compressed	みうごきが とれない／	みうごきが とれない／	miugokiga torenai／	みうごきが とれない／	I cannot move!	I cannot move!			yes	hiragana:9; katakana:0; kanji:0; Latin:0; digits:0; phonetic hiragana orthography		Source suppresses normal kanji/katakana distinctions; restore only with context		medium		
590	TT3B	TT3B/g1/r6	scenario	group 1 @ 0xA9DC; record 6	group-compressed	ふるえるてで まもりふだをとり{CTRL:0}ひとらーのまえに つきだした{CTRL:2}ひとらー「／」	ふるえるてで まもりふだをとり ⟦CTRL:0⟧ ひとらーのまえに つきだした ⟦CTRL:2⟧ ひとらー「／」	furuerutede mamorifudaotori / hitoraanomaeni tsukidashita / hitoraa「／」	ふるえるてで まもりふだをとりひとらーのまえに つきだしたひとらー「／」	I take the charm in fear{CTRL:0}and thrust it at Hitler{CTRL:2}Hitler: What?!	I take the charm in fear ⟦CTRL:0⟧ and thrust it at Hitler ⟦CTRL:2⟧ Hitler: What?!	0,2	0,2	yes	hiragana:29; katakana:2; kanji:0; Latin:0; digits:0		ひとらー → ヒトラー (Hitler)		low		
591	TT3B	TT3B/g1/r7	scenario	group 1 @ 0xA9DC; record 7	group-compressed	まもりふだがとつぜん まばゆいひかりをはなち{CTRL:0}ひとらーのめを いぬいた{CTRL:2}ひとらー「ぐわあっ／」	まもりふだがとつぜん まばゆいひかりをはなち ⟦CTRL:0⟧ ひとらーのめを いぬいた ⟦CTRL:2⟧ ひとらー「ぐわあっ／」	mamorifudagatotsuzen mabayuihikariohanachi / hitoraanomeo inuita / hitoraa「guwaa／」	まもりふだがとつぜん まばゆいひかりをはなちひとらーのめを いぬいたひとらー「ぐわあっ／」	The charm flashes{CTRL:0}and sears Hitler's eyes!{CTRL:2}Hitler: Gwaaah!	The charm flashes ⟦CTRL:0⟧ and sears Hitler's eyes! ⟦CTRL:2⟧ Hitler: Gwaaah!	0,2	0,2	yes	hiragana:38; katakana:2; kanji:0; Latin:0; digits:0		ひとらー → ヒトラー (Hitler)		low		
592	TT3B	TT3B/g1/r8	scenario	group 1 @ 0xA9DC; record 8	group-compressed	めだるのさびがとれて きざまれていた{CTRL:0}もじがうかびあがってくる／	めだるのさびがとれて きざまれていた ⟦CTRL:0⟧ もじがうかびあがってくる／	medarunosabigatorete kizamareteita / mojigaukabiagattekuru／	めだるのさびがとれて きざまれていたもじがうかびあがってくる／	Rust falls off the medal{CTRL:0}and reveals its writing!	Rust falls off the medal ⟦CTRL:0⟧ and reveals its writing!	0	0	yes	hiragana:29; katakana:0; kanji:0; Latin:0; digits:0; phonetic hiragana orthography		Source suppresses normal kanji/katakana distinctions; restore only with context		medium		
593	TT3B	TT3B/g1/r9	scenario	group 1 @ 0xA9DC; record 9	group-compressed	おれ「ほうろうのたみに ただしき……{CTRL:0}{CTRL:0}が そのとき{CTRL:6}{CTRL:4}ひとらー「ぬおおおおーー／／」	おれ「ほうろうのたみに ただしき…… ⟦CTRL:0⟧  ⟦CTRL:0⟧ が そのとき ⟦CTRL:6⟧  ⟦CTRL:4⟧ ひとらー「ぬおおおおーー／／」	ore「hourounotamini tadashiki…… /  / ga sonotoki /  / hitoraa「nuoooooo／／」	おれ「ほうろうのたみに ただしき……が そのときひとらー「ぬおおおおーー／／」	Me: Guide those who roam{CTRL:0}{CTRL:0}But then...{CTRL:6}{CTRL:4}Hitler: Nooooo!!	Me: Guide those who roam ⟦CTRL:0⟧  ⟦CTRL:0⟧ But then... ⟦CTRL:6⟧  ⟦CTRL:4⟧ Hitler: Nooooo!!	0,0,6,4	0,0,6,4	yes	hiragana:27; katakana:3; kanji:0; Latin:0; digits:0	おれ: plain-to-rough masculine first person	ひとらー → ヒトラー (Hitler)	ellipsis carries timing/hesitation tone	medium		
594	TT3B	TT3B/g1/r10	scenario	group 1 @ 0xA9DC; record 10	group-compressed	おれ「な… なんでこんなときに／」	おれ「な… なんでこんなときに／」	ore「na… nandekonnatokini／」	おれ「な… なんでこんなときに／」	Me: Why now?!	Me: Why now?!			yes	hiragana:12; katakana:0; kanji:0; Latin:0; digits:0; phonetic hiragana orthography	おれ: plain-to-rough masculine first person	Source suppresses normal kanji/katakana distinctions; restore only with context	ellipsis carries timing/hesitation tone	medium		
595	TT3B	TT3B/g1/r11	scenario	group 1 @ 0xA9DC; record 11	group-compressed	もがきくるしんでいる	もがきくるしんでいる	mogakikurushindeiru	もがきくるしんでいる	He writhes in agony.	He writhes in agony.			yes	hiragana:10; katakana:0; kanji:0; Latin:0; digits:0; phonetic hiragana orthography		Source suppresses normal kanji/katakana distinctions; restore only with context		medium		
596	TT3B	TT3B/g1/r12	scenario	group 1 @ 0xA9DC; record 12	group-compressed	おれ「まもりふだの もじを……」	おれ「まもりふだの もじを……」	ore「mamorifudano mojio……」	おれ「まもりふだの もじを……」	Me: The charm's words...	Me: The charm's words...			yes	hiragana:11; katakana:0; kanji:0; Latin:0; digits:0; phonetic hiragana orthography	おれ: plain-to-rough masculine first person	Source suppresses normal kanji/katakana distinctions; restore only with context	ellipsis carries timing/hesitation tone	medium		
597	TT3B	TT3B/g1/r13	scenario	group 1 @ 0xA9DC; record 13	group-compressed	おれ「まもりふだの もじをよめ／{CTRL:1} おおきなこえで よむんだ／{CTRL:2} くーがー／ くーがー／」	おれ「まもりふだの もじをよめ／ ⟦CTRL:1⟧  おおきなこえで よむんだ／ ⟦CTRL:2⟧  くーがー／ くーがー／」	ore「mamorifudano mojioyome／ /  ookinakoede yomunda／ /  kuugaa／ kuugaa／」	おれ「まもりふだの もじをよめ／ おおきなこえで よむんだ／ くーがー／ くーがー／」	Me: Read the charm!{CTRL:1}Read it out loud!{CTRL:2}Cougar! Cougar!	Me: Read the charm! ⟦CTRL:1⟧ Read it out loud! ⟦CTRL:2⟧ Cougar! Cougar!	1,2	1,2	yes	hiragana:28; katakana:4; kanji:0; Latin:0; digits:0	おれ: plain-to-rough masculine first person	Source suppresses normal kanji/katakana distinctions; restore only with context		medium		
598	TT3B	TT3B/g1/r14	scenario	group 1 @ 0xA9DC; record 14	group-compressed	おれ「がんばれ／」	おれ「がんばれ／」	ore「ganbare／」	おれ「がんばれ／」	Me: Hold on!	Me: Hold on!			yes	hiragana:6; katakana:0; kanji:0; Latin:0; digits:0; phonetic hiragana orthography	おれ: plain-to-rough masculine first person	Source suppresses normal kanji/katakana distinctions; restore only with context		medium		
599	TT3B	TT3B/g1/r15	scenario	group 1 @ 0xA9DC; record 15	group-compressed	くーがー「わあああ……／」{CTRL:0}しもん「か かみよ／」{CTRL:0}しゅみっと「からだが… ちぎれそうだ……／」	くーがー「わあああ……／」 ⟦CTRL:0⟧ しもん「か かみよ／」 ⟦CTRL:0⟧ しゅみっと「からだが… ちぎれそうだ……／」	kuugaa「waaaa……／」 / shimon「ka kamiyo／」 / shumitto「karadaga… chigiresouda……／」	くーがー「わあああ……／」しもん「か かみよ／」しゅみっと「からだが… ちぎれそうだ……／」	Cougar: Aaaaah!{CTRL:0}Simon: G-God!{CTRL:0}Schmidt: I'm torn apart!	Cougar: Aaaaah! ⟦CTRL:0⟧ Simon: G-God! ⟦CTRL:0⟧ Schmidt: I'm torn apart!	0,0	0,0	yes	hiragana:28; katakana:2; kanji:0; Latin:0; digits:0		しもん → シモン (Simon) | からだ → 体 | かみ → 神/紙/髪	ellipsis carries timing/hesitation tone	medium		
600	TT3B	TT3B/g1/r16	scenario	group 1 @ 0xA9DC; record 16	group-compressed	くーがー「…… だれだ……／！{CTRL:1} …… まもりふだ……！」	くーがー「…… だれだ……／！ ⟦CTRL:1⟧  …… まもりふだ……！」	kuugaa「…… dareda……／！ /  …… mamorifuda……！」	くーがー「…… だれだ……／！ …… まもりふだ……！」	Cougar: Who is there?!{CTRL:1}The charm...!	Cougar: Who is there?! ⟦CTRL:1⟧ The charm...!	1	1	yes	hiragana:10; katakana:2; kanji:0; Latin:0; digits:0		Source suppresses normal kanji/katakana distinctions; restore only with context	ellipsis carries timing/hesitation tone	medium		
601	TT3B	TT3B/g1/r17	scenario	group 1 @ 0xA9DC; record 17	group-compressed	くーがー「ま まもりふだのもじ……／」	くーがー「ま まもりふだのもじ……／」	kuugaa「ma mamorifudanomoji……／」	くーがー「ま まもりふだのもじ……／」	Cougar: Th-the words...!	Cougar: Th-the words...!			yes	hiragana:11; katakana:2; kanji:0; Latin:0; digits:0		Source suppresses normal kanji/katakana distinctions; restore only with context	ellipsis carries timing/hesitation tone	medium		
602	TT3B	TT3B/g1/r18	scenario	group 1 @ 0xA9DC; record 18	group-compressed	おれ「よめ／ おおきなこえで よむんだ／」	おれ「よめ／ おおきなこえで よむんだ／」	ore「yome／ ookinakoede yomunda／」	おれ「よめ／ おおきなこえで よむんだ／」	Me: Read them out loud!	Me: Read them out loud!			yes	hiragana:15; katakana:0; kanji:0; Latin:0; digits:0; phonetic hiragana orthography	おれ: plain-to-rough masculine first person	Source suppresses normal kanji/katakana distinctions; restore only with context		medium		
603	TT3B	TT3B/g1/r19	scenario	group 1 @ 0xA9DC; record 19	group-compressed	くーがー「ほうろうのたみに ただしきみちを{CTRL:0} しめしたまえ／ どうちゅうのさいなんから{CTRL:0} わがみをまもりたまえ／{CTRL:6} われは かみのげぼくにして そのじひと{CTRL:4} めぐみを たたえるものなり／」	くーがー「ほうろうのたみに ただしきみちを ⟦CTRL:0⟧  しめしたまえ／ どうちゅうのさいなんから ⟦CTRL:0⟧  わがみをまもりたまえ／ ⟦CTRL:6⟧  われは かみのげぼくにして そのじひと ⟦CTRL:4⟧  めぐみを たたえるものなり／」	kuugaa「hourounotamini tadashikimichio /  shimeshitamae／ douchuunosainankara /  wagamiomamoritamae／ /  wareha kaminogebokunishite sonojihito /  megumio tataerumononari／」	くーがー「ほうろうのたみに ただしきみちを しめしたまえ／ どうちゅうのさいなんから わがみをまもりたまえ／ われは かみのげぼくにして そのじひと めぐみを たたえるものなり／」	Cougar: Guide wanderers{CTRL:0}to the righteous path!{CTRL:0}Guard me on my journey!{CTRL:6}I am God's servant,{CTRL:4}praising mercy and grace	Cougar: Guide wanderers ⟦CTRL:0⟧ to the righteous path! ⟦CTRL:0⟧ Guard me on my journey! ⟦CTRL:6⟧ I am God's servant, ⟦CTRL:4⟧ praising mercy and grace	0,0,6,4	0,0,6,4	yes	hiragana:74; katakana:2; kanji:0; Latin:0; digits:0	ぼく: soft/juvenile masculine first person	かみ → 神/紙/髪		medium		
604	TT3B	TT3B/g1/r20	scenario	group 1 @ 0xA9DC; record 20	group-compressed	そんなばあいじゃない／	そんなばあいじゃない／	sonnabaaijanai／	そんなばあいじゃない／	No time for that!	No time for that!			yes	hiragana:10; katakana:0; kanji:0; Latin:0; digits:0; phonetic hiragana orthography	じゃ: old-person/western-style copula; context decides voice versus region	Source suppresses normal kanji/katakana distinctions; restore only with context		medium		
605	TT3B	TT3B/g1/r21	scenario	group 1 @ 0xA9DC; record 21	group-compressed	くーがー「だれも いない……」{CTRL:1}しゅみっと「げんかく か！」{CTRL:2}しもん「いや たしかに…」{CTRL:6}{CTRL:4}{CTRL:4}{CTRL:4}{CTRL:3}あくまのしわざだよ{CTRL:3}おれのからだをうばった あくまのね……{CTRL:3}{CTRL:4}{CTRL:4}{CTRL:4}{CTRL:3}しもん「ん！ いまなんかいった！」{CTRL:3}しゅみっと「いや……」{CTRL:3}くーがー「……」	くーがー「だれも いない……」 ⟦CTRL:1⟧ しゅみっと「げんかく か！」 ⟦CTRL:2⟧ しもん「いや たしかに…」 ⟦CTRL:6⟧  ⟦CTRL:4⟧  ⟦CTRL:4⟧  ⟦CTRL:4⟧  ⟦CTRL:3⟧ あくまのしわざだよ ⟦CTRL:3⟧ おれのからだをうばった あくまのね…… ⟦CTRL:3⟧  ⟦CTRL:4⟧  ⟦CTRL:4⟧  ⟦CTRL:4⟧  ⟦CTRL:3⟧ しもん「ん！ いまなんかいった！」 ⟦CTRL:3⟧ しゅみっと「いや……」 ⟦CTRL:3⟧ くーがー「……」	kuugaa「daremo inai……」 / shumitto「genkaku ka！」 / shimon「iya tashikani…」 /  /  /  /  / akumanoshiwazadayo / orenokaradaoubatta akumanone…… /  /  /  /  / shimon「n！ imanankaitta！」 / shumitto「iya……」 / kuugaa「……」	くーがー「だれも いない……」しゅみっと「げんかく か！」しもん「いや たしかに…」あくまのしわざだよおれのからだをうばった あくまのね……しもん「ん！ いまなんかいった！」しゅみっと「いや……」くーがー「……」	Cougar: Nobody here...{CTRL:1}Schmidt: A vision?{CTRL:2}Simon: No, I heard it...{CTRL:6}{CTRL:4}{CTRL:4}{CTRL:4}{CTRL:3}The Devil did this.{CTRL:3}The Devil stole my body{CTRL:3}{CTRL:4}{CTRL:4}{CTRL:4}{CTRL:3}Simon: Did someone talk?{CTRL:3}Schmidt: No...{CTRL:3}Cougar: ...	Cougar: Nobody here... ⟦CTRL:1⟧ Schmidt: A vision? ⟦CTRL:2⟧ Simon: No, I heard it... ⟦CTRL:6⟧  ⟦CTRL:4⟧  ⟦CTRL:4⟧  ⟦CTRL:4⟧  ⟦CTRL:3⟧ The Devil did this. ⟦CTRL:3⟧ The Devil stole my body ⟦CTRL:3⟧  ⟦CTRL:4⟧  ⟦CTRL:4⟧  ⟦CTRL:4⟧  ⟦CTRL:3⟧ Simon: Did someone talk? ⟦CTRL:3⟧ Schmidt: No... ⟦CTRL:3⟧ Cougar: ...	1,2,6,4,4,4,3,3,3,4,4,4,3,3,3	1,2,6,4,4,4,3,3,3,4,4,4,3,3,3	yes	hiragana:73; katakana:4; kanji:0; Latin:0; digits:0	おれ: plain-to-rough masculine first person	しもん → シモン (Simon) | あくま → 悪魔 | からだ → 体	ellipsis carries timing/hesitation tone	medium		
606	TT3B	TT3B/g1/r22	scenario	group 1 @ 0xA9DC; record 22	group-compressed	しゅみっと「もうすぐ こっきょうをこえるぞ」{CTRL:1}くーがー「なにも おもいだせない{CTRL:0} どうして こんなところにいるのか……」{CTRL:6}しもん「よっぽど うちどころが{CTRL:4} わるかったんだな」{CTRL:3}しゅみっと「しかし おそろしいものをみた」{CTRL:3}くーがー「ああ…… じんせいかんが{CTRL:4} かわりそうだよ」{CTRL:3}しもん「まったく……」	しゅみっと「もうすぐ こっきょうをこえるぞ」 ⟦CTRL:1⟧ くーがー「なにも おもいだせない ⟦CTRL:0⟧  どうして こんなところにいるのか……」 ⟦CTRL:6⟧ しもん「よっぽど うちどころが ⟦CTRL:4⟧  わるかったんだな」 ⟦CTRL:3⟧ しゅみっと「しかし おそろしいものをみた」 ⟦CTRL:3⟧ くーがー「ああ…… じんせいかんが ⟦CTRL:4⟧  かわりそうだよ」 ⟦CTRL:3⟧ しもん「まったく……」	shumitto「mousugu kokkyouokoeruzo」 / kuugaa「nanimo omoidasenai /  doushite konnatokoroniirunoka……」 / shimon「yoppodo uchidokoroga /  warukattandana」 / shumitto「shikashi osoroshiimonoomita」 / kuugaa「aa…… jinseikanga /  kawarisoudayo」 / shimon「mattaku……」	しゅみっと「もうすぐ こっきょうをこえるぞ」くーがー「なにも おもいだせない どうして こんなところにいるのか……」しもん「よっぽど うちどころが わるかったんだな」しゅみっと「しかし おそろしいものをみた」くーがー「ああ…… じんせいかんが かわりそうだよ」しもん「まったく……」	Schmidt: Border ahead.{CTRL:1}Cougar: My mind is blank{CTRL:0}Why am I here...?{CTRL:6}Simon: You must have hit{CTRL:4}your head very hard.{CTRL:3}Schmidt: What a horror.{CTRL:3}Cougar: It may change my{CTRL:4}whole view of life.{CTRL:3}Simon: Indeed...	Schmidt: Border ahead. ⟦CTRL:1⟧ Cougar: My mind is blank ⟦CTRL:0⟧ Why am I here...? ⟦CTRL:6⟧ Simon: You must have hit ⟦CTRL:4⟧ your head very hard. ⟦CTRL:3⟧ Schmidt: What a horror. ⟦CTRL:3⟧ Cougar: It may change my ⟦CTRL:4⟧ whole view of life. ⟦CTRL:3⟧ Simon: Indeed...	1,0,6,4,3,3,4,3	1,0,6,4,3,3,4,3	yes	hiragana:110; katakana:4; kanji:0; Latin:0; digits:0	ぞ: forceful assertion or command emphasis	しもん → シモン (Simon)	ellipsis carries timing/hesitation tone	medium		
607	TT3B	TT3B/g1/r23	scenario	group 1 @ 0xA9DC; record 23	group-compressed	ひとらー「おねがいだ／ わがはいも{CTRL:0} つれていってくれ／」{CTRL:2}あくま「そうはいかん きさまはまだまだ ここで{CTRL:0} あくじをくりかえすぎむが ある{CTRL:3} けいやくがきれる らいねんまで…」{CTRL:3}ひとらー「らいねん！」{CTRL:3}あくま「1945ねん 4がつ30にち{CTRL:3} それがきさまの めいにちだ よくおぼえておけ」{CTRL:3}ひとらー「……」{CTRL:4}あくま「では いつかじごくで……」	ひとらー「おねがいだ／ わがはいも ⟦CTRL:0⟧  つれていってくれ／」 ⟦CTRL:2⟧ あくま「そうはいかん きさまはまだまだ ここで ⟦CTRL:0⟧  あくじをくりかえすぎむが ある ⟦CTRL:3⟧  けいやくがきれる らいねんまで…」 ⟦CTRL:3⟧ ひとらー「らいねん！」 ⟦CTRL:3⟧ あくま「1945ねん 4がつ30にち ⟦CTRL:3⟧  それがきさまの めいにちだ よくおぼえておけ」 ⟦CTRL:3⟧ ひとらー「……」 ⟦CTRL:4⟧ あくま「では いつかじごくで……」	hitoraa「onegaida／ wagahaimo /  tsureteittekure／」 / akuma「souhaikan kisamahamadamada kokode /  akujiokurikaesugimuga aru /  keiyakugakireru rainenmade…」 / hitoraa「rainen！」 / akuma「1945nen 4gatsu30nichi /  soregakisamano meinichida yokuoboeteoke」 / hitoraa「……」 / akuma「deha itsukajigokude……」	ひとらー「おねがいだ／ わがはいも つれていってくれ／」あくま「そうはいかん きさまはまだまだ ここで あくじをくりかえすぎむが ある けいやくがきれる らいねんまで…」ひとらー「らいねん！」あくま「1945ねん 4がつ30にち それがきさまの めいにちだ よくおぼえておけ」ひとらー「……」あくま「では いつかじごくで……」	Hitler: Please! Take me{CTRL:0}with you!{CTRL:2}Devil: No. You must stay{CTRL:0}and keep doing evil{CTRL:3}until your pact expires.{CTRL:3}Hitler: Next year?!{CTRL:3}Devil: April 30, 1945.{CTRL:3}Remember: you die then.{CTRL:3}Hitler: ...{CTRL:4}Devil: See you in Hell.	Hitler: Please! Take me ⟦CTRL:0⟧ with you! ⟦CTRL:2⟧ Devil: No. You must stay ⟦CTRL:0⟧ and keep doing evil ⟦CTRL:3⟧ until your pact expires. ⟦CTRL:3⟧ Hitler: Next year?! ⟦CTRL:3⟧ Devil: April 30, 1945. ⟦CTRL:3⟧ Remember: you die then. ⟦CTRL:3⟧ Hitler: ... ⟦CTRL:4⟧ Devil: See you in Hell.	0,2,0,3,3,3,3,3,4	0,2,0,3,3,3,3,3,4	yes	hiragana:120; katakana:3; kanji:0; Latin:0; digits:7	きさま: hostile/contemptuous second person in modern usage	ひとらー → ヒトラー (Hitler) | あくま → 悪魔	source numerals ['1945', '4', '30']; verify dates/counts and Japanese ordering | ellipsis carries timing/hesitation tone	medium		
608	TT3B	TT3B/g1/r24	scenario	group 1 @ 0xA9DC; record 24	group-compressed	こうしてまたおれは じげんのあなへ{CTRL:0}すいこまれていく{CTRL:2}こんどは どこへとばされるのか……{CTRL:6}だれのからだに のりうつるのか……{CTRL:3}ああ どうすりゃいいんだ／	こうしてまたおれは じげんのあなへ ⟦CTRL:0⟧ すいこまれていく ⟦CTRL:2⟧ こんどは どこへとばされるのか…… ⟦CTRL:6⟧ だれのからだに のりうつるのか…… ⟦CTRL:3⟧ ああ どうすりゃいいんだ／	koushitemataoreha jigennoanahe / suikomareteiku / kondoha dokohetobasarerunoka…… / darenokaradani noriutsurunoka…… / aa dousuryaiinda／	こうしてまたおれは じげんのあなへすいこまれていくこんどは どこへとばされるのか……だれのからだに のりうつるのか……ああ どうすりゃいいんだ／	Again I am pulled into{CTRL:0}the rift between worlds.{CTRL:2}Where will I go now?{CTRL:6}Whom will I possess?{CTRL:3}What can I do?!	Again I am pulled into ⟦CTRL:0⟧ the rift between worlds. ⟦CTRL:2⟧ Where will I go now? ⟦CTRL:6⟧ Whom will I possess? ⟦CTRL:3⟧ What can I do?!	0,2,6,3	0,2,6,3	yes	hiragana:63; katakana:0; kanji:0; Latin:0; digits:0; phonetic hiragana orthography	おれ: plain-to-rough masculine first person	からだ → 体	ellipsis carries timing/hesitation tone	medium		
609	TT3B	TT3B/g1/r25	scenario	group 1 @ 0xA9DC; record 25	group-compressed	こうへんへ つづく……	こうへんへ つづく……	kouhenhe tsuzuku……	こうへんへ つづく……	TO BE CONTINUED...	TO BE CONTINUED...			yes	hiragana:8; katakana:0; kanji:0; Latin:0; digits:0; phonetic hiragana orthography		Source suppresses normal kanji/katakana distinctions; restore only with context	ellipsis carries timing/hesitation tone	medium		
610	TT4	TT4/g0/r0	scenario	group 0 @ 0xB25D; record 0	group-compressed	あくま「いまわしき めがみぞう……{CTRL:0} あまりのみにくさに へどがでるわ／」	あくま「いまわしき めがみぞう…… ⟦CTRL:0⟧  あまりのみにくさに へどがでるわ／」	akuma「imawashiki megamizou…… /  amarinominikusani hedogaderuwa／」	あくま「いまわしき めがみぞう…… あまりのみにくさに へどがでるわ／」	Devil: Vile goddess idol{CTRL:0}its ugliness sickens me!	Devil: Vile goddess idol ⟦CTRL:0⟧ its ugliness sickens me!	0	0	yes	hiragana:28; katakana:0; kanji:0; Latin:0; digits:0; phonetic hiragana orthography	わし: elderly or authoritative masculine first person; character voice, not necessarily regional	あくま → 悪魔	ellipsis carries timing/hesitation tone	medium		
611	TT4	TT4/g0/r1	scenario	group 0 @ 0xB25D; record 1	group-compressed	あくま「くくく……」	あくま「くくく……」	akuma「kukuku……」	あくま「くくく……」	Devil: Heh heh...	Devil: Heh heh...			yes	hiragana:6; katakana:0; kanji:0; Latin:0; digits:0; phonetic hiragana orthography		あくま → 悪魔	ellipsis carries timing/hesitation tone	low		
612	TT4	TT4/g0/r2	scenario	group 0 @ 0xB25D; record 2	group-compressed	かね かかったろうなあ これつくるのに……	かね かかったろうなあ これつくるのに……	kane kakattarounaa koretsukurunoni……	かね かかったろうなあ これつくるのに……	It must have cost a lot.	It must have cost a lot.			yes	hiragana:17; katakana:0; kanji:0; Latin:0; digits:0; phonetic hiragana orthography		Source suppresses normal kanji/katakana distinctions; restore only with context	ellipsis carries timing/hesitation tone	medium		
613	TT4	TT4/g0/r3	scenario	group 0 @ 0xB25D; record 3	group-compressed	「ちえのかみ・あてな{CTRL:0} あてねしみんの しゅごしんなり」	「ちえのかみ・あてな ⟦CTRL:0⟧  あてねしみんの しゅごしんなり」	「chienokami・atena /  ateneshiminno shugoshinnari」	「ちえのかみ・あてな あてねしみんの しゅごしんなり」	Athena, wisdom goddess{CTRL:0}Guardian of Athens	Athena, wisdom goddess ⟦CTRL:0⟧ Guardian of Athens	0	0	yes	hiragana:22; katakana:1; kanji:0; Latin:0; digits:0		Source suppresses normal kanji/katakana distinctions; restore only with context		medium		
614	TT4	TT4/g0/r4	scenario	group 0 @ 0xB25D; record 4	group-compressed	きを うしなっている{CTRL:1}やばいな…… こきゅうがとまってるぞ	きを うしなっている ⟦CTRL:1⟧ やばいな…… こきゅうがとまってるぞ	kio ushinatteiru / yabaina…… kokyuugatomatteruzo	きを うしなっているやばいな…… こきゅうがとまってるぞ	He is unconscious.{CTRL:1}Oh no... no breath.	He is unconscious. ⟦CTRL:1⟧ Oh no... no breath.	1	1	yes	hiragana:24; katakana:0; kanji:0; Latin:0; digits:0; phonetic hiragana orthography	ぞ: forceful assertion or command emphasis	Source suppresses normal kanji/katakana distinctions; restore only with context	ellipsis carries timing/hesitation tone	medium		
615	TT4	TT4/g0/r5	scenario	group 0 @ 0xB25D; record 5	group-compressed	こまりはてている	こまりはてている	komarihateteiru	こまりはてている	He is at a total loss.	He is at a total loss.			yes	hiragana:8; katakana:0; kanji:0; Latin:0; digits:0; phonetic hiragana orthography		Source suppresses normal kanji/katakana distinctions; restore only with context		medium		
616	TT4	TT4/g0/r6	scenario	group 0 @ 0xB25D; record 6	group-compressed	きのせいか かなしそうだ	きのせいか かなしそうだ	kinoseika kanashisouda	きのせいか かなしそうだ	Maybe it is sad.	Maybe it is sad.			yes	hiragana:11; katakana:0; kanji:0; Latin:0; digits:0; phonetic hiragana orthography		Source suppresses normal kanji/katakana distinctions; restore only with context		medium		
617	TT4	TT4/g0/r7	scenario	group 0 @ 0xB25D; record 7	group-compressed	きを うしなっている	きを うしなっている	kio ushinatteiru	きを うしなっている	He is unconscious.	He is unconscious.			yes	hiragana:9; katakana:0; kanji:0; Latin:0; digits:0; phonetic hiragana orthography		Source suppresses normal kanji/katakana distinctions; restore only with context		medium		
618	TT4	TT4/g0/r8	scenario	group 0 @ 0xB25D; record 8	group-compressed	しんかん「ありがとうございました せんせい／{CTRL:0} なんとおれいを いってよいか……」	しんかん「ありがとうございました せんせい／ ⟦CTRL:0⟧  なんとおれいを いってよいか……」	shinkan「arigatougozaimashita sensei／ /  nantooreio itteyoika……」	しんかん「ありがとうございました せんせい／ なんとおれいを いってよいか……」	Priest: Thank you, Doc!{CTRL:0}How can I repay you...?	Priest: Thank you, Doc! ⟦CTRL:0⟧ How can I repay you...?	0	0	yes	hiragana:32; katakana:0; kanji:0; Latin:0; digits:0; phonetic hiragana orthography	おれ: plain-to-rough masculine first person	せんせい → 先生	ellipsis carries timing/hesitation tone	medium		
619	TT4	TT4/g0/r9	scenario	group 0 @ 0xB25D; record 9	group-compressed	しんかん「めがみのくびが とれていたのを{CTRL:0} みたしゅんかん くらくらっとめまいがしまして…{CTRL:2} おそらく ここらへんにたむろする{CTRL:0} ふりょうどもの しわざでしょう{CTRL:3} なんという ばちあたりな／」	しんかん「めがみのくびが とれていたのを ⟦CTRL:0⟧  みたしゅんかん くらくらっとめまいがしまして… ⟦CTRL:2⟧  おそらく ここらへんにたむろする ⟦CTRL:0⟧  ふりょうどもの しわざでしょう ⟦CTRL:3⟧  なんという ばちあたりな／」	shinkan「megaminokubiga toreteitanoo /  mitashunkan kurakurattomemaigashimashite… /  osoraku kokorahennitamurosuru /  furyoudomono shiwazadeshou /  nantoiu bachiatarina／」	しんかん「めがみのくびが とれていたのを みたしゅんかん くらくらっとめまいがしまして… おそらく ここらへんにたむろする ふりょうどもの しわざでしょう なんという ばちあたりな／」	Priest: Her head was off{CTRL:0}I got dizzy seeing it...{CTRL:2}Likely local thugs{CTRL:0}did it.{CTRL:3}What sacrilege!	Priest: Her head was off ⟦CTRL:0⟧ I got dizzy seeing it... ⟦CTRL:2⟧ Likely local thugs ⟦CTRL:0⟧ did it. ⟦CTRL:3⟧ What sacrilege!	0,2,0,3	0,2,0,3	yes	hiragana:79; katakana:0; kanji:0; Latin:0; digits:0; phonetic hiragana orthography		Source suppresses normal kanji/katakana distinctions; restore only with context	ellipsis carries timing/hesitation tone	medium		
620	TT4	TT4/g0/r10	scenario	group 0 @ 0xB25D; record 10	group-compressed	しんかん「ひとはしぬと よみのくににのぼります{CTRL:1} わたしもあやうく いりぐちのもんを{CTRL:0} くぐりかけました」	しんかん「ひとはしぬと よみのくににのぼります ⟦CTRL:1⟧  わたしもあやうく いりぐちのもんを ⟦CTRL:0⟧  くぐりかけました」	shinkan「hitohashinuto yominokunininoborimasu /  watashimoayauku iriguchinomono /  kugurikakemashita」	しんかん「ひとはしぬと よみのくににのぼります わたしもあやうく いりぐちのもんを くぐりかけました」	Priest: The dead ascend{CTRL:1}to the underworld.{CTRL:0}I nearly passed its gate	Priest: The dead ascend ⟦CTRL:1⟧ to the underworld. ⟦CTRL:0⟧ I nearly passed its gate	1,0	1,0	yes	hiragana:45; katakana:0; kanji:0; Latin:0; digits:0; phonetic hiragana orthography		ひと → 人		low		
621	TT4	TT4/g0/r11	scenario	group 0 @ 0xB25D; record 11	group-compressed	おれ「はろー……」{CTRL:0}…………………………	おれ「はろー……」 ⟦CTRL:0⟧ …………………………	ore「haroo……」 / …………………………	おれ「はろー……」…………………………	Me: Hello...{CTRL:0}..............	Me: Hello... ⟦CTRL:0⟧ ..............	0	0	yes	hiragana:4; katakana:1; kanji:0; Latin:0; digits:0	おれ: plain-to-rough masculine first person	Source suppresses normal kanji/katakana distinctions; restore only with context	ellipsis carries timing/hesitation tone	medium		
622	TT4	TT4/g0/r12	scenario	group 0 @ 0xB25D; record 12	group-compressed	"あてな「…あのこを たすけてあげてください…」{CTRL:1}おれ「で でも… どうすれば…」{CTRL:2}あてな「かみがみの じょげんをかりて{CTRL:0} ""よみのくに""へ いきなさい{CTRL:3} あのこはいま いりぐちにしゃがみこみ{CTRL:4} ないてたすけをもとめています」{CTRL:3}おれ「あのこは いったい……」{CTRL:3}あてな「おねがいです たすけてあげてください」"	"あてな「…あのこを たすけてあげてください…」 ⟦CTRL:1⟧ おれ「で でも… どうすれば…」 ⟦CTRL:2⟧ あてな「かみがみの じょげんをかりて ⟦CTRL:0⟧  ""よみのくに""へ いきなさい ⟦CTRL:3⟧  あのこはいま いりぐちにしゃがみこみ ⟦CTRL:4⟧  ないてたすけをもとめています」 ⟦CTRL:3⟧ おれ「あのこは いったい……」 ⟦CTRL:3⟧ あてな「おねがいです たすけてあげてください」"	"atena「…anokoo tasuketeagetekudasai…」 / ore「de demo… dousureba…」 / atena「kamigamino jogenokarite /  ""yominokuni""he ikinasai /  anokohaima iriguchinishagamikomi /  naitetasukeomotometeimasu」 / ore「anokoha ittai……」 / atena「onegaidesu tasuketeagetekudasai」"	"あてな「…あのこを たすけてあげてください…」おれ「で でも… どうすれば…」あてな「かみがみの じょげんをかりて ""よみのくに""へ いきなさい あのこはいま いりぐちにしゃがみこみ ないてたすけをもとめています」おれ「あのこは いったい……」あてな「おねがいです たすけてあげてください」"	Athena: Save him...{CTRL:1}Me: B-but how?{CTRL:2}Athena: Ask the gods.{CTRL:0}Enter the underworld.{CTRL:3}He waits at its gate,{CTRL:4}crying for help.{CTRL:3}Me: Who is he?{CTRL:3}Athena: Please save him.	Athena: Save him... ⟦CTRL:1⟧ Me: B-but how? ⟦CTRL:2⟧ Athena: Ask the gods. ⟦CTRL:0⟧ Enter the underworld. ⟦CTRL:3⟧ He waits at its gate, ⟦CTRL:4⟧ crying for help. ⟦CTRL:3⟧ Me: Who is he? ⟦CTRL:3⟧ Athena: Please save him.	1,2,0,3,4,3,3	1,2,0,3,4,3,3	yes	hiragana:116; katakana:0; kanji:0; Latin:0; digits:0; phonetic hiragana orthography	おれ: plain-to-rough masculine first person | です/ます: polite register	かみ → 神/紙/髪	ellipsis carries timing/hesitation tone	high		
623	TT4	TT4/g0/r13	scenario	group 0 @ 0xB25D; record 13	group-compressed	あてな「かみのこをすくえるのは あなただけです」	あてな「かみのこをすくえるのは あなただけです」	atena「kaminokoosukuerunoha anatadakedesu」	あてな「かみのこをすくえるのは あなただけです」	You alone can save him.	You alone can save him.			yes	hiragana:21; katakana:0; kanji:0; Latin:0; digits:0; phonetic hiragana orthography	です/ます: polite register	かみ → 神/紙/髪		medium		
624	TT4	TT4/g0/r14	scenario	group 0 @ 0xB25D; record 14	group-compressed	じんこうこきゅうをするには まずさいしょに……	じんこうこきゅうをするには まずさいしょに……	jinkoukokyuuosuruniha mazusaishoni……	じんこうこきゅうをするには まずさいしょに……	For CPR, first...	For CPR, first...			yes	hiragana:20; katakana:0; kanji:0; Latin:0; digits:0; phonetic hiragana orthography		Source suppresses normal kanji/katakana distinctions; restore only with context	ellipsis carries timing/hesitation tone	medium		
625	TT4	TT4/g0/r15	scenario	group 0 @ 0xB25D; record 15	group-compressed	つぎに……	つぎに……	tsugini……	つぎに……	Next...	Next...			yes	hiragana:3; katakana:0; kanji:0; Latin:0; digits:0; phonetic hiragana orthography		Source suppresses normal kanji/katakana distinctions; restore only with context	ellipsis carries timing/hesitation tone	medium		
626	TT4	TT4/g0/r16	scenario	group 0 @ 0xB25D; record 16	group-compressed	そいでもって くちからいきをふきこむ／	そいでもって くちからいきをふきこむ／	soidemotte kuchikaraikiofukikomu／	そいでもって くちからいきをふきこむ／	Then breathe into him!	Then breathe into him!			yes	hiragana:17; katakana:0; kanji:0; Latin:0; digits:0; phonetic hiragana orthography		Source suppresses normal kanji/katakana distinctions; restore only with context		medium		
627	TT4	TT4/g0/r17	scenario	group 0 @ 0xB25D; record 17	group-compressed	しんかん「……う… ぷはーっ／」{CTRL:1}おれ「やった／」	しんかん「……う… ぷはーっ／」 ⟦CTRL:1⟧ おれ「やった／」	shinkan「……u… puhaa／」 / oore「yatta／」	しんかん「……う… ぷはーっ／」おれ「やった／」	Priest: ... Gasp!{CTRL:1}Me: I did it!	Priest: ... Gasp! ⟦CTRL:1⟧ Me: I did it!	1	1	yes	hiragana:13; katakana:1; kanji:0; Latin:0; digits:0	おれ: plain-to-rough masculine first person	Source suppresses normal kanji/katakana distinctions; restore only with context	ellipsis carries timing/hesitation tone	medium		
628	TT4	TT4/g0/r18	scenario	group 0 @ 0xB25D; record 18	group-compressed	だめだ… やりなおし／	だめだ… やりなおし／	dameda… yarinaoshi／	だめだ… やりなおし／	No good... try again!	No good... try again!			yes	hiragana:8; katakana:0; kanji:0; Latin:0; digits:0; phonetic hiragana orthography		Source suppresses normal kanji/katakana distinctions; restore only with context	ellipsis carries timing/hesitation tone	medium		
629	TT4	TT4/g0/r19	scenario	group 0 @ 0xB25D; record 19	group-compressed	なにを！	なにを！	nanio！	なにを！	Use what?	Use what?			yes	hiragana:3; katakana:0; kanji:0; Latin:0; digits:0; phonetic hiragana orthography		Source suppresses normal kanji/katakana distinctions; restore only with context		medium		
630	TT4	TT4/g0/r20	scenario	group 0 @ 0xB25D; record 20	group-compressed	しんかん「ささげものですな ありがたく{CTRL:0} いたただいておきます」	しんかん「ささげものですな ありがたく ⟦CTRL:0⟧  いたただいておきます」	shinkan「sasagemonodesuna arigataku /  itatadaiteokimasu」	しんかん「ささげものですな ありがたく いたただいておきます」	Priest: An offering.{CTRL:0}I accept it gratefully.	Priest: An offering. ⟦CTRL:0⟧ I accept it gratefully.	0	0	yes	hiragana:27; katakana:0; kanji:0; Latin:0; digits:0; phonetic hiragana orthography	です/ます: polite register	Source suppresses normal kanji/katakana distinctions; restore only with context		medium		
631	TT4	TT4/g0/r21	scenario	group 0 @ 0xB25D; record 21	group-compressed	おれ「あぐあぐ…… うん なかなか……」	おれ「あぐあぐ…… うん なかなか……」	ore「aguagu…… un nakanaka……」	おれ「あぐあぐ…… うん なかなか……」	Me: Munch... not bad.	Me: Munch... not bad.			yes	hiragana:12; katakana:0; kanji:0; Latin:0; digits:0; phonetic hiragana orthography	おれ: plain-to-rough masculine first person	Source suppresses normal kanji/katakana distinctions; restore only with context	ellipsis carries timing/hesitation tone	medium		
632	TT4	TT4/g0/r22	scenario	group 0 @ 0xB25D; record 22	group-compressed	おれ「うーん あぶらだ……」	おれ「うーん あぶらだ……」	ore「uun aburada……」	おれ「うーん あぶらだ……」	Me: Hmm... it is oil.	Me: Hmm... it is oil.			yes	hiragana:8; katakana:1; kanji:0; Latin:0; digits:0	おれ: plain-to-rough masculine first person	Source suppresses normal kanji/katakana distinctions; restore only with context	ellipsis carries timing/hesitation tone	medium		
633	TT4	TT4/g0/r23	scenario	group 0 @ 0xB25D; record 23	group-compressed	かるく ふってみた{CTRL:1}ここちよい ねいろだ	かるく ふってみた ⟦CTRL:1⟧ ここちよい ねいろだ	karuku futtemita / kokochiyoi neiroda	かるく ふってみたここちよい ねいろだ	I shake it lightly.{CTRL:1}It makes a sweet sound.	I shake it lightly. ⟦CTRL:1⟧ It makes a sweet sound.	1	1	yes	hiragana:17; katakana:0; kanji:0; Latin:0; digits:0; phonetic hiragana orthography		Source suppresses normal kanji/katakana distinctions; restore only with context		medium		
634	TT4	TT4/g0/r24	scenario	group 0 @ 0xB25D; record 24	group-compressed	1まい	1まい	1mai	1まい	ONE	ONE			yes	hiragana:2; katakana:0; kanji:0; Latin:0; digits:1; phonetic hiragana orthography	まい: literary negative intention or conjecture	Source suppresses normal kanji/katakana distinctions; restore only with context	source numerals ['1']; verify dates/counts and Japanese ordering	medium		
635	TT4	TT4/g0/r25	scenario	group 0 @ 0xB25D; record 25	group-compressed	2まい	2まい	2mai	2まい	TWO	TWO			yes	hiragana:2; katakana:0; kanji:0; Latin:0; digits:1; phonetic hiragana orthography	まい: literary negative intention or conjecture	Source suppresses normal kanji/katakana distinctions; restore only with context	source numerals ['2']; verify dates/counts and Japanese ordering	medium		
636	TT4	TT4/g0/r26	scenario	group 0 @ 0xB25D; record 26	group-compressed	3まい	3まい	3mai	3まい	THREE	THREE			yes	hiragana:2; katakana:0; kanji:0; Latin:0; digits:1; phonetic hiragana orthography	まい: literary negative intention or conjecture	Source suppresses normal kanji/katakana distinctions; restore only with context	source numerals ['3']; verify dates/counts and Japanese ordering	medium		
637	TT4	TT4/g0/r27	scenario	group 0 @ 0xB25D; record 27	group-compressed	かんじゃを ほっておけない	かんじゃを ほっておけない	kanjao hotteokenai	かんじゃを ほっておけない	I cannot leave him here.	I cannot leave him here.			yes	hiragana:12; katakana:0; kanji:0; Latin:0; digits:0; phonetic hiragana orthography	じゃ: old-person/western-style copula; context decides voice versus region	Source suppresses normal kanji/katakana distinctions; restore only with context		medium		
638	TT4	TT4/g0/r28	scenario	group 0 @ 0xB25D; record 28	group-compressed	おれ「う…うう……ん…」	おれ「う…うう……ん…」	ore「u…uu……n…」	おれ「う…うう……ん…」	Me: Ugh... uhh...	Me: Ugh... uhh...			yes	hiragana:6; katakana:0; kanji:0; Latin:0; digits:0; phonetic hiragana orthography	おれ: plain-to-rough masculine first person	Source suppresses normal kanji/katakana distinctions; restore only with context	ellipsis carries timing/hesitation tone	medium		
639	TT4	TT4/g0/r29	scenario	group 0 @ 0xB25D; record 29	group-compressed	しょうにんが みせをひろげている	しょうにんが みせをひろげている	shouninga miseohirogeteiru	しょうにんが みせをひろげている	A merchant has a stall.	A merchant has a stall.			yes	hiragana:15; katakana:0; kanji:0; Latin:0; digits:0; phonetic hiragana orthography		Source suppresses normal kanji/katakana distinctions; restore only with context		medium		
640	TT4	TT4/g0/r30	scenario	group 0 @ 0xB25D; record 30	group-compressed	おかのうえの ひろばだ{CTRL:1}ふもとにまちがひろがり そのまわりを{CTRL:0}うみが かこんでいる	おかのうえの ひろばだ ⟦CTRL:1⟧ ふもとにまちがひろがり そのまわりを ⟦CTRL:0⟧ うみが かこんでいる	okanoueno hirobada / fumotonimachigahirogari sonomawario / umiga kakondeiru	おかのうえの ひろばだふもとにまちがひろがり そのまわりをうみが かこんでいる	A plaza atop the hill.{CTRL:1}The town spreads below,{CTRL:0}surrounded by the sea.	A plaza atop the hill. ⟦CTRL:1⟧ The town spreads below, ⟦CTRL:0⟧ surrounded by the sea.	1,0	1,0	yes	hiragana:36; katakana:0; kanji:0; Latin:0; digits:0; phonetic hiragana orthography		Source suppresses normal kanji/katakana distinctions; restore only with context		medium		
641	TT4	TT4/g0/r31	scenario	group 0 @ 0xB25D; record 31	group-compressed	だいりせきの おおきなしんでんだ	だいりせきの おおきなしんでんだ	dairisekino ookinashindenda	だいりせきの おおきなしんでんだ	A great marble temple.	A great marble temple.			yes	hiragana:15; katakana:0; kanji:0; Latin:0; digits:0; phonetic hiragana orthography		Source suppresses normal kanji/katakana distinctions; restore only with context		medium		
642	TT4	TT4/g1/r0	scenario	group 1 @ 0xB506; record 0	group-compressed	となりのおとこを みょうにきにしている	となりのおとこを みょうにきにしている	tonarinootokoo myounikinishiteiru	となりのおとこを みょうにきにしている	He watches the next man.	He watches the next man.			yes	hiragana:18; katakana:0; kanji:0; Latin:0; digits:0; phonetic hiragana orthography		おとこ → 男		low		
643	TT4	TT4/g1/r1	scenario	group 1 @ 0xB506; record 1	group-compressed	こういうかおには きをつけたほうがいい	こういうかおには きをつけたほうがいい	kouiukaoniha kiotsuketahougaii	こういうかおには きをつけたほうがいい	Beware a face like his.	Beware a face like his.			yes	hiragana:18; katakana:0; kanji:0; Latin:0; digits:0; phonetic hiragana orthography		Source suppresses normal kanji/katakana distinctions; restore only with context		medium		
644	TT4	TT4/g1/r2	scenario	group 1 @ 0xB506; record 2	group-compressed	なきそうなかおで こちらをみている	なきそうなかおで こちらをみている	nakisounakaode kochiraomiteiru	なきそうなかおで こちらをみている	He looks near tears.	He looks near tears.			yes	hiragana:16; katakana:0; kanji:0; Latin:0; digits:0; phonetic hiragana orthography		Source suppresses normal kanji/katakana distinctions; restore only with context		medium		
645	TT4	TT4/g1/r3	scenario	group 1 @ 0xB506; record 3	group-compressed	「しょうばいのかみ・へるめす」	「しょうばいのかみ・へるめす」	「shoubainokami・herumesu」	「しょうばいのかみ・へるめす」	Hermes, god of trade	Hermes, god of trade			yes	hiragana:12; katakana:1; kanji:0; Latin:0; digits:0		Source suppresses normal kanji/katakana distinctions; restore only with context		medium		
646	TT4	TT4/g1/r4	scenario	group 1 @ 0xB506; record 4	group-compressed	ひげもむなげも もじゃもじゃだ{CTRL:0}このからだつきは けっこう としくってるな……{CTRL:6}……「せんせい／ せんせーーい／」	ひげもむなげも もじゃもじゃだ ⟦CTRL:0⟧ このからだつきは けっこう としくってるな…… ⟦CTRL:6⟧ ……「せんせい／ せんせーーい／」	higemomunagemo mojamojada / konokaradatsukiha kekkou toshikutteruna…… / ……「sensei／ senseeei／」	ひげもむなげも もじゃもじゃだこのからだつきは けっこう としくってるな…………「せんせい／ せんせーーい／」	His beard and chest hair{CTRL:0}are thick. He is old.{CTRL:6}... Doctor! Doctooor!	His beard and chest hair ⟦CTRL:0⟧ are thick. He is old. ⟦CTRL:6⟧ ... Doctor! Doctooor!	0,6	0,6	yes	hiragana:41; katakana:2; kanji:0; Latin:0; digits:0	じゃ: old-person/western-style copula; context decides voice versus region	せんせい → 先生 | からだ → 体	ellipsis carries timing/hesitation tone	medium		
647	TT4	TT4/g1/r5	scenario	group 1 @ 0xB506; record 5	group-compressed	だりお「こんなところに いらっしゃったんですか」{CTRL:1}おれ「……！」{CTRL:0}だりお「かんじゃさんが おまちです{CTRL:0} はやくきてください にくらすせんせい／」	だりお「こんなところに いらっしゃったんですか」 ⟦CTRL:1⟧ おれ「……！」 ⟦CTRL:0⟧ だりお「かんじゃさんが おまちです ⟦CTRL:0⟧  はやくきてください にくらすせんせい／」	dario「konnatokoroni irasshattandesuka」 / ore「……！」 / dario「kanjasanga omachidesu /  hayakukitekudasai nikurasusensei／」	だりお「こんなところに いらっしゃったんですか」おれ「……！」だりお「かんじゃさんが おまちです はやくきてください にくらすせんせい／」	Dario: So you were here.{CTRL:1}Me: ...!{CTRL:0}Dario: A patient waits.{CTRL:0}Hurry, Dr. Nicras!	Dario: So you were here. ⟦CTRL:1⟧ Me: ...! ⟦CTRL:0⟧ Dario: A patient waits. ⟦CTRL:0⟧ Hurry, Dr. Nicras!	1,0,0	1,0,0	yes	hiragana:55; katakana:0; kanji:0; Latin:0; digits:0; phonetic hiragana orthography	おれ: plain-to-rough masculine first person | じゃ: old-person/western-style copula; context decides voice versus region | さん: -san: ordinary respectful address	せんせい → 先生	ellipsis carries timing/hesitation tone	medium		
648	TT4	TT4/g1/r6	scenario	group 1 @ 0xB506; record 6	group-compressed	しょうにん「なんか ごようで！」	しょうにん「なんか ごようで！」	shounin「nanka goyoude！」	しょうにん「なんか ごようで！」	Merchant: Need anything?	Merchant: Need anything?			yes	hiragana:12; katakana:0; kanji:0; Latin:0; digits:0; phonetic hiragana orthography		Source suppresses normal kanji/katakana distinctions; restore only with context		medium		
649	TT4	TT4/g1/r7	scenario	group 1 @ 0xB506; record 7	group-compressed	しょうにん「そんなものは ひきとれませんねえ」	しょうにん「そんなものは ひきとれませんねえ」	shounin「sonnamonoha hikitoremasennee」	しょうにん「そんなものは ひきとれませんねえ」	Merchant: No deal.	Merchant: No deal.			yes	hiragana:20; katakana:0; kanji:0; Latin:0; digits:0; phonetic hiragana orthography		Source suppresses normal kanji/katakana distinctions; restore only with context		medium		
650	TT4	TT4/g1/r8	scenario	group 1 @ 0xB506; record 8	group-compressed	しょうにん「ようがす ぎんか1まいで{CTRL:0} かいとりましょう」	しょうにん「ようがす ぎんか1まいで ⟦CTRL:0⟧  かいとりましょう」	shounin「yougasu ginka1maide /  kaitorimashou」	しょうにん「ようがす ぎんか1まいで かいとりましょう」	Merchant: One silver.{CTRL:0}I will buy it.	Merchant: One silver. ⟦CTRL:0⟧ I will buy it.	0	0	yes	hiragana:23; katakana:0; kanji:0; Latin:0; digits:1; phonetic hiragana orthography		Source suppresses normal kanji/katakana distinctions; restore only with context	source numerals ['1']; verify dates/counts and Japanese ordering	medium		
651	TT4	TT4/g1/r9	scenario	group 1 @ 0xB506; record 9	group-compressed	しょうにん「あいにくといまは……{CTRL:0} また こんどにしてくだせえ」	しょうにん「あいにくといまは…… ⟦CTRL:0⟧  また こんどにしてくだせえ」	shounin「ainikutoimaha…… /  mata kondonishitekudasee」	しょうにん「あいにくといまは…… また こんどにしてくだせえ」	Merchant: Not now...{CTRL:0}come back another time.	Merchant: Not now... ⟦CTRL:0⟧ come back another time.	0	0	yes	hiragana:25; katakana:0; kanji:0; Latin:0; digits:0; phonetic hiragana orthography		Source suppresses normal kanji/katakana distinctions; restore only with context	ellipsis carries timing/hesitation tone	medium		
652	TT4	TT4/g1/r10	scenario	group 1 @ 0xB506; record 10	group-compressed	しょうにん「だんな じつはね……{CTRL:0} とっておきの ほりだしものがあるんだ{CTRL:2} ぎんか3まいで どうです！」	しょうにん「だんな じつはね…… ⟦CTRL:0⟧  とっておきの ほりだしものがあるんだ ⟦CTRL:2⟧  ぎんか3まいで どうです！」	shounin「danna jitsuhane…… /  totteokino horidashimonogaarunda /  ginka3maide doudesu！」	しょうにん「だんな じつはね…… とっておきの ほりだしものがあるんだ ぎんか3まいで どうです！」	Merchant: Listen, sir...{CTRL:0}I have a rare treasure.{CTRL:2}Only three silver coins!	Merchant: Listen, sir... ⟦CTRL:0⟧ I have a rare treasure. ⟦CTRL:2⟧ Only three silver coins!	0,2	0,2	yes	hiragana:39; katakana:0; kanji:0; Latin:0; digits:1; phonetic hiragana orthography	です/ます: polite register	Source suppresses normal kanji/katakana distinctions; restore only with context	source numerals ['3']; verify dates/counts and Japanese ordering | ellipsis carries timing/hesitation tone	medium		
653	TT4	TT4/g1/r11	scenario	group 1 @ 0xB506; record 11	group-compressed	しょうにん「ひやかしは おことわりだよ」	しょうにん「ひやかしは おことわりだよ」	shounin「hiyakashiha okotowaridayo」	しょうにん「ひやかしは おことわりだよ」	Merchant: Buy or leave.	Merchant: Buy or leave.			yes	hiragana:17; katakana:0; kanji:0; Latin:0; digits:0; phonetic hiragana orthography		Source suppresses normal kanji/katakana distinctions; restore only with context		medium		
654	TT4	TT4/g1/r12	scenario	group 1 @ 0xB506; record 12	group-compressed	しょうにん「ぎんか3まいだよ」	しょうにん「ぎんか3まいだよ」	shounin「ginka3maidayo」	しょうにん「ぎんか3まいだよ」	Merchant: Three silver.	Merchant: Three silver.			yes	hiragana:12; katakana:0; kanji:0; Latin:0; digits:1; phonetic hiragana orthography		Source suppresses normal kanji/katakana distinctions; restore only with context	source numerals ['3']; verify dates/counts and Japanese ordering	medium		
655	TT4	TT4/g1/r13	scenario	group 1 @ 0xB506; record 13	group-compressed	しょうにん「きんのししゅうが はいった{CTRL:0} ぺるしゃもようの おびです{CTRL:2} どうです！ こりゃ ねうちもんでしょうが」	しょうにん「きんのししゅうが はいった ⟦CTRL:0⟧  ぺるしゃもようの おびです ⟦CTRL:2⟧  どうです！ こりゃ ねうちもんでしょうが」	shounin「kinnoshishuuga haitta /  perushamoyouno obidesu /  doudesu！ korya neuchimondeshouga」	しょうにん「きんのししゅうが はいった ぺるしゃもようの おびです どうです！ こりゃ ねうちもんでしょうが」	Merchant: Gold-stitched{CTRL:0}Persian-patterned sash.{CTRL:2}A real treasure, eh?	Merchant: Gold-stitched ⟦CTRL:0⟧ Persian-patterned sash. ⟦CTRL:2⟧ A real treasure, eh?	0,2	0,2	yes	hiragana:46; katakana:0; kanji:0; Latin:0; digits:0; phonetic hiragana orthography	です/ます: polite register	Source suppresses normal kanji/katakana distinctions; restore only with context		medium		
656	TT4	TT4/g1/r14	scenario	group 1 @ 0xB506; record 14	group-compressed	おとこ「きさまぁ／」{CTRL:0}しょうにん「ひっ… まだいたのか／」{CTRL:2}おとこ「ぼっちゃまを どこへやった／{CTRL:0} こたえろ／」{CTRL:3}しょうにん「たた… たすけてくだせえ／{CTRL:4} あたしがみたときはもう こときれてたんですよ{CTRL:4} しにんに ふくはひつようねえでしょうが」{CTRL:3}おとこ「／／」{CTRL:3}しょうにん「みさきの いわかげに{CTRL:4} たおれてたんだ うそじゃねえ／」{CTRL:3}おとこ「せんせい／ いっしょにきてください／」{CTRL:4}おれ「は はい／」	おとこ「きさまぁ／」 ⟦CTRL:0⟧ しょうにん「ひっ… まだいたのか／」 ⟦CTRL:2⟧ おとこ「ぼっちゃまを どこへやった／ ⟦CTRL:0⟧  こたえろ／」 ⟦CTRL:3⟧ しょうにん「たた… たすけてくだせえ／ ⟦CTRL:4⟧  あたしがみたときはもう こときれてたんですよ ⟦CTRL:4⟧  しにんに ふくはひつようねえでしょうが」 ⟦CTRL:3⟧ おとこ「／／」 ⟦CTRL:3⟧ しょうにん「みさきの いわかげに ⟦CTRL:4⟧  たおれてたんだ うそじゃねえ／」 ⟦CTRL:3⟧ おとこ「せんせい／ いっしょにきてください／」 ⟦CTRL:4⟧ おれ「は はい／」	otoko「kisamaa／」 / shounin「hi… mmadaitanoka／」 / otoko「botchamao dokoheyatta／ /  kotaero／」 / shounin「tata… tasuketekudasee／ /  atashigamitatokihamou kotokiretetandesuyo /  shininni fukuhahitsuyouneedeshouga」 / otoko「／／」 / shounin「misakino iwakageni /  taoretetanda usojanee／」 / otoko「sensei／ isshonikitekudasai／」 / ore「ha hai／」	おとこ「きさまぁ／」しょうにん「ひっ… まだいたのか／」おとこ「ぼっちゃまを どこへやった／ こたえろ／」しょうにん「たた… たすけてくだせえ／ あたしがみたときはもう こときれてたんですよ しにんに ふくはひつようねえでしょうが」おとこ「／／」しょうにん「みさきの いわかげに たおれてたんだ うそじゃねえ／」おとこ「せんせい／ いっしょにきてください／」おれ「は はい／」	Man: You!{CTRL:0}Merchant: Still here?!{CTRL:2}Man: Where is the boy?!{CTRL:0}Tell me!{CTRL:3}Merchant: P-please help!{CTRL:4}I found him dead!{CTRL:4}A corpse needs no garb.{CTRL:3}Man: What?!{CTRL:3}Merchant: At the cape,{CTRL:4}behind a rock. I swear!{CTRL:3}Man: Doctor, come!{CTRL:4}Me: Y-yes!	Man: You! ⟦CTRL:0⟧ Merchant: Still here?! ⟦CTRL:2⟧ Man: Where is the boy?! ⟦CTRL:0⟧ Tell me! ⟦CTRL:3⟧ Merchant: P-please help! ⟦CTRL:4⟧ I found him dead! ⟦CTRL:4⟧ A corpse needs no garb. ⟦CTRL:3⟧ Man: What?! ⟦CTRL:3⟧ Merchant: At the cape, ⟦CTRL:4⟧ behind a rock. I swear! ⟦CTRL:3⟧ Man: Doctor, come! ⟦CTRL:4⟧ Me: Y-yes!	0,2,0,3,4,4,3,3,4,3,4	0,2,0,3,4,4,3,3,4,3,4	yes	hiragana:146; katakana:0; kanji:0; Latin:0; digits:0; phonetic hiragana orthography	おれ: plain-to-rough masculine first person | きさま: hostile/contemptuous second person in modern usage | じゃ: old-person/western-style copula; context decides voice versus region	せんせい → 先生 | おとこ → 男	ellipsis carries timing/hesitation tone	medium		
657	TT4	TT4/g1/r15	scenario	group 1 @ 0xB506; record 15	group-compressed	おとこ「わたしは ぼっちゃまの{CTRL:0} かていきょうしをつとめる ありすとてれす…と{CTRL:0} もうします{CTRL:6} しゃかいけんがくのためにと まけどにあから{CTRL:4} やってきたのですが……」	おとこ「わたしは ぼっちゃまの ⟦CTRL:0⟧  かていきょうしをつとめる ありすとてれす…と ⟦CTRL:0⟧  もうします ⟦CTRL:6⟧  しゃかいけんがくのためにと まけどにあから ⟦CTRL:4⟧  やってきたのですが……」	otoko「watashiha botchamano /  kateikyoushiotsutomeru arisutoteresu…to /  moushimasu /  shakaikengakunotamenito makedoniakara /  yattekitanodesuga……」	おとこ「わたしは ぼっちゃまの かていきょうしをつとめる ありすとてれす…と もうします しゃかいけんがくのためにと まけどにあから やってきたのですが……」	I serve as tutor to the{CTRL:0}young master. Aristotle{CTRL:0}is my name.{CTRL:6}We came from Macedonia{CTRL:4}to observe society...	I serve as tutor to the ⟦CTRL:0⟧ young master. Aristotle ⟦CTRL:0⟧ is my name. ⟦CTRL:6⟧ We came from Macedonia ⟦CTRL:4⟧ to observe society...	0,0,6,4	0,0,6,4	yes	hiragana:67; katakana:0; kanji:0; Latin:0; digits:0; phonetic hiragana orthography		ありすとてれす → アリストテレス (Aristotle) | おとこ → 男	ellipsis carries timing/hesitation tone	low		
658	TT4	TT4/g1/r16	scenario	group 1 @ 0xB506; record 16	group-compressed	おとこ「こうかなふくを おめしですから{CTRL:0} めだつはずなんです{CTRL:2} たとえば ぺるしゃもようのおびとか……」	おとこ「こうかなふくを おめしですから ⟦CTRL:0⟧  めだつはずなんです ⟦CTRL:2⟧  たとえば ぺるしゃもようのおびとか……」	otoko「koukanafukuo omeshidesukara /  medatsuhazunandesu /  tatoeba perushamoyounoobitoka……」	おとこ「こうかなふくを おめしですから めだつはずなんです たとえば ぺるしゃもようのおびとか……」	Man: His costly clothes{CTRL:0}make him easy to spot.{CTRL:2}say, a Persian sash...	Man: His costly clothes ⟦CTRL:0⟧ make him easy to spot. ⟦CTRL:2⟧ say, a Persian sash...	0,2	0,2	yes	hiragana:42; katakana:0; kanji:0; Latin:0; digits:0; phonetic hiragana orthography		おとこ → 男	ellipsis carries timing/hesitation tone	low		
659	TT4	TT4/g1/r17	scenario	group 1 @ 0xB506; record 17	group-compressed	おとこ「ああ もしものことがあったら{CTRL:0} どうしよう／」	おとこ「ああ もしものことがあったら ⟦CTRL:0⟧  どうしよう／」	otoko「aa moshimonokotogaattara /  doushiyou／」	おとこ「ああ もしものことがあったら どうしよう／」	Man: What if something{CTRL:0}has happened to him?!	Man: What if something ⟦CTRL:0⟧ has happened to him?!	0	0	yes	hiragana:21; katakana:0; kanji:0; Latin:0; digits:0; phonetic hiragana orthography		おとこ → 男		low		
660	TT4	TT4/g1/r18	scenario	group 1 @ 0xB506; record 18	group-compressed	"へるめす「なんかようか！」{CTRL:1}おれ「あの…… ""よみのくに"" へ{CTRL:0} いきたいんですが……」{CTRL:6}へるめす「よみのくにの かみにたのめ」"	"へるめす「なんかようか！」 ⟦CTRL:1⟧ おれ「あの…… ""よみのくに"" へ ⟦CTRL:0⟧  いきたいんですが……」 ⟦CTRL:6⟧ へるめす「よみのくにの かみにたのめ」"	"herumesu「nankayouka！」 / ore「ano…… ""yominokuni"" he /  ikitaindesuga……」 / herumesu「yominokunino kaminitanome」"	"へるめす「なんかようか！」おれ「あの…… ""よみのくに"" へ いきたいんですが……」へるめす「よみのくにの かみにたのめ」"	Hermes: What is it?{CTRL:1}Me: I want to enter{CTRL:0}the underworld...{CTRL:6}Hermes: Ask its god.	Hermes: What is it? ⟦CTRL:1⟧ Me: I want to enter ⟦CTRL:0⟧ the underworld... ⟦CTRL:6⟧ Hermes: Ask its god.	1,0,6	1,0,6	yes	hiragana:44; katakana:0; kanji:0; Latin:0; digits:0; phonetic hiragana orthography	おれ: plain-to-rough masculine first person	かみ → 神/紙/髪	ellipsis carries timing/hesitation tone	medium		
661	TT4	TT4/g1/r19	scenario	group 1 @ 0xB506; record 19	group-compressed	しょうにん「いただきますよ ただなら」	しょうにん「いただきますよ ただなら」	shounin「itadakimasuyo tadanara」	しょうにん「いただきますよ ただなら」	Merchant: If it is free.	Merchant: If it is free.			yes	hiragana:16; katakana:0; kanji:0; Latin:0; digits:0; phonetic hiragana orthography		Source suppresses normal kanji/katakana distinctions; restore only with context		medium		
662	TT4	TT4/g1/r20	scenario	group 1 @ 0xB506; record 20	group-compressed	おとこ「それどころじゃない／」	おとこ「それどころじゃない／」	otoko「soredokorojanai／」	おとこ「それどころじゃない／」	Man: This is no time!	Man: This is no time!			yes	hiragana:12; katakana:0; kanji:0; Latin:0; digits:0; phonetic hiragana orthography	じゃ: old-person/western-style copula; context decides voice versus region	おとこ → 男		medium		
663	TT4	TT4/g1/r21	scenario	group 1 @ 0xB506; record 21	group-compressed	うかつに うごかないほうがいい	うかつに うごかないほうがいい	ukatsuni ugokanaihougaii	うかつに うごかないほうがいい	I should not move him.	I should not move him.			yes	hiragana:14; katakana:0; kanji:0; Latin:0; digits:0; phonetic hiragana orthography		Source suppresses normal kanji/katakana distinctions; restore only with context		medium		
664	TT4	TT4/g1/r22	scenario	group 1 @ 0xB506; record 22	group-compressed	とき……きげんぜん4せいきごろ{CTRL:0}ばしょ……こだいぎりしゃ あてね{CTRL:0}なまえ……にくらす{CTRL:0}しょくぎょう……いしゃ	とき……きげんぜん4せいきごろ ⟦CTRL:0⟧ ばしょ……こだいぎりしゃ あてね ⟦CTRL:0⟧ なまえ……にくらす ⟦CTRL:0⟧ しょくぎょう……いしゃ	toki……kigenzen4seikigoro / basho……kodaigirisha atene / namae……nikurasu / shokugyou……isha	とき……きげんぜん4せいきごろばしょ……こだいぎりしゃ あてねなまえ……にくらすしょくぎょう……いしゃ	Time: Around 4th c. BC{CTRL:0}Place: Ancient Athens{CTRL:0}Name: Nicras{CTRL:0}Work: Physician	Time: Around 4th c. BC ⟦CTRL:0⟧ Place: Ancient Athens ⟦CTRL:0⟧ Name: Nicras ⟦CTRL:0⟧ Work: Physician	0,0,0	0,0,0	yes	hiragana:41; katakana:0; kanji:0; Latin:0; digits:1; phonetic hiragana orthography		なまえ → 名前	source numerals ['4']; verify dates/counts and Japanese ordering | ellipsis carries timing/hesitation tone	low		
665	TT4	TT4/g1/r23	scenario	group 1 @ 0xB506; record 23	group-compressed	げかようのいりょうきぐと なんしゅるいもの{CTRL:0}やくそうがおかれている	げかようのいりょうきぐと なんしゅるいもの ⟦CTRL:0⟧ やくそうがおかれている	gekayounoiryoukiguto nanshuruimono / yakusougaokareteiru	げかようのいりょうきぐと なんしゅるいものやくそうがおかれている	Surgical tools and many{CTRL:0}healing herbs are here.	Surgical tools and many ⟦CTRL:0⟧ healing herbs are here.	0	0	yes	hiragana:31; katakana:0; kanji:0; Latin:0; digits:0; phonetic hiragana orthography		Source suppresses normal kanji/katakana distinctions; restore only with context		medium		
666	TT4	TT4/g1/r24	scenario	group 1 @ 0xB506; record 24	group-compressed	どうやら おれのじょしゅらしい	どうやら おれのじょしゅらしい	douyara orenojoshurashii	どうやら おれのじょしゅらしい	He seems to be my aide.	He seems to be my aide.			yes	hiragana:14; katakana:0; kanji:0; Latin:0; digits:0; phonetic hiragana orthography	おれ: plain-to-rough masculine first person	Source suppresses normal kanji/katakana distinctions; restore only with context		medium		
667	TT4	TT4/g1/r25	scenario	group 1 @ 0xB506; record 25	group-compressed	かんじゃのようすをきにしてる	かんじゃのようすをきにしてる	kanjanoyousuokinishiteru	かんじゃのようすをきにしてる	He watches the patient.	He watches the patient.			yes	hiragana:14; katakana:0; kanji:0; Latin:0; digits:0; phonetic hiragana orthography	じゃ: old-person/western-style copula; context decides voice versus region	Source suppresses normal kanji/katakana distinctions; restore only with context		medium		
668	TT4	TT4/g1/r26	scenario	group 1 @ 0xB506; record 26	group-compressed	かたに ひどいやけどをおっている	かたに ひどいやけどをおっている	katani hidoiyakedoootteiru	かたに ひどいやけどをおっている	His shoulder is burned.	His shoulder is burned.			yes	hiragana:15; katakana:0; kanji:0; Latin:0; digits:0; phonetic hiragana orthography		Source suppresses normal kanji/katakana distinctions; restore only with context		medium		
669	TT4	TT4/g1/r27	scenario	group 1 @ 0xB506; record 27	group-compressed	{CTRL:0}だりお「なべをひっくりかえして{CTRL:0} にえゆを かぶったらしいんです」	⟦CTRL:0⟧ だりお「なべをひっくりかえして ⟦CTRL:0⟧  にえゆを かぶったらしいんです」	 / dario「nabeohikkurikaeshite /  nieyuo kabuttarashiindesu」	だりお「なべをひっくりかえして にえゆを かぶったらしいんです」	{CTRL:0}Dario: A pot tipped over{CTRL:0}and scalded him.	⟦CTRL:0⟧ Dario: A pot tipped over ⟦CTRL:0⟧ and scalded him.	0,0	0,0	yes	hiragana:28; katakana:0; kanji:0; Latin:0; digits:0; phonetic hiragana orthography	です/ます: polite register	Source suppresses normal kanji/katakana distinctions; restore only with context		medium		
670	TT4	TT4/g1/r28	scenario	group 1 @ 0xB506; record 28	group-compressed	だいぶ おちついてきた	だいぶ おちついてきた	daibu ochitsuitekita	だいぶ おちついてきた	He is calming down.	He is calming down.			yes	hiragana:10; katakana:0; kanji:0; Latin:0; digits:0; phonetic hiragana orthography		Source suppresses normal kanji/katakana distinctions; restore only with context		medium		
671	TT4	TT4/g1/r29	scenario	group 1 @ 0xB506; record 29	group-compressed	だりお「せんせい ちりょうをおねがいします」	だりお「せんせい ちりょうをおねがいします」	dario「sensei chiryouoonegaishimasu」	だりお「せんせい ちりょうをおねがいします」	Dario: Please treat him.	Dario: Please treat him.			yes	hiragana:19; katakana:0; kanji:0; Latin:0; digits:0; phonetic hiragana orthography	です/ます: polite register	せんせい → 先生		medium		
672	TT4	TT4/g1/r30	scenario	group 1 @ 0xB506; record 30	group-compressed	だりお「せんせい まだたくさんのひとたちが{CTRL:0} けがやびょうきで くるしんでいます{CTRL:2} このかんじゃは わたしがみていますから{CTRL:0} しんさつに いってあげてください」	だりお「せんせい まだたくさんのひとたちが ⟦CTRL:0⟧  けがやびょうきで くるしんでいます ⟦CTRL:2⟧  このかんじゃは わたしがみていますから ⟦CTRL:0⟧  しんさつに いってあげてください」	dario「sensei madatakusannohitotachiga /  kegayabyoukide kurushindeimasu /  konokanjaha watashigamiteimasukara /  shinsatsuni itteagetekudasai」	だりお「せんせい まだたくさんのひとたちが けがやびょうきで くるしんでいます このかんじゃは わたしがみていますから しんさつに いってあげてください」	Dario: More people{CTRL:0}are sick or hurt.{CTRL:2}I will tend this one.{CTRL:0}Go examine them.	Dario: More people ⟦CTRL:0⟧ are sick or hurt. ⟦CTRL:2⟧ I will tend this one. ⟦CTRL:0⟧ Go examine them.	0,2,0	0,2,0	yes	hiragana:68; katakana:0; kanji:0; Latin:0; digits:0; phonetic hiragana orthography	じゃ: old-person/western-style copula; context decides voice versus region	せんせい → 先生		medium		
673	TT4	TT4/g1/r31	scenario	group 1 @ 0xB506; record 31	group-compressed	わかもの「うう……」	わかもの「うう……」	wakamono「uu……」	わかもの「うう……」	Youth: Ugh...	Youth: Ugh...			yes	hiragana:6; katakana:0; kanji:0; Latin:0; digits:0; phonetic hiragana orthography		Source suppresses normal kanji/katakana distinctions; restore only with context	ellipsis carries timing/hesitation tone	medium		
674	TT4	TT4/g2/r0	scenario	group 2 @ 0xB8B9; record 0	group-compressed	わかもの「おかげで だいぶらくになりました{CTRL:0} これ… ちりょうだいです」	わかもの「おかげで だいぶらくになりました ⟦CTRL:0⟧  これ… ちりょうだいです」	wakamono「okagede daiburakuninarimashita /  kore… chiryoudaidesu」	わかもの「おかげで だいぶらくになりました これ… ちりょうだいです」	Youth: Much better now.{CTRL:0}Here... your payment.	Youth: Much better now. ⟦CTRL:0⟧ Here... your payment.	0	0	yes	hiragana:29; katakana:0; kanji:0; Latin:0; digits:0; phonetic hiragana orthography	です/ます: polite register	Source suppresses normal kanji/katakana distinctions; restore only with context	ellipsis carries timing/hesitation tone	medium		
675	TT4	TT4/g2/r1	scenario	group 2 @ 0xB8B9; record 1	group-compressed	{CTRL:0}{CTRL:0}ぎんか1まいを うけとった	⟦CTRL:0⟧  ⟦CTRL:0⟧ ぎんか1まいを うけとった	 /  / ginka1maio uketotta	ぎんか1まいを うけとった	{CTRL:0}{CTRL:0}Got one silver coin.	⟦CTRL:0⟧  ⟦CTRL:0⟧ Got one silver coin.	0,0	0,0	yes	hiragana:11; katakana:0; kanji:0; Latin:0; digits:1; phonetic hiragana orthography		Source suppresses normal kanji/katakana distinctions; restore only with context	source numerals ['1']; verify dates/counts and Japanese ordering	medium		
676	TT4	TT4/g2/r2	scenario	group 2 @ 0xB8B9; record 2	group-compressed	わかもの「ほんとうに ありがとうございました」	わかもの「ほんとうに ありがとうございました」	wakamono「hontouni arigatougozaimashita」	わかもの「ほんとうに ありがとうございました」	Youth: Many thanks.	Youth: Many thanks.			yes	hiragana:20; katakana:0; kanji:0; Latin:0; digits:0; phonetic hiragana orthography		ほんとう → 本当		low		
677	TT4	TT4/g2/r3	scenario	group 2 @ 0xB8B9; record 3	group-compressed	かんぶの たかさは！	かんぶの たかさは！	kanbuno takasaha！	かんぶの たかさは！	Raise the burned area?	Raise the burned area?			yes	hiragana:8; katakana:0; kanji:0; Latin:0; digits:0; phonetic hiragana orthography		Source suppresses normal kanji/katakana distinctions; restore only with context		medium		
678	TT4	TT4/g2/r4	scenario	group 2 @ 0xB8B9; record 4	group-compressed	わかもの「あうっ／」	わかもの「あうっ／」	wakamono「au／」	わかもの「あうっ／」	Youth: Ouch!	Youth: Ouch!			yes	hiragana:7; katakana:0; kanji:0; Latin:0; digits:0; phonetic hiragana orthography		Source suppresses normal kanji/katakana distinctions; restore only with context		medium		
679	TT4	TT4/g2/r5	scenario	group 2 @ 0xB8B9; record 5	group-compressed	かんぶを どうする！	かんぶを どうする！	kanbuo dousuru！	かんぶを どうする！	Treat the wound how?	Treat the wound how?			yes	hiragana:8; katakana:0; kanji:0; Latin:0; digits:0; phonetic hiragana orthography		Source suppresses normal kanji/katakana distinctions; restore only with context		medium		
680	TT4	TT4/g2/r6	scenario	group 2 @ 0xB8B9; record 6	group-compressed	みずぶくれは！	みずぶくれは！	mizubukureha！	みずぶくれは！	What about the blister?	What about the blister?			yes	hiragana:6; katakana:0; kanji:0; Latin:0; digits:0; phonetic hiragana orthography		Source suppresses normal kanji/katakana distinctions; restore only with context		medium		
681	TT4	TT4/g2/r7	scenario	group 2 @ 0xB8B9; record 7	group-compressed	さいごに……	さいごに……	saigoni……	さいごに……	Finally...	Finally...			yes	hiragana:4; katakana:0; kanji:0; Latin:0; digits:0; phonetic hiragana orthography		Source suppresses normal kanji/katakana distinctions; restore only with context	ellipsis carries timing/hesitation tone	medium		
682	TT4	TT4/g2/r8	scenario	group 2 @ 0xB8B9; record 8	group-compressed	だりお「まえより ひどくなったみたいですよ」	だりお「まえより ひどくなったみたいですよ」	dario「maeyori hidokunattamitaidesuyo」	だりお「まえより ひどくなったみたいですよ」	Dario: It seems worse.	Dario: It seems worse.			yes	hiragana:19; katakana:0; kanji:0; Latin:0; digits:0; phonetic hiragana orthography		Source suppresses normal kanji/katakana distinctions; restore only with context		medium		
683	TT4	TT4/g2/r9	scenario	group 2 @ 0xB8B9; record 9	group-compressed	だりお「さすがはせんせいだ てぎわがすばらしい」	だりお「さすがはせんせいだ てぎわがすばらしい」	dario「sasugahasenseida tegiwagasubarashii」	だりお「さすがはせんせいだ てぎわがすばらしい」	Dario: Superb technique!	Dario: Superb technique!			yes	hiragana:21; katakana:0; kanji:0; Latin:0; digits:0; phonetic hiragana orthography		せんせい → 先生		low		
684	TT4	TT4/g2/r10	scenario	group 2 @ 0xB8B9; record 10	group-compressed	しょうじょうが わからない	しょうじょうが わからない	shoujouga wakaranai	しょうじょうが わからない	I do not know the signs.	I do not know the signs.			yes	hiragana:12; katakana:0; kanji:0; Latin:0; digits:0; phonetic hiragana orthography		Source suppresses normal kanji/katakana distinctions; restore only with context		medium		
685	TT4	TT4/g2/r11	scenario	group 2 @ 0xB8B9; record 11	group-compressed	だりお「ありがとうございます」	だりお「ありがとうございます」	dario「arigatougozaimasu」	だりお「ありがとうございます」	Dario: Thank you.	Dario: Thank you.			yes	hiragana:13; katakana:0; kanji:0; Latin:0; digits:0; phonetic hiragana orthography	です/ます: polite register	Source suppresses normal kanji/katakana distinctions; restore only with context		medium		
686	TT4	TT4/g2/r12	scenario	group 2 @ 0xB8B9; record 12	group-compressed	わかもの「どうも……」	わかもの「どうも……」	wakamono「doumo……」	わかもの「どうも……」	Youth: Thanks...	Youth: Thanks...			yes	hiragana:7; katakana:0; kanji:0; Latin:0; digits:0; phonetic hiragana orthography		Source suppresses normal kanji/katakana distinctions; restore only with context	ellipsis carries timing/hesitation tone	medium		
687	TT4	TT4/g2/r13	scenario	group 2 @ 0xB8B9; record 13	group-compressed	だりお「やくそうを もっていってください」{CTRL:0}おれ「ああ そうか…」{CTRL:2}だりお「ちりょうだいの せいきゅうは{CTRL:0} なおってからにしてくださいね」	だりお「やくそうを もっていってください」 ⟦CTRL:0⟧ おれ「ああ そうか…」 ⟦CTRL:2⟧ だりお「ちりょうだいの せいきゅうは ⟦CTRL:0⟧  なおってからにしてくださいね」	dario「yakusouo motteittekudasai」 / ore「aa souka…」 / dario「chiryoudaino seikyuuha /  naottekaranishitekudasaine」	だりお「やくそうを もっていってください」おれ「ああ そうか…」だりお「ちりょうだいの せいきゅうは なおってからにしてくださいね」	Dario: Take the herbs.{CTRL:0}Me: Oh, right...{CTRL:2}Dario: Bill the patient{CTRL:0}after he recovers.	Dario: Take the herbs. ⟦CTRL:0⟧ Me: Oh, right... ⟦CTRL:2⟧ Dario: Bill the patient ⟦CTRL:0⟧ after he recovers.	0,2,0	0,2,0	yes	hiragana:55; katakana:0; kanji:0; Latin:0; digits:0; phonetic hiragana orthography	おれ: plain-to-rough masculine first person	Source suppresses normal kanji/katakana distinctions; restore only with context	ellipsis carries timing/hesitation tone	medium		
688	TT4	TT4/g2/r14	scenario	group 2 @ 0xB8B9; record 14	group-compressed	おとこ「ちょっと おたずねしますが……{CTRL:0} 10さいぐらいの ひんのよさそうなおとこのこを{CTRL:0} みかけませんでした！」{CTRL:6}おれ「さあ……」{CTRL:3}おとこ「さるところの おぼっちゃまなんですが{CTRL:4} ちょっと めをはなしたすきに……{CTRL:4} ああ たいへんだ／」	おとこ「ちょっと おたずねしますが…… ⟦CTRL:0⟧  10さいぐらいの ひんのよさそうなおとこのこを ⟦CTRL:0⟧  みかけませんでした！」 ⟦CTRL:6⟧ おれ「さあ……」 ⟦CTRL:3⟧ おとこ「さるところの おぼっちゃまなんですが ⟦CTRL:4⟧  ちょっと めをはなしたすきに…… ⟦CTRL:4⟧  ああ たいへんだ／」	otoko「chotto otazuneshimasuga…… /  10saiguraino hinnoyosasounaotokonokoo /  mikakemasendeshita！」 / ore「saa……」 / otoko「sarutokorono obotchamanandesuga /  chotto meohanashitasukini…… /  aa taihenda／」	おとこ「ちょっと おたずねしますが…… 10さいぐらいの ひんのよさそうなおとこのこを みかけませんでした！」おれ「さあ……」おとこ「さるところの おぼっちゃまなんですが ちょっと めをはなしたすきに…… ああ たいへんだ／」	Man: A question...{CTRL:0}a noble boy, age ten{CTRL:0}Have you seen him?{CTRL:6}Me: No...{CTRL:3}Man: He's a young lord.{CTRL:4}I looked away...{CTRL:4}This is terrible!	Man: A question... ⟦CTRL:0⟧ a noble boy, age ten ⟦CTRL:0⟧ Have you seen him? ⟦CTRL:6⟧ Me: No... ⟦CTRL:3⟧ Man: He's a young lord. ⟦CTRL:4⟧ I looked away... ⟦CTRL:4⟧ This is terrible!	0,0,6,3,4,4	0,0,6,3,4,4	yes	hiragana:88; katakana:0; kanji:0; Latin:0; digits:2; phonetic hiragana orthography	おれ: plain-to-rough masculine first person	おとこのこ → 男の子 | おとこ → 男 | はなし → 話	source numerals ['10']; verify dates/counts and Japanese ordering | ellipsis carries timing/hesitation tone	medium		
689	TT4	TT4/g2/r15	scenario	group 2 @ 0xB8B9; record 15	group-compressed	うねうねと まがりくねったみちぞいに{CTRL:0}そまつないえが たちならんでいる	うねうねと まがりくねったみちぞいに ⟦CTRL:0⟧ そまつないえが たちならんでいる	uneuneto magarikunettamichizoini / somatsunaiega tachinarandeiru	うねうねと まがりくねったみちぞいにそまつないえが たちならんでいる	Poor homes line the road{CTRL:0}as it twists and turns.	Poor homes line the road ⟦CTRL:0⟧ as it twists and turns.	0	0	yes	hiragana:32; katakana:0; kanji:0; Latin:0; digits:0; phonetic hiragana orthography	ぞい: stereotyped elderly emphatic ending	Source suppresses normal kanji/katakana distinctions; restore only with context		medium		
690	TT4	TT4/g2/r16	scenario	group 2 @ 0xB8B9; record 16	group-compressed	「しゅりょうのかみ・おりおん」	「しゅりょうのかみ・おりおん」	「shuryounokami・orion」	「しゅりょうのかみ・おりおん」	Orion, god of the hunt	Orion, god of the hunt			yes	hiragana:12; katakana:1; kanji:0; Latin:0; digits:0		Source suppresses normal kanji/katakana distinctions; restore only with context		medium		
691	TT4	TT4/g2/r17	scenario	group 2 @ 0xB8B9; record 17	group-compressed	おりおん「あいつは さいしょにたのまないと{CTRL:0} へそをまげるぞ」	おりおん「あいつは さいしょにたのまないと ⟦CTRL:0⟧  へそをまげるぞ」	orion「aitsuha saishonitanomanaito /  hesoomageruzo」	おりおん「あいつは さいしょにたのまないと へそをまげるぞ」	Orion: Ask him first,{CTRL:0}or he will get sulky.	Orion: Ask him first, ⟦CTRL:0⟧ or he will get sulky.	0	0	yes	hiragana:26; katakana:0; kanji:0; Latin:0; digits:0; phonetic hiragana orthography	ぞ: forceful assertion or command emphasis	Source suppresses normal kanji/katakana distinctions; restore only with context		medium		
692	TT4	TT4/g2/r18	scenario	group 2 @ 0xB8B9; record 18	group-compressed	むすめ「せんせい／ おねがいです{CTRL:0} ははを たすけてください」{CTRL:0}ははおや「ごほ／ ごほごほ…／」	むすめ「せんせい／ おねがいです ⟦CTRL:0⟧  ははを たすけてください」 ⟦CTRL:0⟧ ははおや「ごほ／ ごほごほ…／」	musume「sensei／ onegaidesu /  hahao tasuketekudasai」 / hahaoya「goho／ gohogoho…／」	むすめ「せんせい／ おねがいです ははを たすけてください」ははおや「ごほ／ ごほごほ…／」	Girl: Doctor! Please...{CTRL:0}save my mother!{CTRL:0}Mother: Cough! Cough...	Girl: Doctor! Please... ⟦CTRL:0⟧ save my mother! ⟦CTRL:0⟧ Mother: Cough! Cough...	0,0	0,0	yes	hiragana:34; katakana:0; kanji:0; Latin:0; digits:0; phonetic hiragana orthography		せんせい → 先生 | むすめ → 娘 | はは → 母	ellipsis carries timing/hesitation tone	low		
693	TT4	TT4/g2/r19	scenario	group 2 @ 0xB8B9; record 19	group-compressed	くろいひとみが うつくしい	くろいひとみが うつくしい	kuroihitomiga utsukushii	くろいひとみが うつくしい	Her dark eyes are lovely	Her dark eyes are lovely			yes	hiragana:12; katakana:0; kanji:0; Latin:0; digits:0; phonetic hiragana orthography		Source suppresses normal kanji/katakana distinctions; restore only with context		medium		
694	TT4	TT4/g2/r20	scenario	group 2 @ 0xB8B9; record 20	group-compressed	げっそりと やつれている	げっそりと やつれている	gessorito yatsureteiru	げっそりと やつれている	She is gaunt and weak.	She is gaunt and weak.			yes	hiragana:11; katakana:0; kanji:0; Latin:0; digits:0; phonetic hiragana orthography		Source suppresses normal kanji/katakana distinctions; restore only with context		medium		
695	TT4	TT4/g2/r21	scenario	group 2 @ 0xB8B9; record 21	group-compressed	せきが とまっている	せきが とまっている	sekiga tomatteiru	せきが とまっている	Her cough has stopped.	Her cough has stopped.			yes	hiragana:9; katakana:0; kanji:0; Latin:0; digits:0; phonetic hiragana orthography		Source suppresses normal kanji/katakana distinctions; restore only with context		medium		
696	TT4	TT4/g2/r22	scenario	group 2 @ 0xB8B9; record 22	group-compressed	むすめ「あぶらをしぼって うるのが{CTRL:0} わたしのしごとです でも……{CTRL:0} かんびょうがあるので げんりょうの{CTRL:0} つみとりさえ ままなりません」	むすめ「あぶらをしぼって うるのが ⟦CTRL:0⟧  わたしのしごとです でも…… ⟦CTRL:0⟧  かんびょうがあるので げんりょうの ⟦CTRL:0⟧  つみとりさえ ままなりません」	musume「aburaoshibotte urunoga /  watashinoshigotodesu demo…… /  kanbyougaarunode genryouno /  tsumitorisae mamanarimasen」	むすめ「あぶらをしぼって うるのが わたしのしごとです でも…… かんびょうがあるので げんりょうの つみとりさえ ままなりません」	Girl: I press olive oil.{CTRL:0}I sell it for a living.{CTRL:0}I must tend Mother,{CTRL:0}so I cannot harvest.	Girl: I press olive oil. ⟦CTRL:0⟧ I sell it for a living. ⟦CTRL:0⟧ I must tend Mother, ⟦CTRL:0⟧ so I cannot harvest.	0,0,0	0,0,0	yes	hiragana:55; katakana:0; kanji:0; Latin:0; digits:0; phonetic hiragana orthography		むすめ → 娘	ellipsis carries timing/hesitation tone	low		
697	TT4	TT4/g2/r23	scenario	group 2 @ 0xB8B9; record 23	group-compressed	むすめ「おかげで ははのせきがやみました{CTRL:1} あの…… じつはおかねがなくて{CTRL:0} ちりょうだいが はらえないんです{CTRL:0} ごめんなさい……」	むすめ「おかげで ははのせきがやみました ⟦CTRL:1⟧  あの…… じつはおかねがなくて ⟦CTRL:0⟧  ちりょうだいが はらえないんです ⟦CTRL:0⟧  ごめんなさい……」	musume「okagede hahanosekigayamimashita /  ano…… jitsuhaokaneganakute /  chiryoudaiga haraenaindesu /  gomennasai……」	むすめ「おかげで ははのせきがやみました あの…… じつはおかねがなくて ちりょうだいが はらえないんです ごめんなさい……」	Girl: Her cough is gone.{CTRL:1}But... we have no money.{CTRL:0}I cannot pay your fee.{CTRL:0}I am sorry...	Girl: Her cough is gone. ⟦CTRL:1⟧ But... we have no money. ⟦CTRL:0⟧ I cannot pay your fee. ⟦CTRL:0⟧ I am sorry...	1,0,0	1,0,0	yes	hiragana:51; katakana:0; kanji:0; Latin:0; digits:0; phonetic hiragana orthography		むすめ → 娘 | はは → 母	ellipsis carries timing/hesitation tone	low		
698	TT4	TT4/g2/r24	scenario	group 2 @ 0xB8B9; record 24	group-compressed	むすめ「おかげで ははのせきがやみました{CTRL:1} あの……じつはおかねがなくて{CTRL:0} ちりょうだいが はらえないんです{CTRL:6} そのかわり さっきいただいたおりーぶで{CTRL:4} おいるをつくりました これをどうぞ……」{CTRL:3}おりーぶおいるを うけとった	むすめ「おかげで ははのせきがやみました ⟦CTRL:1⟧  あの……じつはおかねがなくて ⟦CTRL:0⟧  ちりょうだいが はらえないんです ⟦CTRL:6⟧  そのかわり さっきいただいたおりーぶで ⟦CTRL:4⟧  おいるをつくりました これをどうぞ……」 ⟦CTRL:3⟧ おりーぶおいるを うけとった	musume「okagede hahanosekigayamimashita /  ano……jitsuhaokaneganakute /  chiryoudaiga haraenaindesu /  sonokawari sakkiitadaitaoriibude /  oiruotsukurimashita koreodouzo……」 / oriibuoiruo uketotta	むすめ「おかげで ははのせきがやみました あの……じつはおかねがなくて ちりょうだいが はらえないんです そのかわり さっきいただいたおりーぶで おいるをつくりました これをどうぞ……」おりーぶおいるを うけとった	Girl: Her cough is gone.{CTRL:1}But we have no money.{CTRL:0}I cannot pay you.{CTRL:6}I pressed the olives.{CTRL:4}Please take this oil.{CTRL:3}Got olive oil.	Girl: Her cough is gone. ⟦CTRL:1⟧ But we have no money. ⟦CTRL:0⟧ I cannot pay you. ⟦CTRL:6⟧ I pressed the olives. ⟦CTRL:4⟧ Please take this oil. ⟦CTRL:3⟧ Got olive oil.	1,0,6,4,3	1,0,6,4,3	yes	hiragana:90; katakana:2; kanji:0; Latin:0; digits:0	ぞ: forceful assertion or command emphasis	むすめ → 娘 | はは → 母	ellipsis carries timing/hesitation tone	medium		
699	TT4	TT4/g2/r25	scenario	group 2 @ 0xB8B9; record 25	group-compressed	ははおや「せきが…とまらなくて…ごほごほ…／」	ははおや「せきが…とまらなくて…ごほごほ…／」	hahaoya「sekiga…tomaranakute…gohogoho…／」	ははおや「せきが…とまらなくて…ごほごほ…／」	Mother: Cough... cough!	Mother: Cough... cough!			yes	hiragana:17; katakana:0; kanji:0; Latin:0; digits:0; phonetic hiragana orthography		Source suppresses normal kanji/katakana distinctions; restore only with context	ellipsis carries timing/hesitation tone	medium		
700	TT4	TT4/g2/r26	scenario	group 2 @ 0xB8B9; record 26	group-compressed	ははおや「ずいぶん らくになりました」	ははおや「ずいぶん らくになりました」	hahaoya「zuibun rakuninarimashita」	ははおや「ずいぶん らくになりました」	Mother: I feel better.	Mother: I feel better.			yes	hiragana:16; katakana:0; kanji:0; Latin:0; digits:0; phonetic hiragana orthography		Source suppresses normal kanji/katakana distinctions; restore only with context		medium		
701	TT4	TT4/g2/r27	scenario	group 2 @ 0xB8B9; record 27	group-compressed	おれ「これを のませなさい」{CTRL:0}むすめ「ありがとうございました」	おれ「これを のませなさい」 ⟦CTRL:0⟧ むすめ「ありがとうございました」	ore「koreo nomasenasai」 / musume「arigatougozaimashita」	おれ「これを のませなさい」むすめ「ありがとうございました」	Me: Have her drink this.{CTRL:0}Girl: Thank you.	Me: Have her drink this. ⟦CTRL:0⟧ Girl: Thank you.	0	0	yes	hiragana:25; katakana:0; kanji:0; Latin:0; digits:0; phonetic hiragana orthography	おれ: plain-to-rough masculine first person	むすめ → 娘		medium		
702	TT4	TT4/g2/r28	scenario	group 2 @ 0xB8B9; record 28	group-compressed	おれ「これを のませなさい」{CTRL:0}むすめ「ほんとうに ありがとうございました」	おれ「これを のませなさい」 ⟦CTRL:0⟧ むすめ「ほんとうに ありがとうございました」	ore「koreo nomasenasai」 / musume「hontouni arigatougozaimashita」	おれ「これを のませなさい」むすめ「ほんとうに ありがとうございました」	Me: Have her drink this.{CTRL:0}Girl: Many thanks.	Me: Have her drink this. ⟦CTRL:0⟧ Girl: Many thanks.	0	0	yes	hiragana:30; katakana:0; kanji:0; Latin:0; digits:0; phonetic hiragana orthography	おれ: plain-to-rough masculine first person	ほんとう → 本当 | むすめ → 娘		medium		
703	TT4	TT4/g2/r29	scenario	group 2 @ 0xB8B9; record 29	group-compressed	むすめ「ごしんせつにどうも…」	むすめ「ごしんせつにどうも…」	musume「goshinsetsunidoumo…」	むすめ「ごしんせつにどうも…」	Girl: You are kind...	Girl: You are kind...			yes	hiragana:12; katakana:0; kanji:0; Latin:0; digits:0; phonetic hiragana orthography		むすめ → 娘	ellipsis carries timing/hesitation tone	low		
704	TT4	TT4/g2/r30	scenario	group 2 @ 0xB8B9; record 30	group-compressed	おとこ「せんせえ… きゅうに… いが きりきりと{CTRL:0} いたみだして… くく…／」	おとこ「せんせえ… きゅうに… いが きりきりと ⟦CTRL:0⟧  いたみだして… くく…／」	otoko「sensee… kyuuni… iga kirikirito /  itamidashite… kuku…／」	おとこ「せんせえ… きゅうに… いが きりきりと いたみだして… くく…／」	Man: Doctor... my gut{CTRL:0}suddenly hurts... ugh!	Man: Doctor... my gut ⟦CTRL:0⟧ suddenly hurts... ugh!	0	0	yes	hiragana:26; katakana:0; kanji:0; Latin:0; digits:0; phonetic hiragana orthography		おとこ → 男	ellipsis carries timing/hesitation tone	low		
705	TT4	TT4/g2/r31	scenario	group 2 @ 0xB8B9; record 31	group-compressed	まっさおなかおに あぶらあせがにじんでいる{CTRL:0}おそらく しょくあたりだろう	まっさおなかおに あぶらあせがにじんでいる ⟦CTRL:0⟧ おそらく しょくあたりだろう	massaonakaoni aburaaseganijindeiru / osoraku shokuataridarou	まっさおなかおに あぶらあせがにじんでいるおそらく しょくあたりだろう	He is pale and sweating.{CTRL:0}Probably food poisoning.	He is pale and sweating. ⟦CTRL:0⟧ Probably food poisoning.	0	0	yes	hiragana:33; katakana:0; kanji:0; Latin:0; digits:0; phonetic hiragana orthography		Source suppresses normal kanji/katakana distinctions; restore only with context		medium		
706	TT4	TT4/g3/r0	scenario	group 3 @ 0xBBD3; record 0	group-compressed	だいぶ おちついたようだ	だいぶ おちついたようだ	daibu ochitsuitayouda	だいぶ おちついたようだ	He seems much calmer.	He seems much calmer.			yes	hiragana:11; katakana:0; kanji:0; Latin:0; digits:0; phonetic hiragana orthography		Source suppresses normal kanji/katakana distinctions; restore only with context		medium		
707	TT4	TT4/g3/r1	scenario	group 3 @ 0xBBD3; record 1	group-compressed	おとこ「うぐぐぐ…」	おとこ「うぐぐぐ…」	otoko「ugugugu…」	おとこ「うぐぐぐ…」	Man: Ugggh...	Man: Ugggh...			yes	hiragana:7; katakana:0; kanji:0; Latin:0; digits:0; phonetic hiragana orthography		おとこ → 男	ellipsis carries timing/hesitation tone	low		
708	TT4	TT4/g3/r2	scenario	group 3 @ 0xBBD3; record 2	group-compressed	おとこ「どうにか おさまったみてえだ{CTRL:1} ありがとう せんせえ」	おとこ「どうにか おさまったみてえだ ⟦CTRL:1⟧  ありがとう せんせえ」	otoko「dounika osamattamiteeda /  arigatou sensee」	おとこ「どうにか おさまったみてえだ ありがとう せんせえ」	Man: It finally settled.{CTRL:1}Thank you, Doctor.	Man: It finally settled. ⟦CTRL:1⟧ Thank you, Doctor.	1	1	yes	hiragana:25; katakana:0; kanji:0; Latin:0; digits:0; phonetic hiragana orthography		おとこ → 男		low		
709	TT4	TT4/g3/r3	scenario	group 3 @ 0xBBD3; record 3	group-compressed	おとこ「みんしゅしゅぎなんぞより{CTRL:0} おれは かみさまをしんじるね」	おとこ「みんしゅしゅぎなんぞより ⟦CTRL:0⟧  おれは かみさまをしんじるね」	otoko「minshushuginanzoyori /  oreha kamisamaoshinjirune」	おとこ「みんしゅしゅぎなんぞより おれは かみさまをしんじるね」	Man: Forget democracy.{CTRL:0}I believe in the gods.	Man: Forget democracy. ⟦CTRL:0⟧ I believe in the gods.	0	0	yes	hiragana:28; katakana:0; kanji:0; Latin:0; digits:0; phonetic hiragana orthography	おれ: plain-to-rough masculine first person | さま: -sama: high respect, worship, status, or irony	かみさま → 神様 | おとこ → 男		medium		
710	TT4	TT4/g3/r4	scenario	group 3 @ 0xBBD3; record 4	group-compressed	おれ「これを のみなさい」{CTRL:0}おとこ「うぐぐぐ…」	おれ「これを のみなさい」 ⟦CTRL:0⟧ おとこ「うぐぐぐ…」	ore「koreo nominasai」 / otoko「ugugugu…」	おれ「これを のみなさい」おとこ「うぐぐぐ…」	Me: Drink this.{CTRL:0}Man: Ugggh...	Me: Drink this. ⟦CTRL:0⟧ Man: Ugggh...	0	0	yes	hiragana:17; katakana:0; kanji:0; Latin:0; digits:0; phonetic hiragana orthography	おれ: plain-to-rough masculine first person	おとこ → 男	ellipsis carries timing/hesitation tone	medium		
711	TT4	TT4/g3/r5	scenario	group 3 @ 0xBBD3; record 5	group-compressed	おれ「これを のみなさい」{CTRL:0}おとこ「…ありがとう」	おれ「これを のみなさい」 ⟦CTRL:0⟧ おとこ「…ありがとう」	ore「koreo nominasai」 / otoko「…arigatou」	おれ「これを のみなさい」おとこ「…ありがとう」	Me: Drink this.{CTRL:0}Man: ... Thank you.	Me: Drink this. ⟦CTRL:0⟧ Man: ... Thank you.	0	0	yes	hiragana:18; katakana:0; kanji:0; Latin:0; digits:0; phonetic hiragana orthography	おれ: plain-to-rough masculine first person	おとこ → 男	ellipsis carries timing/hesitation tone	medium		
712	TT4	TT4/g3/r6	scenario	group 3 @ 0xBBD3; record 6	group-compressed	おとこ「わるいねえ せんせえ」	おとこ「わるいねえ せんせえ」	otoko「waruinee sensee」	おとこ「わるいねえ せんせえ」	Man: Much obliged, Doc.	Man: Much obliged, Doc.			yes	hiragana:12; katakana:0; kanji:0; Latin:0; digits:0; phonetic hiragana orthography		おとこ → 男		low		
713	TT4	TT4/g3/r7	scenario	group 3 @ 0xBBD3; record 7	group-compressed	ごきぶりやねずみが ちょろちょろと{CTRL:0}はいまわっている	ごきぶりやねずみが ちょろちょろと ⟦CTRL:0⟧ はいまわっている	gokiburiyanezumiga chorochoroto / haimawatteiru	ごきぶりやねずみが ちょろちょろとはいまわっている	Roaches and rats scurry{CTRL:0}all around.	Roaches and rats scurry ⟦CTRL:0⟧ all around.	0	0	yes	hiragana:24; katakana:0; kanji:0; Latin:0; digits:0; phonetic hiragana orthography		Source suppresses normal kanji/katakana distinctions; restore only with context		medium		
714	TT4	TT4/g3/r8	scenario	group 3 @ 0xBBD3; record 8	group-compressed	「つきのめがみ・あるてみす」	「つきのめがみ・あるてみす」	「tsukinomegami・arutemisu」	「つきのめがみ・あるてみす」	Artemis, moon goddess	Artemis, moon goddess			yes	hiragana:11; katakana:1; kanji:0; Latin:0; digits:0		Source suppresses normal kanji/katakana distinctions; restore only with context		medium		
715	TT4	TT4/g3/r9	scenario	group 3 @ 0xBBD3; record 9	group-compressed	"あるてみす「なーに！」{CTRL:1}おれ「あの…… ""よみのくに"" へ{CTRL:0} いきたいんですが……」{CTRL:6}あるてみす「わたしじゃ わかんない」"	"あるてみす「なーに！」 ⟦CTRL:1⟧ おれ「あの…… ""よみのくに"" へ ⟦CTRL:0⟧  いきたいんですが……」 ⟦CTRL:6⟧ あるてみす「わたしじゃ わかんない」"	"arutemisu「naani！」 / ore「ano…… ""yominokuni"" he /  ikitaindesuga……」 / arutemisu「watashija wakannai」"	"あるてみす「なーに！」おれ「あの…… ""よみのくに"" へ いきたいんですが……」あるてみす「わたしじゃ わかんない」"	Artemis: Whaaat?{CTRL:1}Me: I want to enter{CTRL:0}the underworld...{CTRL:6}Artemis: I do not know.	Artemis: Whaaat? ⟦CTRL:1⟧ Me: I want to enter ⟦CTRL:0⟧ the underworld... ⟦CTRL:6⟧ Artemis: I do not know.	1,0,6	1,0,6	yes	hiragana:40; katakana:1; kanji:0; Latin:0; digits:0	おれ: plain-to-rough masculine first person | じゃ: old-person/western-style copula; context decides voice versus region	Source suppresses normal kanji/katakana distinctions; restore only with context	ellipsis carries timing/hesitation tone	high		
716	TT4	TT4/g3/r10	scenario	group 3 @ 0xBBD3; record 10	group-compressed	おりーぶのきが わさわさとはえている	おりーぶのきが わさわさとはえている	oriibunokiga wasawasatohaeteiru	おりーぶのきが わさわさとはえている	Olive trees grow here.	Olive trees grow here.			yes	hiragana:16; katakana:1; kanji:0; Latin:0; digits:0		Source suppresses normal kanji/katakana distinctions; restore only with context		medium		
717	TT4	TT4/g3/r11	scenario	group 3 @ 0xBBD3; record 11	group-compressed	そこらじゅうに おりーぶのみが{CTRL:0}おちている	そこらじゅうに おりーぶのみが ⟦CTRL:0⟧ おちている	sokorajuuni oriibunomiga / ochiteiru	そこらじゅうに おりーぶのみがおちている	Olives lie scattered{CTRL:0}everywhere.	Olives lie scattered ⟦CTRL:0⟧ everywhere.	0	0	yes	hiragana:18; katakana:1; kanji:0; Latin:0; digits:0		Source suppresses normal kanji/katakana distinctions; restore only with context		medium		
718	TT4	TT4/g3/r12	scenario	group 3 @ 0xBBD3; record 12	group-compressed	「ししゃのかみ・はです」	「ししゃのかみ・はです」	「shishanokami・hadesu」	「ししゃのかみ・はです」	Hades, god of the dead	Hades, god of the dead			yes	hiragana:9; katakana:1; kanji:0; Latin:0; digits:0	です/ます: polite register	Source suppresses normal kanji/katakana distinctions; restore only with context		medium		
719	TT4	TT4/g3/r13	scenario	group 3 @ 0xBBD3; record 13	group-compressed	みぎあしからひとすじ ちがながれている	みぎあしからひとすじ ちがながれている	migiashikarahitosuji chiganagareteiru	みぎあしからひとすじ ちがながれている	Blood runs from his leg.	Blood runs from his leg.			yes	hiragana:18; katakana:0; kanji:0; Latin:0; digits:0; phonetic hiragana orthography		Source suppresses normal kanji/katakana distinctions; restore only with context		medium		
720	TT4	TT4/g3/r14	scenario	group 3 @ 0xBBD3; record 14	group-compressed	がんこそうなかおだな	がんこそうなかおだな	gankosounakaodana	がんこそうなかおだな	He looks stubborn.	He looks stubborn.			yes	hiragana:10; katakana:0; kanji:0; Latin:0; digits:0; phonetic hiragana orthography		Source suppresses normal kanji/katakana distinctions; restore only with context		medium		
721	TT4	TT4/g3/r15	scenario	group 3 @ 0xBBD3; record 15	group-compressed	みどりいろの ちいさなかじつだ	みどりいろの ちいさなかじつだ	midoriirono chiisanakajitsuda	みどりいろの ちいさなかじつだ	A small green fruit.	A small green fruit.			yes	hiragana:14; katakana:0; kanji:0; Latin:0; digits:0; phonetic hiragana orthography		Source suppresses normal kanji/katakana distinctions; restore only with context		medium		
722	TT4	TT4/g3/r16	scenario	group 3 @ 0xBBD3; record 16	group-compressed	どこかで みたことがある	どこかで みたことがある	dokokade mitakotogaaru	どこかで みたことがある	It looks familiar.	It looks familiar.			yes	hiragana:11; katakana:0; kanji:0; Latin:0; digits:0; phonetic hiragana orthography		Source suppresses normal kanji/katakana distinctions; restore only with context		medium		
723	TT4	TT4/g3/r17	scenario	group 3 @ 0xBBD3; record 17	group-compressed	へいし「せっしゃは ほこりたかき{CTRL:0} すぱるたのへいし{CTRL:2} あてねじんのような なんじゃくもの{CTRL:0} ではない／」	へいし「せっしゃは ほこりたかき ⟦CTRL:0⟧  すぱるたのへいし ⟦CTRL:2⟧  あてねじんのような なんじゃくもの ⟦CTRL:0⟧  ではない／」	heishi「sesshaha hokoritakaki /  suparutanoheishi /  atenejinnoyouna nanjakumono /  dehanai／」	へいし「せっしゃは ほこりたかき すぱるたのへいし あてねじんのような なんじゃくもの ではない／」	Soldier: I am a proud{CTRL:0}Spartan warrior!{CTRL:2}Not some weak Athenian{CTRL:0}coward!	Soldier: I am a proud ⟦CTRL:0⟧ Spartan warrior! ⟦CTRL:2⟧ Not some weak Athenian ⟦CTRL:0⟧ coward!	0,2,0	0,2,0	yes	hiragana:42; katakana:0; kanji:0; Latin:0; digits:0; phonetic hiragana orthography	じゃ: old-person/western-style copula; context decides voice versus region	へいし → 兵士		medium		
724	TT4	TT4/g3/r18	scenario	group 3 @ 0xBBD3; record 18	group-compressed	へいし「…じつはその… たたかいで あしを{CTRL:0} ふしょうしている…… うう…／」{CTRL:2}かんぶがただれて うみがでている	へいし「…じつはその… たたかいで あしを ⟦CTRL:0⟧  ふしょうしている…… うう…／」 ⟦CTRL:2⟧ かんぶがただれて うみがでている	heishi「…jitsuhasono… tatakaide ashio /  fushoushiteiru…… uu…／」 / kanbugatadarete umigadeteiru	へいし「…じつはその… たたかいで あしを ふしょうしている…… うう…／」かんぶがただれて うみがでている	Soldier: Well... I hurt{CTRL:0}my leg in battle... ugh!{CTRL:2}The wound oozes pus.	Soldier: Well... I hurt ⟦CTRL:0⟧ my leg in battle... ugh! ⟦CTRL:2⟧ The wound oozes pus.	0,2	0,2	yes	hiragana:41; katakana:0; kanji:0; Latin:0; digits:0; phonetic hiragana orthography		へいし → 兵士	ellipsis carries timing/hesitation tone	low		
725	TT4	TT4/g3/r19	scenario	group 3 @ 0xBBD3; record 19	group-compressed	"へいし「だいぶ いたみがひいた……{CTRL:0} おれいといってはなんだが せんちで{CTRL:0} てにいれた これをうけとってくれ」{CTRL:6}ふところから ちいさなすずをとりだした{CTRL:3}へいし「えじぷとの ふぁらおが{CTRL:4} まよけにつかったという いいつたえの{CTRL:4} ""いましめのすず"" だ」"	"へいし「だいぶ いたみがひいた…… ⟦CTRL:0⟧  おれいといってはなんだが せんちで ⟦CTRL:0⟧  てにいれた これをうけとってくれ」 ⟦CTRL:6⟧ ふところから ちいさなすずをとりだした ⟦CTRL:3⟧ へいし「えじぷとの ふぁらおが ⟦CTRL:4⟧  まよけにつかったという いいつたえの ⟦CTRL:4⟧  ""いましめのすず"" だ」"	"heishi「daibu itamigahiita…… /  oreitoittehanandaga senchide /  teniireta koreouketottekure」 / futokorokara chiisanasuzuotoridashita / heishi「ejiputono faraoga /  mayokenitsukattatoiu iitsutaeno /  ""imashimenosuzu"" da」"	"へいし「だいぶ いたみがひいた…… おれいといってはなんだが せんちで てにいれた これをうけとってくれ」ふところから ちいさなすずをとりだしたへいし「えじぷとの ふぁらおが まよけにつかったという いいつたえの ""いましめのすず"" だ」"	Soldier: Less pain now.{CTRL:0}Take this as thanks.{CTRL:0}I won it in battle.{CTRL:6}He shows a small bell.{CTRL:3}Soldier: A pharaoh{CTRL:4}used it against evil.{CTRL:4}The Binding Bell.	Soldier: Less pain now. ⟦CTRL:0⟧ Take this as thanks. ⟦CTRL:0⟧ I won it in battle. ⟦CTRL:6⟧ He shows a small bell. ⟦CTRL:3⟧ Soldier: A pharaoh ⟦CTRL:4⟧ used it against evil. ⟦CTRL:4⟧ The Binding Bell.	0,0,6,3,4,4	0,0,6,3,4,4	yes	hiragana:100; katakana:0; kanji:0; Latin:0; digits:0; phonetic hiragana orthography	おれ: plain-to-rough masculine first person	へいし → 兵士	ellipsis carries timing/hesitation tone	medium		
726	TT4	TT4/g3/r20	scenario	group 3 @ 0xBBD3; record 20	group-compressed	すずを うけとった	すずを うけとった	suzuo uketotta	すずを うけとった	Received the bell.	Received the bell.			yes	hiragana:8; katakana:0; kanji:0; Latin:0; digits:0; phonetic hiragana orthography		Source suppresses normal kanji/katakana distinctions; restore only with context		medium		
727	TT4	TT4/g3/r21	scenario	group 3 @ 0xBBD3; record 21	group-compressed	へいし「ぎりしゃのじだいは おわった……{CTRL:1} やがてせかいのはけんは まけどにあに{CTRL:0} とってかわることだろう」	へいし「ぎりしゃのじだいは おわった…… ⟦CTRL:1⟧  やがてせかいのはけんは まけどにあに ⟦CTRL:0⟧  とってかわることだろう」	heishi「girishanojidaiha owatta…… /  yagatesekainohakenha makedoniani /  tottekawarukotodarou」	へいし「ぎりしゃのじだいは おわった…… やがてせかいのはけんは まけどにあに とってかわることだろう」	Greece's age is over...{CTRL:1}Macedonia will soon take{CTRL:0}the world's supremacy.	Greece's age is over... ⟦CTRL:1⟧ Macedonia will soon take ⟦CTRL:0⟧ the world's supremacy.	1,0	1,0	yes	hiragana:44; katakana:0; kanji:0; Latin:0; digits:0; phonetic hiragana orthography		じだい → 時代 | せかい → 世界 | へいし → 兵士	ellipsis carries timing/hesitation tone	low		
728	TT4	TT4/g3/r22	scenario	group 3 @ 0xBBD3; record 22	group-compressed	はです「ちえのかみにきいて でなおしてこい」	はです「ちえのかみにきいて でなおしてこい」	hadesu「chienokaminikiite denaoshitekoi」	はです「ちえのかみにきいて でなおしてこい」	Hades: Ask Athena first.	Hades: Ask Athena first.			yes	hiragana:19; katakana:0; kanji:0; Latin:0; digits:0; phonetic hiragana orthography		Source suppresses normal kanji/katakana distinctions; restore only with context		medium		
729	TT4	TT4/g3/r23	scenario	group 3 @ 0xBBD3; record 23	group-compressed	はです「よくわかったな{CTRL:0} わたしが よみのくにのまもりがみ・はですだ{CTRL:2} まあしょうがない とくべつにきょかしよう」	はです「よくわかったな ⟦CTRL:0⟧  わたしが よみのくにのまもりがみ・はですだ ⟦CTRL:2⟧  まあしょうがない とくべつにきょかしよう」	hadesu「yokuwakattana /  watashiga yominokuninomamorigami・hadesuda /  maashouganai tokubetsunikyokashiyou」	はです「よくわかったな わたしが よみのくにのまもりがみ・はですだ まあしょうがない とくべつにきょかしよう」	Hades: You know me.{CTRL:0}I guard the underworld.{CTRL:2}Fine. You may enter.	Hades: You know me. ⟦CTRL:0⟧ I guard the underworld. ⟦CTRL:2⟧ Fine. You may enter.	0,2	0,2	yes	hiragana:48; katakana:1; kanji:0; Latin:0; digits:0		Source suppresses normal kanji/katakana distinctions; restore only with context		medium		
730	TT4	TT4/g3/r24	scenario	group 3 @ 0xBBD3; record 24	group-compressed	へいし「け… けがなど しておらぬわ／」	へいし「け… けがなど しておらぬわ／」	heishi「ke… keganado shiteoranuwa／」	へいし「け… けがなど しておらぬわ／」	Soldier: I-I'm unhurt!	Soldier: I-I'm unhurt!			yes	hiragana:14; katakana:0; kanji:0; Latin:0; digits:0; phonetic hiragana orthography		へいし → 兵士	ellipsis carries timing/hesitation tone	low		
731	TT4	TT4/g3/r25	scenario	group 3 @ 0xBBD3; record 25	group-compressed	おれ「これを あしにぬりなさい」{CTRL:0}へいし「いたたたた……」	おれ「これを あしにぬりなさい」 ⟦CTRL:0⟧ へいし「いたたたた……」	ore「koreo ashininurinasai」 / heishi「itatatata……」	おれ「これを あしにぬりなさい」へいし「いたたたた……」	Me: Use this on the leg.{CTRL:0}Soldier: Owwww...	Me: Use this on the leg. ⟦CTRL:0⟧ Soldier: Owwww...	0	0	yes	hiragana:21; katakana:0; kanji:0; Latin:0; digits:0; phonetic hiragana orthography	おれ: plain-to-rough masculine first person	へいし → 兵士	ellipsis carries timing/hesitation tone	medium		
732	TT4	TT4/g3/r26	scenario	group 3 @ 0xBBD3; record 26	group-compressed	おれ「これを あしにぬりなさい」{CTRL:0}へいし「まことに かたじけない」	おれ「これを あしにぬりなさい」 ⟦CTRL:0⟧ へいし「まことに かたじけない」	ore「koreo ashininurinasai」 / heishi「makotoni katajikenai」	おれ「これを あしにぬりなさい」へいし「まことに かたじけない」	Me: Use this on the leg.{CTRL:0}Soldier: My thanks.	Me: Use this on the leg. ⟦CTRL:0⟧ Soldier: My thanks.	0	0	yes	hiragana:26; katakana:0; kanji:0; Latin:0; digits:0; phonetic hiragana orthography	おれ: plain-to-rough masculine first person	へいし → 兵士		medium		
733	TT4	TT4/g3/r27	scenario	group 3 @ 0xBBD3; record 27	group-compressed	へいし「ほどこしは うけん／」	へいし「ほどこしは うけん／」	heishi「hodokoshiha uken／」	へいし「ほどこしは うけん／」	Soldier: No charity!	Soldier: No charity!			yes	hiragana:11; katakana:0; kanji:0; Latin:0; digits:0; phonetic hiragana orthography		へいし → 兵士		low		
734	TT4	TT4/g3/r28	scenario	group 3 @ 0xBBD3; record 28	group-compressed	やりをふりまわすと……{CTRL:1}おりーぶのみが おちてきた	やりをふりまわすと…… ⟦CTRL:1⟧ おりーぶのみが おちてきた	yariofurimawasuto…… / oriibunomiga ochitekita	やりをふりまわすと……おりーぶのみが おちてきた	I swing the spear...{CTRL:1}Olives tumble down.	I swing the spear... ⟦CTRL:1⟧ Olives tumble down.	1	1	yes	hiragana:20; katakana:1; kanji:0; Latin:0; digits:0		Source suppresses normal kanji/katakana distinctions; restore only with context	ellipsis carries timing/hesitation tone	medium		
735	TT4	TT4/g3/r29	scenario	group 3 @ 0xBBD3; record 29	group-compressed	てが とどかない	てが とどかない	tega todokanai	てが とどかない	I cannot reach them.	I cannot reach them.			yes	hiragana:7; katakana:0; kanji:0; Latin:0; digits:0; phonetic hiragana orthography		Source suppresses normal kanji/katakana distinctions; restore only with context		medium		
736	TT4	TT4/g3/r30	scenario	group 3 @ 0xBBD3; record 30	group-compressed	てあたりしだいに ふくろへつめこんだ	てあたりしだいに ふくろへつめこんだ	teatarishidaini fukurohetsumekonda	てあたりしだいに ふくろへつめこんだ	I cram them in the bag.	I cram them in the bag.			yes	hiragana:17; katakana:0; kanji:0; Latin:0; digits:0; phonetic hiragana orthography		Source suppresses normal kanji/katakana distinctions; restore only with context		medium		
737	TT4	TT4/g3/r31	scenario	group 3 @ 0xBBD3; record 31	group-compressed	もう ふくろにはいらない	もう ふくろにはいらない	mou fukuronihairanai	もう ふくろにはいらない	The bag is already full.	The bag is already full.			yes	hiragana:11; katakana:0; kanji:0; Latin:0; digits:0; phonetic hiragana orthography		Source suppresses normal kanji/katakana distinctions; restore only with context		medium		
738	TT4	TT4/g4/r0	scenario	group 4 @ 0xBEB5; record 0	group-compressed	へいし「や やめろ／ わっ／」	へいし「や やめろ／ わっ／」	heishi「ya yamero／ wa／」	へいし「や やめろ／ わっ／」	Soldier: S-stop! Whoa!	Soldier: S-stop! Whoa!			yes	hiragana:9; katakana:0; kanji:0; Latin:0; digits:0; phonetic hiragana orthography		へいし → 兵士		low		
739	TT4	TT4/g4/r1	scenario	group 4 @ 0xBEB5; record 1	group-compressed	へいし「ちょっとのあいだ だけだぞ」	へいし「ちょっとのあいだ だけだぞ」	heishi「chottonoaida dakedazo」	へいし「ちょっとのあいだ だけだぞ」	Soldier: Just briefly.	Soldier: Just briefly.			yes	hiragana:15; katakana:0; kanji:0; Latin:0; digits:0; phonetic hiragana orthography	ぞ: forceful assertion or command emphasis	へいし → 兵士		medium		
740	TT4	TT4/g4/r2	scenario	group 4 @ 0xBEB5; record 2	group-compressed	やめとこう	やめとこう	yametokou	やめとこう	Better not.	Better not.			yes	hiragana:5; katakana:0; kanji:0; Latin:0; digits:0; phonetic hiragana orthography		Source suppresses normal kanji/katakana distinctions; restore only with context		medium		
741	TT4	TT4/g4/r3	scenario	group 4 @ 0xBEB5; record 3	group-compressed	へいし「やりをかえせ／」	へいし「やりをかえせ／」	heishi「yariokaese／」	へいし「やりをかえせ／」	Soldier: My spear!	Soldier: My spear!			yes	hiragana:9; katakana:0; kanji:0; Latin:0; digits:0; phonetic hiragana orthography		へいし → 兵士		low		
742	TT4	TT4/g4/r4	scenario	group 4 @ 0xBEB5; record 4	group-compressed	"けるべろす「おす」{CTRL:0}おれ「こんにちは…」{CTRL:2}けるべろす「ここは ""よみのくに""{CTRL:6} いわゆる あのよのいりぐちだ……」{CTRL:3}おれ「あの…」{CTRL:4}けるべろす「はなしはきいている{CTRL:4} こどもをたすけたいのなら わがはいのといに{CTRL:4} こたえてみろ{CTRL:3} みごとあてたら かえしてやる」"	"けるべろす「おす」 ⟦CTRL:0⟧ おれ「こんにちは…」 ⟦CTRL:2⟧ けるべろす「ここは ""よみのくに"" ⟦CTRL:6⟧  いわゆる あのよのいりぐちだ……」 ⟦CTRL:3⟧ おれ「あの…」 ⟦CTRL:4⟧ けるべろす「はなしはきいている ⟦CTRL:4⟧  こどもをたすけたいのなら わがはいのといに ⟦CTRL:4⟧  こたえてみろ ⟦CTRL:3⟧  みごとあてたら かえしてやる」"	"keruberosu「osu」 / ore「konnichiha…」 / keruberosu「kokoha ""yominokuni"" /  iwayuru anoyonoiriguchida……」 / ore「ano…」 / keruberosu「hanashihakiiteiru /  kodomootasuketainonara wagahainotoini /  kotaetemiro /  migotoatetara kaeshiteyaru」"	"けるべろす「おす」おれ「こんにちは…」けるべろす「ここは ""よみのくに"" いわゆる あのよのいりぐちだ……」おれ「あの…」けるべろす「はなしはきいている こどもをたすけたいのなら わがはいのといに こたえてみろ みごとあてたら かえしてやる」"	Cerberus: Yo.{CTRL:0}Me: Hello...{CTRL:2}Cerberus: The underworld{CTRL:6}Gateway to the dead.{CTRL:3}Me: Um...{CTRL:4}Cerberus: Heard of it.{CTRL:4}To save him,{CTRL:4}answer my riddles.{CTRL:3}Win and he is free.	Cerberus: Yo. ⟦CTRL:0⟧ Me: Hello... ⟦CTRL:2⟧ Cerberus: The underworld ⟦CTRL:6⟧ Gateway to the dead. ⟦CTRL:3⟧ Me: Um... ⟦CTRL:4⟧ Cerberus: Heard of it. ⟦CTRL:4⟧ To save him, ⟦CTRL:4⟧ answer my riddles. ⟦CTRL:3⟧ Win and he is free.	0,2,6,3,4,4,4,3	0,2,6,3,4,4,4,3	yes	hiragana:97; katakana:0; kanji:0; Latin:0; digits:0; phonetic hiragana orthography	おれ: plain-to-rough masculine first person	こども → 子供 | はなし → 話	ellipsis carries timing/hesitation tone	medium		
743	TT4	TT4/g4/r5	scenario	group 4 @ 0xBEB5; record 5	group-compressed	けるべろす「5にんのせんだつに はなしを{CTRL:0} きいたら それぞれのなまえをあててみろ」	けるべろす「5にんのせんだつに はなしを ⟦CTRL:0⟧  きいたら それぞれのなまえをあててみろ」	keruberosu「5ninnosendatsuni hanashio /  kiitara sorezorenonamaeoatetemiro」	けるべろす「5にんのせんだつに はなしを きいたら それぞれのなまえをあててみろ」	Cerberus: Ask five sages{CTRL:0}then name every one.	Cerberus: Ask five sages ⟦CTRL:0⟧ then name every one.	0	0	yes	hiragana:35; katakana:0; kanji:0; Latin:0; digits:1; phonetic hiragana orthography		なまえ → 名前 | はなし → 話	source numerals ['5']; verify dates/counts and Japanese ordering	low		
744	TT4	TT4/g4/r6	scenario	group 4 @ 0xBEB5; record 6	group-compressed	けるべろす「よし ほんにんのまえで{CTRL:0} なまえをいってみろ」	けるべろす「よし ほんにんのまえで ⟦CTRL:0⟧  なまえをいってみろ」	keruberosu「yoshi honninnomaede /  namaeoittemiro」	けるべろす「よし ほんにんのまえで なまえをいってみろ」	Cerberus: Good. Now say{CTRL:0}each name to its owner.	Cerberus: Good. Now say ⟦CTRL:0⟧ each name to its owner.	0	0	yes	hiragana:24; katakana:0; kanji:0; Latin:0; digits:0; phonetic hiragana orthography		なまえ → 名前		low		
745	TT4	TT4/g4/r7	scenario	group 4 @ 0xBEB5; record 7	group-compressed	けるべろす「ざんねんだったな もういちど{CTRL:0} やりなおせ」	けるべろす「ざんねんだったな もういちど ⟦CTRL:0⟧  やりなおせ」	keruberosu「zannendattana mouichido /  yarinaose」	けるべろす「ざんねんだったな もういちど やりなおせ」	Cerberus: Too bad. Start{CTRL:0}over again.	Cerberus: Too bad. Start ⟦CTRL:0⟧ over again.	0	0	yes	hiragana:23; katakana:0; kanji:0; Latin:0; digits:0; phonetic hiragana orthography		Source suppresses normal kanji/katakana distinctions; restore only with context		medium		
746	TT4	TT4/g4/r8	scenario	group 4 @ 0xBEB5; record 8	group-compressed	「ぴたごらすは すうがくしゃで{CTRL:0} てつがくしゃのとなりには すわらない」	「ぴたごらすは すうがくしゃで ⟦CTRL:0⟧  てつがくしゃのとなりには すわらない」	「pitagorasuha suugakushade /  tetsugakushanotonariniha suwaranai」	「ぴたごらすは すうがくしゃで てつがくしゃのとなりには すわらない」	Pythagoras studies math.{CTRL:0}He shuns philosophers.	Pythagoras studies math. ⟦CTRL:0⟧ He shuns philosophers.	0	0	yes	hiragana:30; katakana:0; kanji:0; Latin:0; digits:0; phonetic hiragana orthography		Source suppresses normal kanji/katakana distinctions; restore only with context		medium		
747	TT4	TT4/g4/r9	scenario	group 4 @ 0xBEB5; record 9	group-compressed	「わたしはへろどとすでもないし ぷらとん{CTRL:0} でもない となりのれきしかにきいてみろ」	「わたしはへろどとすでもないし ぷらとん ⟦CTRL:0⟧  でもない となりのれきしかにきいてみろ」	「watashihaherodotosudemonaishi puraton /  demonai tonarinorekishikanikiitemiro」	「わたしはへろどとすでもないし ぷらとん でもない となりのれきしかにきいてみろ」	I am not Herodotus or{CTRL:0}Plato. Ask a historian.	I am not Herodotus or ⟦CTRL:0⟧ Plato. Ask a historian.	0	0	yes	hiragana:36; katakana:0; kanji:0; Latin:0; digits:0; phonetic hiragana orthography		れきし → 歴史		low		
748	TT4	TT4/g4/r10	scenario	group 4 @ 0xBEB5; record 10	group-compressed	「あしをくんでいるしじんは ぷらとんと{CTRL:0} なかがわるい」	「あしをくんでいるしじんは ぷらとんと ⟦CTRL:0⟧  なかがわるい」	「ashiokundeirushijinha puratonto /  nakagawarui」	「あしをくんでいるしじんは ぷらとんと なかがわるい」	The cross-legged poet is{CTRL:0}on bad terms with Plato.	The cross-legged poet is ⟦CTRL:0⟧ on bad terms with Plato.	0	0	yes	hiragana:23; katakana:0; kanji:0; Latin:0; digits:0; phonetic hiragana orthography		Source suppresses normal kanji/katakana distinctions; restore only with context		medium		
749	TT4	TT4/g4/r11	scenario	group 4 @ 0xBEB5; record 11	group-compressed	「ほめろすと へろどとすの どちらかが{CTRL:0} れきしかで はじにすわるおとこのなまえは{CTRL:0} 4もじだ」	「ほめろすと へろどとすの どちらかが ⟦CTRL:0⟧  れきしかで はじにすわるおとこのなまえは ⟦CTRL:0⟧  4もじだ」	「homerosuto herodotosuno dochirakaga /  rekishikade hajinisuwaruotokononamaeha /  4mojida」	「ほめろすと へろどとすの どちらかが れきしかで はじにすわるおとこのなまえは 4もじだ」	Homer or Herodotus is{CTRL:0}a historian. The man at{CTRL:0}the end has 4 letters	Homer or Herodotus is ⟦CTRL:0⟧ a historian. The man at ⟦CTRL:0⟧ the end has 4 letters	0,0	0,0	yes	hiragana:38; katakana:0; kanji:0; Latin:0; digits:1; phonetic hiragana orthography		れきし → 歴史 | おとこ → 男 | なまえ → 名前	source numerals ['4']; verify dates/counts and Japanese ordering	low		
750	TT4	TT4/g4/r12	scenario	group 4 @ 0xBEB5; record 12	group-compressed	「てつがくしゃは けっしてしょうめんを{CTRL:0} むかないと そくらてすがいっていた」	「てつがくしゃは けっしてしょうめんを ⟦CTRL:0⟧  むかないと そくらてすがいっていた」	「tetsugakushaha kesshiteshoumeno /  mukanaito sokuratesugaitteita」	「てつがくしゃは けっしてしょうめんを むかないと そくらてすがいっていた」	Socrates says a thinker{CTRL:0}never looks straight on.	Socrates says a thinker ⟦CTRL:0⟧ never looks straight on.	0	0	yes	hiragana:33; katakana:0; kanji:0; Latin:0; digits:0; phonetic hiragana orthography		Source suppresses normal kanji/katakana distinctions; restore only with context		medium		
751	TT4	TT4/g4/r13	scenario	group 4 @ 0xBEB5; record 13	group-compressed	けるべろす「まぐれか… うんがよかったな{CTRL:0} のぞみどおり こどもはかえしてやる{CTRL:0} あがってこい」	けるべろす「まぐれか… うんがよかったな ⟦CTRL:0⟧  のぞみどおり こどもはかえしてやる ⟦CTRL:0⟧  あがってこい」	keruberosu「magureka… ungayokattana /  nozomidoori kodomohakaeshiteyaru /  agattekoi」	けるべろす「まぐれか… うんがよかったな のぞみどおり こどもはかえしてやる あがってこい」	Cerberus: Lucky guess...{CTRL:0}fine, the child is free.{CTRL:0}Come back up.	Cerberus: Lucky guess... ⟦CTRL:0⟧ fine, the child is free. ⟦CTRL:0⟧ Come back up.	0,0	0,0	yes	hiragana:39; katakana:0; kanji:0; Latin:0; digits:0; phonetic hiragana orthography		こども → 子供	ellipsis carries timing/hesitation tone	low		
752	TT4	TT4/g4/r14	scenario	group 4 @ 0xBEB5; record 14	group-compressed	よかった…… これでどうにか……{CTRL:0}{CTRL:2}……「まて」{CTRL:6}いやなよかん……／	よかった…… これでどうにか…… ⟦CTRL:0⟧  ⟦CTRL:2⟧ ……「まて」 ⟦CTRL:6⟧ いやなよかん……／	yokatta…… korededounika…… /  / ……「mate」 / iyanayokan……／	よかった…… これでどうにか…………「まて」いやなよかん……／	Good... we made it...{CTRL:0}{CTRL:2}... wait.{CTRL:6}I have a bad feeling!	Good... we made it... ⟦CTRL:0⟧  ⟦CTRL:2⟧ ... wait. ⟦CTRL:6⟧ I have a bad feeling!	0,2,6	0,2,6	yes	hiragana:19; katakana:0; kanji:0; Latin:0; digits:0; phonetic hiragana orthography		Source suppresses normal kanji/katakana distinctions; restore only with context	ellipsis carries timing/hesitation tone	medium		
753	TT4	TT4/g4/r15	scenario	group 4 @ 0xBEB5; record 15	group-compressed	あくま「この くそがきが……{CTRL:1} つまらぬていこうをするから こんなところまで{CTRL:0} くるはめになったのだ{CTRL:6} もういちど ちゃんすをやる{CTRL:4} たましいのけいやくを うけろ／{CTRL:3} そうすれば このよは わしとおまえのものだ{CTRL:3} さあ こっちへこい／」	あくま「この くそがきが…… ⟦CTRL:1⟧  つまらぬていこうをするから こんなところまで ⟦CTRL:0⟧  くるはめになったのだ ⟦CTRL:6⟧  もういちど ちゃんすをやる ⟦CTRL:4⟧  たましいのけいやくを うけろ／ ⟦CTRL:3⟧  そうすれば このよは わしとおまえのものだ ⟦CTRL:3⟧  さあ こっちへこい／」	akuma「kono kusogakiga…… /  tsumaranuteikouosurukara konnatokoromade /  kuruhameninattanoda /  mouichido chansuoyaru /  tamashiinokeiyakuo ukero／ /  sousureba konoyoha washitoomaenomonoda /  saa kotchihekoi／」	あくま「この くそがきが…… つまらぬていこうをするから こんなところまで くるはめになったのだ もういちど ちゃんすをやる たましいのけいやくを うけろ／ そうすれば このよは わしとおまえのものだ さあ こっちへこい／」	Devil: Brat...{CTRL:1}you resisted, so{CTRL:0}I came this far.{CTRL:6}One more chance.{CTRL:4}Accept my soul pact!{CTRL:3}Then the world is ours.{CTRL:3}Come to me!	Devil: Brat... ⟦CTRL:1⟧ you resisted, so ⟦CTRL:0⟧ I came this far. ⟦CTRL:6⟧ One more chance. ⟦CTRL:4⟧ Accept my soul pact! ⟦CTRL:3⟧ Then the world is ours. ⟦CTRL:3⟧ Come to me!	1,0,6,4,3,3	1,0,6,4,3,3	yes	hiragana:93; katakana:0; kanji:0; Latin:0; digits:0; phonetic hiragana orthography	わし: elderly or authoritative masculine first person; character voice, not necessarily regional | おまえ: familiar or rough second person; relationship and tone matter	たましい → 魂 | あくま → 悪魔	ellipsis carries timing/hesitation tone	medium		
754	TT4	TT4/g4/r16	scenario	group 4 @ 0xBEB5; record 16	group-compressed	おれ「そっちいっちゃだめだ／ こっちだ／」	おれ「そっちいっちゃだめだ／ こっちだ／」	ore「sotchiitchadameda／ kotchida／」	おれ「そっちいっちゃだめだ／ こっちだ／」	Me: No! Come this way!	Me: No! Come this way!			yes	hiragana:16; katakana:0; kanji:0; Latin:0; digits:0; phonetic hiragana orthography	おれ: plain-to-rough masculine first person	Source suppresses normal kanji/katakana distinctions; restore only with context		medium		
755	TT4	TT4/g4/r17	scenario	group 4 @ 0xBEB5; record 17	group-compressed	あくま「こっちだ／」	あくま「こっちだ／」	akuma「kotchida／」	あくま「こっちだ／」	Devil: Come here!	Devil: Come here!			yes	hiragana:7; katakana:0; kanji:0; Latin:0; digits:0; phonetic hiragana orthography		あくま → 悪魔		low		
756	TT4	TT4/g4/r18	scenario	group 4 @ 0xBEB5; record 18	group-compressed	{CTRL:0}おれ「いや こっちだ／」	⟦CTRL:0⟧ おれ「いや こっちだ／」	 / ore「iya kotchida／」	おれ「いや こっちだ／」	{CTRL:0}Me: No, this way!	⟦CTRL:0⟧ Me: No, this way!	0	0	yes	hiragana:8; katakana:0; kanji:0; Latin:0; digits:0; phonetic hiragana orthography	おれ: plain-to-rough masculine first person	Source suppresses normal kanji/katakana distinctions; restore only with context		medium		
757	TT4	TT4/g4/r19	scenario	group 4 @ 0xBEB5; record 19	group-compressed	あくま「じゃまをするな／{CTRL:0} きさま こんなところまで ついてきおって／」{CTRL:2}おれ「すきで きたわけじゃないぞ……{CTRL:0} お おれのからだを かえせ／」	あくま「じゃまをするな／ ⟦CTRL:0⟧  きさま こんなところまで ついてきおって／」 ⟦CTRL:2⟧ おれ「すきで きたわけじゃないぞ…… ⟦CTRL:0⟧  お おれのからだを かえせ／」	akuma「jamaosuruna／ /  kisama konnatokoromade tsuitekiotte／」 / ore「sukide kitawakejanaizo…… /  o orenokaradao kaese／」	あくま「じゃまをするな／ きさま こんなところまで ついてきおって／」おれ「すきで きたわけじゃないぞ…… お おれのからだを かえせ／」	Devil: Stay out!{CTRL:0}You came this far?!{CTRL:2}Me: Not by choice...{CTRL:0}g-give my body back!	Devil: Stay out! ⟦CTRL:0⟧ You came this far?! ⟦CTRL:2⟧ Me: Not by choice... ⟦CTRL:0⟧ g-give my body back!	0,2,0	0,2,0	yes	hiragana:53; katakana:0; kanji:0; Latin:0; digits:0; phonetic hiragana orthography	おれ: plain-to-rough masculine first person | きさま: hostile/contemptuous second person in modern usage | じゃ: old-person/western-style copula; context decides voice versus region | ぞ: forceful assertion or command emphasis	あくま → 悪魔 | からだ → 体	ellipsis carries timing/hesitation tone	medium		
758	TT4	TT4/g4/r20	scenario	group 4 @ 0xBEB5; record 20	group-compressed	あくま「よるな／」{CTRL:2}からだが うごかない／{CTRL:3}あくま「このからだは わしのものだ{CTRL:4} もうあきらめろ」{CTRL:3}おれ「んなこと いったって……」{CTRL:3}あくま「さあこっちへこい こぞう／ さもないと{CTRL:4} なんどでもきさまを ころしにいくぞ／」	あくま「よるな／」 ⟦CTRL:2⟧ からだが うごかない／ ⟦CTRL:3⟧ あくま「このからだは わしのものだ ⟦CTRL:4⟧  もうあきらめろ」 ⟦CTRL:3⟧ おれ「んなこと いったって……」 ⟦CTRL:3⟧ あくま「さあこっちへこい こぞう／ さもないと ⟦CTRL:4⟧  なんどでもきさまを ころしにいくぞ／」	akuma「yoruna／」 / karadaga ugokanai／ / akuma「konokaradaha washinomonoda /  mouakiramero」 / ore「nnakoto ittatte……」 / akuma「saakotchihekoi kozou／ samonaito /  nandodemokisamao koroshiniikuzo／」	あくま「よるな／」からだが うごかない／あくま「このからだは わしのものだ もうあきらめろ」おれ「んなこと いったって……」あくま「さあこっちへこい こぞう／ さもないと なんどでもきさまを ころしにいくぞ／」	Devil: Stay back!{CTRL:2}I cannot move!{CTRL:3}This body is mine.{CTRL:4}Give up.{CTRL:3}Me: But...{CTRL:3}Devil: Come here, boy!{CTRL:4}or I'll kill you again!	Devil: Stay back! ⟦CTRL:2⟧ I cannot move! ⟦CTRL:3⟧ This body is mine. ⟦CTRL:4⟧ Give up. ⟦CTRL:3⟧ Me: But... ⟦CTRL:3⟧ Devil: Come here, boy! ⟦CTRL:4⟧ or I'll kill you again!	2,3,4,3,3,4	2,3,4,3,3,4	yes	hiragana:83; katakana:0; kanji:0; Latin:0; digits:0; phonetic hiragana orthography	わし: elderly or authoritative masculine first person; character voice, not necessarily regional | おれ: plain-to-rough masculine first person | きさま: hostile/contemptuous second person in modern usage	あくま → 悪魔 | からだ → 体	ellipsis carries timing/hesitation tone	medium		
759	TT4	TT4/g4/r21	scenario	group 4 @ 0xBEB5; record 21	group-compressed	あくま「よしよし それでいいのだ……」	あくま「よしよし それでいいのだ……」	akuma「yoshiyoshi soredeiinoda……」	あくま「よしよし それでいいのだ……」	Devil: Yes... very good.	Devil: Yes... very good.			yes	hiragana:14; katakana:0; kanji:0; Latin:0; digits:0; phonetic hiragana orthography		あくま → 悪魔	ellipsis carries timing/hesitation tone	low		
760	TT4	TT4/g4/r22	scenario	group 4 @ 0xBEB5; record 22	group-compressed	{CTRL:0}しかしそのとき……	⟦CTRL:0⟧ しかしそのとき……	 / shikashisonotoki……	しかしそのとき……	{CTRL:0}But then...	⟦CTRL:0⟧ But then...	0	0	yes	hiragana:7; katakana:0; kanji:0; Latin:0; digits:0; phonetic hiragana orthography		Source suppresses normal kanji/katakana distinctions; restore only with context	ellipsis carries timing/hesitation tone	medium		
761	TT4	TT4/g4/r23	scenario	group 4 @ 0xBEB5; record 23	group-compressed	あくま「／」{CTRL:2}すずのねだ……／ いましめのすずが{CTRL:0}たからかに なりひびいている／{CTRL:3}あくま「ぐああああ……／／」	あくま「／」 ⟦CTRL:2⟧ すずのねだ……／ いましめのすずが ⟦CTRL:0⟧ たからかに なりひびいている／ ⟦CTRL:3⟧ あくま「ぐああああ……／／」	akuma「／」 / suzunoneda……／ imashimenosuzuga / takarakani narihibiiteiru／ / akuma「guaaaa……／／」	あくま「／」すずのねだ……／ いましめのすずがたからかに なりひびいている／あくま「ぐああああ……／／」	Devil: What?!{CTRL:2}The Binding Bell rings!{CTRL:0}Its peal fills the air!{CTRL:3}Devil: Gaaaaah...!!	Devil: What?! ⟦CTRL:2⟧ The Binding Bell rings! ⟦CTRL:0⟧ Its peal fills the air! ⟦CTRL:3⟧ Devil: Gaaaaah...!!	2,0,3	2,0,3	yes	hiragana:37; katakana:0; kanji:0; Latin:0; digits:0; phonetic hiragana orthography		あくま → 悪魔	ellipsis carries timing/hesitation tone	low		
762	TT4	TT4/g4/r24	scenario	group 4 @ 0xBEB5; record 24	group-compressed	あくま「ああああ……／」	あくま「ああああ……／」	akuma「aaaa……／」	あくま「ああああ……／」	Devil: Aaaaah...!	Devil: Aaaaah...!			yes	hiragana:7; katakana:0; kanji:0; Latin:0; digits:0; phonetic hiragana orthography		あくま → 悪魔	ellipsis carries timing/hesitation tone	low		
763	TT4	TT4/g4/r25	scenario	group 4 @ 0xBEB5; record 25	group-compressed	おとこ「あ…／ あそこだ／／」	おとこ「あ…／ あそこだ／／」	otoko「a…／ asokoda／／」	おとこ「あ…／ あそこだ／／」	Man: Ah! Over there!!	Man: Ah! Over there!!			yes	hiragana:8; katakana:0; kanji:0; Latin:0; digits:0; phonetic hiragana orthography		おとこ → 男	ellipsis carries timing/hesitation tone	low		
764	TT4	TT4/g4/r26	scenario	group 4 @ 0xBEB5; record 26	group-compressed	おとこ「ぼっちゃま／ しっかりしてください／」	おとこ「ぼっちゃま／ しっかりしてください／」	otoko「botchama／ shikkarishitekudasai／」	おとこ「ぼっちゃま／ しっかりしてください／」	Man: My lord! Wake up!	Man: My lord! Wake up!			yes	hiragana:18; katakana:0; kanji:0; Latin:0; digits:0; phonetic hiragana orthography		おとこ → 男		low		
765	TT4	TT4/g4/r27	scenario	group 4 @ 0xBEB5; record 27	group-compressed	おとこ「おうじ／ きこえますか このすずのねが／{CTRL:0} おうじ／ へんじをしてください／／」{CTRL:2}にくらす「おうじ……！」{CTRL:6}おとこ「このかたは まけどにあの おうじ{CTRL:4} あれくさんだーさまなんです／」	おとこ「おうじ／ きこえますか このすずのねが／ ⟦CTRL:0⟧  おうじ／ へんじをしてください／／」 ⟦CTRL:2⟧ にくらす「おうじ……！」 ⟦CTRL:6⟧ おとこ「このかたは まけどにあの おうじ ⟦CTRL:4⟧  あれくさんだーさまなんです／」	otoko「ouji／ kikoemasuka konosuzunonega／ /  ouji／ henjioshitekudasai／／」 / nikurasu「ouji……！」 / otoko「konokataha makedoniano ouji /  arekusandaasamanandesu／」	おとこ「おうじ／ きこえますか このすずのねが／ おうじ／ へんじをしてください／／」にくらす「おうじ……！」おとこ「このかたは まけどにあの おうじ あれくさんだーさまなんです／」	Man: Prince, can you{CTRL:0}hear the bell? Answer!{CTRL:2}Nicras: Prince...!{CTRL:6}Man: This is Alexander,{CTRL:4}prince of Macedonia!	Man: Prince, can you ⟦CTRL:0⟧ hear the bell? Answer! ⟦CTRL:2⟧ Nicras: Prince...! ⟦CTRL:6⟧ Man: This is Alexander, ⟦CTRL:4⟧ prince of Macedonia!	0,2,6,4	0,2,6,4	yes	hiragana:68; katakana:1; kanji:0; Latin:0; digits:0		おとこ → 男	ellipsis carries timing/hesitation tone	low		
766	TT4	TT4/g4/r28	scenario	group 4 @ 0xBEB5; record 28	group-compressed	おとこ「いきかえったぞ／ ばんざーい／／」{CTRL:1}にくらす「しんじられん…… かみのきせきだ……」	おとこ「いきかえったぞ／ ばんざーい／／」 ⟦CTRL:1⟧ にくらす「しんじられん…… かみのきせきだ……」	otoko「ikikaettazo／ banzaai／／」 / nikurasu「shinjiraren…… kaminokisekida……」	おとこ「いきかえったぞ／ ばんざーい／／」にくらす「しんじられん…… かみのきせきだ……」	Man: He lives! Hooray!!{CTRL:1}Nicras: A god's miracle!	Man: He lives! Hooray!! ⟦CTRL:1⟧ Nicras: A god's miracle!	1	1	yes	hiragana:31; katakana:1; kanji:0; Latin:0; digits:0		きせき → 奇跡 | おとこ → 男 | かみ → 神/紙/髪	ellipsis carries timing/hesitation tone	medium		
767	TT4	TT4/g4/r29	scenario	group 4 @ 0xBEB5; record 29	group-compressed	なみは おだやかだ	なみは おだやかだ	namiha odayakada	なみは おだやかだ	The waves are calm.	The waves are calm.			yes	hiragana:8; katakana:0; kanji:0; Latin:0; digits:0; phonetic hiragana orthography		Source suppresses normal kanji/katakana distinctions; restore only with context		medium		
768	TT4	TT4/g4/r30	scenario	group 4 @ 0xBEB5; record 30	group-compressed	めがきょろきょろして おちつきがない	めがきょろきょろして おちつきがない	megakyorokyoroshite ochitsukiganai	めがきょろきょろして おちつきがない	His eyes dart nervously.	His eyes dart nervously.			yes	hiragana:17; katakana:0; kanji:0; Latin:0; digits:0; phonetic hiragana orthography		Source suppresses normal kanji/katakana distinctions; restore only with context		medium		
769	TT4	TT4/g4/r31	scenario	group 4 @ 0xBEB5; record 31	group-compressed	「うみのまもりがみ・ぽせいどん」	「うみのまもりがみ・ぽせいどん」	「uminomamorigami・poseidon」	「うみのまもりがみ・ぽせいどん」	Poseidon, sea guardian	Poseidon, sea guardian			yes	hiragana:13; katakana:1; kanji:0; Latin:0; digits:0		Source suppresses normal kanji/katakana distinctions; restore only with context		medium		
770	TT4	TT4/g5/r0	scenario	group 5 @ 0xC280; record 0	group-compressed	もう ておくれだ{CTRL:1}しんぞうがとまり どうこうも ひらいている……{CTRL:2}おとこ「ぼっちゃまーーっ／／」	もう ておくれだ ⟦CTRL:1⟧ しんぞうがとまり どうこうも ひらいている…… ⟦CTRL:2⟧ おとこ「ぼっちゃまーーっ／／」	mou teokureda / shinzougatomari doukoumo hiraiteiru…… / otoko「botchamaaa／／」	もう ておくれだしんぞうがとまり どうこうも ひらいている……おとこ「ぼっちゃまーーっ／／」	It is too late.{CTRL:1}No pulse. Pupils wide...{CTRL:2}Man: Young master!!	It is too late. ⟦CTRL:1⟧ No pulse. Pupils wide... ⟦CTRL:2⟧ Man: Young master!!	1,2	1,2	yes	hiragana:35; katakana:2; kanji:0; Latin:0; digits:0		おとこ → 男	ellipsis carries timing/hesitation tone	low		
771	TT4	TT4/g5/r1	scenario	group 5 @ 0xC280; record 1	group-compressed	……「そのこを しなせてはいけません……」{CTRL:1}おれ「！ だれだ！」{CTRL:0}{CTRL:6}……「そのこは かみのめいをうけた{CTRL:4} とくべつな こどもなのです{CTRL:3} あなたのちからで たすけてあげてください……」	……「そのこを しなせてはいけません……」 ⟦CTRL:1⟧ おれ「！ だれだ！」 ⟦CTRL:0⟧  ⟦CTRL:6⟧ ……「そのこは かみのめいをうけた ⟦CTRL:4⟧  とくべつな こどもなのです ⟦CTRL:3⟧  あなたのちからで たすけてあげてください……」	……「sonokoo shinasetehaikemasen……」 / ore「！ dareda！」 /  / ……「sonokoha kaminomeiouketa /  tokubetsuna kodomonanodesu /  anatanochikarade tasuketeagetekudasai……」	……「そのこを しなせてはいけません……」おれ「！ だれだ！」……「そのこは かみのめいをうけた とくべつな こどもなのです あなたのちからで たすけてあげてください……」	Voice: Don't let him die{CTRL:1}Me: Who is there?!{CTRL:0}{CTRL:6}Voice: God chose him.{CTRL:4}for a sacred task.{CTRL:3}Use your gift. Save him.	Voice: Don't let him die ⟦CTRL:1⟧ Me: Who is there?! ⟦CTRL:0⟧  ⟦CTRL:6⟧ Voice: God chose him. ⟦CTRL:4⟧ for a sacred task. ⟦CTRL:3⟧ Use your gift. Save him.	1,0,6,4,3	1,0,6,4,3	yes	hiragana:63; katakana:0; kanji:0; Latin:0; digits:0; phonetic hiragana orthography	おれ: plain-to-rough masculine first person	こども → 子供 | かみ → 神/紙/髪	ellipsis carries timing/hesitation tone	medium		
772	TT4	TT4/g5/r2	scenario	group 5 @ 0xC280; record 2	group-compressed	ん……！	ん……！	n……！	ん……！	Ngh...!	Ngh...!			yes	hiragana:1; katakana:0; kanji:0; Latin:0; digits:0; phonetic hiragana orthography		Source suppresses normal kanji/katakana distinctions; restore only with context	ellipsis carries timing/hesitation tone	medium		
773	TT4	TT4/g5/r3	scenario	group 5 @ 0xC280; record 3	group-compressed	どうしたんだ いったい……	どうしたんだ いったい……	doushitanda ittai……	どうしたんだ いったい……	What happened here...?	What happened here...?			yes	hiragana:10; katakana:0; kanji:0; Latin:0; digits:0; phonetic hiragana orthography		Source suppresses normal kanji/katakana distinctions; restore only with context	ellipsis carries timing/hesitation tone	medium		
774	TT4	TT4/g5/r4	scenario	group 5 @ 0xC280; record 4	group-compressed	おろおろしている	おろおろしている	orooroshiteiru	おろおろしている	He is in a panic.	He is in a panic.			yes	hiragana:8; katakana:0; kanji:0; Latin:0; digits:0; phonetic hiragana orthography		Source suppresses normal kanji/katakana distinctions; restore only with context		medium		
775	TT4	TT4/g5/r5	scenario	group 5 @ 0xC280; record 5	group-compressed	ぽかんと くちをあけている	ぽかんと くちをあけている	pokanto kuchioaketeiru	ぽかんと くちをあけている	He stares, mouth agape.	He stares, mouth agape.			yes	hiragana:12; katakana:0; kanji:0; Latin:0; digits:0; phonetic hiragana orthography		Source suppresses normal kanji/katakana distinctions; restore only with context		medium		
776	TT4	TT4/g5/r6	scenario	group 5 @ 0xC280; record 6	group-compressed	つりびと「あのな… こんなことしっちょるか！」	つりびと「あのな… こんなことしっちょるか！」	tsuribito「anona… konnakotoshitchoruka！」	つりびと「あのな… こんなことしっちょるか！」	Fisher: Know this one?	Fisher: Know this one?			yes	hiragana:18; katakana:0; kanji:0; Latin:0; digits:0; phonetic hiragana orthography		Source suppresses normal kanji/katakana distinctions; restore only with context	ellipsis carries timing/hesitation tone	medium		
777	TT4	TT4/g5/r7	scenario	group 5 @ 0xC280; record 7	group-compressed	{CTRL:0}{CTRL:0}ぎりしゃかくちの としを なんとよぶ！	⟦CTRL:0⟧  ⟦CTRL:0⟧ ぎりしゃかくちの としを なんとよぶ！	 /  / girishakakuchino toshio nantoyobu！	ぎりしゃかくちの としを なんとよぶ！	{CTRL:0}{CTRL:0}Name for Greek cities?	⟦CTRL:0⟧  ⟦CTRL:0⟧ Name for Greek cities?	0,0	0,0	yes	hiragana:16; katakana:0; kanji:0; Latin:0; digits:0; phonetic hiragana orthography		Source suppresses normal kanji/katakana distinctions; restore only with context		medium		
778	TT4	TT4/g5/r8	scenario	group 5 @ 0xC280; record 8	group-compressed	つりびと「あほ」	つりびと「あほ」	tsuribito「aho」	つりびと「あほ」	Fisher: Fool.	Fisher: Fool.			yes	hiragana:6; katakana:0; kanji:0; Latin:0; digits:0; phonetic hiragana orthography		Source suppresses normal kanji/katakana distinctions; restore only with context		medium		
779	TT4	TT4/g5/r9	scenario	group 5 @ 0xC280; record 9	group-compressed	つりびと「せいかいじゃ ならばこれはどうだ！」	つりびと「せいかいじゃ ならばこれはどうだ！」	tsuribito「seikaija narabakorehadouda！」	つりびと「せいかいじゃ ならばこれはどうだ！」	Fisher: Right! Next one.	Fisher: Right! Next one.			yes	hiragana:19; katakana:0; kanji:0; Latin:0; digits:0; phonetic hiragana orthography	じゃ: old-person/western-style copula; context decides voice versus region	Source suppresses normal kanji/katakana distinctions; restore only with context		medium		
780	TT4	TT4/g5/r10	scenario	group 5 @ 0xC280; record 10	group-compressed	{CTRL:0}{CTRL:0}あてねの らいばるとしは！	⟦CTRL:0⟧  ⟦CTRL:0⟧ あてねの らいばるとしは！	 /  / ateneno raibarutoshiha！	あてねの らいばるとしは！	{CTRL:0}{CTRL:0}Athens' rival city?	⟦CTRL:0⟧  ⟦CTRL:0⟧ Athens' rival city?	0,0	0,0	yes	hiragana:11; katakana:0; kanji:0; Latin:0; digits:0; phonetic hiragana orthography		Source suppresses normal kanji/katakana distinctions; restore only with context		medium		
781	TT4	TT4/g5/r11	scenario	group 5 @ 0xC280; record 11	group-compressed	{CTRL:0}{CTRL:0}ぎりしゃしんわ さいだいのえいゆうは！	⟦CTRL:0⟧  ⟦CTRL:0⟧ ぎりしゃしんわ さいだいのえいゆうは！	 /  / girishashinwa saidainoeiyuuha！	ぎりしゃしんわ さいだいのえいゆうは！	{CTRL:0}{CTRL:0}Greatest Greek hero?	⟦CTRL:0⟧  ⟦CTRL:0⟧ Greatest Greek hero?	0,0	0,0	yes	hiragana:17; katakana:0; kanji:0; Latin:0; digits:0; phonetic hiragana orthography		Source suppresses normal kanji/katakana distinctions; restore only with context		medium		
782	TT4	TT4/g5/r12	scenario	group 5 @ 0xC280; record 12	group-compressed	{CTRL:0}{CTRL:0}ちえのめがみ・あてなに ささげられたしんでんは！	⟦CTRL:0⟧  ⟦CTRL:0⟧ ちえのめがみ・あてなに ささげられたしんでんは！	 /  / chienomegami・atenani sasageraretashindenha！	ちえのめがみ・あてなに ささげられたしんでんは！	{CTRL:0}{CTRL:0}Athena's sacred temple?	⟦CTRL:0⟧  ⟦CTRL:0⟧ Athena's sacred temple?	0,0	0,0	yes	hiragana:21; katakana:1; kanji:0; Latin:0; digits:0		Source suppresses normal kanji/katakana distinctions; restore only with context		medium		
783	TT4	TT4/g5/r13	scenario	group 5 @ 0xC280; record 13	group-compressed	{CTRL:0}{CTRL:0}ぎりしゃの3だいさくもつ といえば{CTRL:0}おりーぶ ぶどう と！	⟦CTRL:0⟧  ⟦CTRL:0⟧ ぎりしゃの3だいさくもつ といえば ⟦CTRL:0⟧ おりーぶ ぶどう と！	 /  / girishano3daisakumotsu toieba / oriibu budou to！	ぎりしゃの3だいさくもつ といえばおりーぶ ぶどう と！	{CTRL:0}{CTRL:0}Three great Greek crops:{CTRL:0}olives, grapes, and...?	⟦CTRL:0⟧  ⟦CTRL:0⟧ Three great Greek crops: ⟦CTRL:0⟧ olives, grapes, and...?	0,0,0	0,0,0	yes	hiragana:22; katakana:1; kanji:0; Latin:0; digits:1		Source suppresses normal kanji/katakana distinctions; restore only with context	source numerals ['3']; verify dates/counts and Japanese ordering	medium		
784	TT4	TT4/g5/r14	scenario	group 5 @ 0xC280; record 14	group-compressed	つりびと「せいかいじゃ{CTRL:0} ぜんもんせいかいとは やるもんじゃ」	つりびと「せいかいじゃ ⟦CTRL:0⟧  ぜんもんせいかいとは やるもんじゃ」	tsuribito「seikaija /  zenmonseikaitoha yarumonja」	つりびと「せいかいじゃ ぜんもんせいかいとは やるもんじゃ」	Fisher: Correct.{CTRL:0}All five! Well done.	Fisher: Correct. ⟦CTRL:0⟧ All five! Well done.	0	0	yes	hiragana:26; katakana:0; kanji:0; Latin:0; digits:0; phonetic hiragana orthography	じゃ: old-person/western-style copula; context decides voice versus region	Source suppresses normal kanji/katakana distinctions; restore only with context		medium		
785	TT4	TT4/g5/r15	scenario	group 5 @ 0xC280; record 15	group-compressed	つりびと「たにんのふこうに ながすなみだほど{CTRL:0} かわきやすいものはない……{CTRL:2} ぎりしゃの ふるいことわざじゃ」	つりびと「たにんのふこうに ながすなみだほど ⟦CTRL:0⟧  かわきやすいものはない…… ⟦CTRL:2⟧  ぎりしゃの ふるいことわざじゃ」	tsuribito「taninnofukouni nagasunamidahodo /  kawakiyasuimonohanai…… /  girishano furuikotowazaja」	つりびと「たにんのふこうに ながすなみだほど かわきやすいものはない…… ぎりしゃの ふるいことわざじゃ」	Fisher: Tears for others{CTRL:0}dry fastest of all...{CTRL:2}An old Greek proverb.	Fisher: Tears for others ⟦CTRL:0⟧ dry fastest of all... ⟦CTRL:2⟧ An old Greek proverb.	0,2	0,2	yes	hiragana:45; katakana:0; kanji:0; Latin:0; digits:0; phonetic hiragana orthography	じゃ: old-person/western-style copula; context decides voice versus region	Source suppresses normal kanji/katakana distinctions; restore only with context	ellipsis carries timing/hesitation tone	medium		
786	TT4	TT4/g5/r16	scenario	group 5 @ 0xC280; record 16	group-compressed	つりびと「せきには おおばこじゃな」	つりびと「せきには おおばこじゃな」	tsuribito「sekiniha oobakojana」	つりびと「せきには おおばこじゃな」	Fisher: Cough? Plantain.	Fisher: Cough? Plantain.			yes	hiragana:15; katakana:0; kanji:0; Latin:0; digits:0; phonetic hiragana orthography	じゃ: old-person/western-style copula; context decides voice versus region	Source suppresses normal kanji/katakana distinctions; restore only with context		medium		
787	TT4	TT4/g5/r17	scenario	group 5 @ 0xC280; record 17	group-compressed	つりびと「しょくあたりには あまちゃづるじゃ」	つりびと「しょくあたりには あまちゃづるじゃ」	tsuribito「shokuatariniha amachazuruja」	つりびと「しょくあたりには あまちゃづるじゃ」	Fisher: Use jiaogulan.	Fisher: Use jiaogulan.			yes	hiragana:20; katakana:0; kanji:0; Latin:0; digits:0; phonetic hiragana orthography	じゃ: old-person/western-style copula; context decides voice versus region	Source suppresses normal kanji/katakana distinctions; restore only with context		medium		
788	TT4	TT4/g5/r18	scenario	group 5 @ 0xC280; record 18	group-compressed	つりびと「ただれにはな どくだみがきくそうじゃ」	つりびと「ただれにはな どくだみがきくそうじゃ」	tsuribito「tadarenihana dokudamigakikusouja」	つりびと「ただれにはな どくだみがきくそうじゃ」	Fisher: Use dokudami.	Fisher: Use dokudami.			yes	hiragana:21; katakana:0; kanji:0; Latin:0; digits:0; phonetic hiragana orthography	じゃ: old-person/western-style copula; context decides voice versus region	Source suppresses normal kanji/katakana distinctions; restore only with context		medium		
789	TT4	TT4/g5/r19	scenario	group 5 @ 0xC280; record 19	group-compressed	ぽせいどん「おかどちがいじゃ」	ぽせいどん「おかどちがいじゃ」	poseidon「okadochigaija」	ぽせいどん「おかどちがいじゃ」	Poseidon: Wrong god.	Poseidon: Wrong god.			yes	hiragana:13; katakana:0; kanji:0; Latin:0; digits:0; phonetic hiragana orthography	じゃ: old-person/western-style copula; context decides voice versus region	Source suppresses normal kanji/katakana distinctions; restore only with context		medium		
790	TT4	TT4/g5/r20	scenario	group 5 @ 0xC280; record 20	group-compressed	おとこ「せんせい／ なんとかしてください／」	おとこ「せんせい／ なんとかしてください／」	otoko「sensei／ nantokashitekudasai／」	おとこ「せんせい／ なんとかしてください／」	Man: Doctor, help him!	Man: Doctor, help him!			yes	hiragana:17; katakana:0; kanji:0; Latin:0; digits:0; phonetic hiragana orthography		せんせい → 先生 | おとこ → 男		low		
791	TT4	TT4/g5/r21	scenario	group 5 @ 0xC280; record 21	group-compressed	つりびと「いらん」	つりびと「いらん」	tsuribito「iran」	つりびと「いらん」	Fisher: No need.	Fisher: No need.			yes	hiragana:7; katakana:0; kanji:0; Latin:0; digits:0; phonetic hiragana orthography		Source suppresses normal kanji/katakana distinctions; restore only with context		medium		
792	TT4	TT4/g5/r22	scenario	group 5 @ 0xC280; record 22	group-compressed	おとこ「まってください／」	おとこ「まってください／」	otoko「mattekudasai／」	おとこ「まってください／」	Man: Wait!	Man: Wait!			yes	hiragana:10; katakana:0; kanji:0; Latin:0; digits:0; phonetic hiragana orthography		おとこ → 男		low		
793	TT5	TT5/g0/r0	scenario	group 0 @ 0xAFCE; record 0	group-compressed	……「おれたちは かいほうされたんだ／」{CTRL:0}……「じゆうばんざい／ りんかーんばんざい／」	……「おれたちは かいほうされたんだ／」 ⟦CTRL:0⟧ ……「じゆうばんざい／ りんかーんばんざい／」	……「oretachiha kaihousaretanda／」 / ……「jiyuubanzai／ rinkaanbanzai／」	……「おれたちは かいほうされたんだ／」……「じゆうばんざい／ りんかーんばんざい／」	Man: We have been freed!{CTRL:0}Freedom! Hail Lincoln!	Man: We have been freed! ⟦CTRL:0⟧ Freedom! Hail Lincoln!	0	0	yes	hiragana:29; katakana:1; kanji:0; Latin:0; digits:0	おれ: plain-to-rough masculine first person	りんかーん → リンカーン (Lincoln) | じゆう → 自由	ellipsis carries timing/hesitation tone	medium		
794	TT5	TT5/g0/r1	scenario	group 0 @ 0xAFCE; record 1	group-compressed	りんかーん「じんみんの じんみんによる{CTRL:0} じんみんのためのせいじを このくにから{CTRL:0} ほうむりさってはならない／{CTRL:6} あめりかは じゆうとびょうどうの{CTRL:4} くになのです／」	りんかーん「じんみんの じんみんによる ⟦CTRL:0⟧  じんみんのためのせいじを このくにから ⟦CTRL:0⟧  ほうむりさってはならない／ ⟦CTRL:6⟧  あめりかは じゆうとびょうどうの ⟦CTRL:4⟧  くになのです／」	rinkaan「jinminno jinminniyoru /  jinminnotamenoseijio konokunikara /  houmurisattehanaranai／ /  amerikaha jiyuutobyoudouno /  kuninanodesu／」	りんかーん「じんみんの じんみんによる じんみんのためのせいじを このくにから ほうむりさってはならない／ あめりかは じゆうとびょうどうの くになのです／」	Lincoln: Government of{CTRL:0}the people, by and for{CTRL:0}the people shall endure!{CTRL:6}America is a nation of{CTRL:4}freedom and equality!	Lincoln: Government of ⟦CTRL:0⟧ the people, by and for ⟦CTRL:0⟧ the people shall endure! ⟦CTRL:6⟧ America is a nation of ⟦CTRL:4⟧ freedom and equality!	0,0,6,4	0,0,6,4	yes	hiragana:67; katakana:1; kanji:0; Latin:0; digits:0		りんかーん → リンカーン (Lincoln) | あめりか → アメリカ (America) | じゆう → 自由		low		
795	TT5	TT5/g0/r2	scenario	group 0 @ 0xAFCE; record 2	group-compressed	べる「ながいあいだ おせわになりました」{CTRL:1}まいやー「よわったな…… おまえたちが{CTRL:0} いなくなると こののうじょうが…」{CTRL:6}べる「おねがいでございます じゆうにいきて{CTRL:4} いくのが あたしたちのゆめだったんです／」{CTRL:3}まいやー「そうか… さみしくなるけど{CTRL:4} しかたがないな のこりのしごとをかたづけたら{CTRL:4} でてってもいいぞ」{CTRL:3}べる「ありがとうございます／」	べる「ながいあいだ おせわになりました」 ⟦CTRL:1⟧ まいやー「よわったな…… おまえたちが ⟦CTRL:0⟧  いなくなると こののうじょうが…」 ⟦CTRL:6⟧ べる「おねがいでございます じゆうにいきて ⟦CTRL:4⟧  いくのが あたしたちのゆめだったんです／」 ⟦CTRL:3⟧ まいやー「そうか… さみしくなるけど ⟦CTRL:4⟧  しかたがないな のこりのしごとをかたづけたら ⟦CTRL:4⟧  でてってもいいぞ」 ⟦CTRL:3⟧ べる「ありがとうございます／」	beru「nagaiaida osewaninarimashita」 / maiyaa「yowattana…… omaetachiga /  inakunaruto kononoujouga…」 / beru「onegaidegozaimasu jiyuuniikite /  ikunoga atashitachinoyumedattandesu／」 / maiyaa「souka… samishikunarukedo /  shikataganaina nokorinoshigotookatazuketara /  detettemoiizo」 / beru「arigatougozaimasu／」	べる「ながいあいだ おせわになりました」まいやー「よわったな…… おまえたちが いなくなると こののうじょうが…」べる「おねがいでございます じゆうにいきて いくのが あたしたちのゆめだったんです／」まいやー「そうか… さみしくなるけど しかたがないな のこりのしごとをかたづけたら でてってもいいぞ」べる「ありがとうございます／」	Belle: Thank you, truly.{CTRL:1}Meyer: What a problem...{CTRL:0}without you, the farm...{CTRL:6}Belle: Please let us go.{CTRL:4}We dreamed of freedom!{CTRL:3}Meyer: I see... I will{CTRL:4}miss you. Finish work{CTRL:4}and you may leave.{CTRL:3}Belle: Thank you!	Belle: Thank you, truly. ⟦CTRL:1⟧ Meyer: What a problem... ⟦CTRL:0⟧ without you, the farm... ⟦CTRL:6⟧ Belle: Please let us go. ⟦CTRL:4⟧ We dreamed of freedom! ⟦CTRL:3⟧ Meyer: I see... I will ⟦CTRL:4⟧ miss you. Finish work ⟦CTRL:4⟧ and you may leave. ⟦CTRL:3⟧ Belle: Thank you!	1,0,6,4,3,4,4,3	1,0,6,4,3,4,4,3	yes	hiragana:137; katakana:2; kanji:0; Latin:0; digits:0	おまえ: familiar or rough second person; relationship and tone matter | でございます: very polite/formal copula | ぞ: forceful assertion or command emphasis	じゆう → 自由	ellipsis carries timing/hesitation tone	medium		
796	TT5	TT5/g0/r3	scenario	group 0 @ 0xAFCE; record 3	group-compressed	まいやー「よく がんばったな……{CTRL:1} まあ きょうはもうおそいから{CTRL:0} しゅっぱつは あしたにしなさい」{CTRL:6}べる「わかりました」	まいやー「よく がんばったな…… ⟦CTRL:1⟧  まあ きょうはもうおそいから ⟦CTRL:0⟧  しゅっぱつは あしたにしなさい」 ⟦CTRL:6⟧ べる「わかりました」	maiyaa「yoku ganbattana…… /  maa kyouhamouosoikara /  shuppatsuha ashitanishinasai」 / beru「wakarimashita」	まいやー「よく がんばったな…… まあ きょうはもうおそいから しゅっぱつは あしたにしなさい」べる「わかりました」	Meyer: You worked hard.{CTRL:1}It is late today, so{CTRL:0}leave tomorrow instead.{CTRL:6}Belle: Understood.	Meyer: You worked hard. ⟦CTRL:1⟧ It is late today, so ⟦CTRL:0⟧ leave tomorrow instead. ⟦CTRL:6⟧ Belle: Understood.	1,0,6	1,0,6	yes	hiragana:46; katakana:1; kanji:0; Latin:0; digits:0		Source suppresses normal kanji/katakana distinctions; restore only with context	ellipsis carries timing/hesitation tone	medium		
797	TT5	TT5/g0/r4	scenario	group 0 @ 0xAFCE; record 4	group-compressed	……「きょう1にちも ぶじすごせましたことを{CTRL:0} ふかくかんしゃします あーめん」{CTRL:2}……「おやすみ じょーじ」{CTRL:0}……「おやすみ」	……「きょう1にちも ぶじすごせましたことを ⟦CTRL:0⟧  ふかくかんしゃします あーめん」 ⟦CTRL:2⟧ ……「おやすみ じょーじ」 ⟦CTRL:0⟧ ……「おやすみ」	……「kyou1nichimo bujisugosemashitakotoo /  fukakukanshashimasu aamen」 / ……「oyasumi jooji」 / ……「oyasumi」	……「きょう1にちも ぶじすごせましたことを ふかくかんしゃします あーめん」……「おやすみ じょーじ」……「おやすみ」	Voice: Thank you, Lord,{CTRL:0}for this safe day. Amen.{CTRL:2}Good night, George.{CTRL:0}Voice: Good night.	Voice: Thank you, Lord, ⟦CTRL:0⟧ for this safe day. Amen. ⟦CTRL:2⟧ Good night, George. ⟦CTRL:0⟧ Voice: Good night.	0,2,0	0,2,0	yes	hiragana:41; katakana:2; kanji:0; Latin:0; digits:1		Source suppresses normal kanji/katakana distinctions; restore only with context	source numerals ['1']; verify dates/counts and Japanese ordering | ellipsis carries timing/hesitation tone	medium		
798	TT5	TT5/g0/r5	scenario	group 0 @ 0xAFCE; record 5	group-compressed	しかし まだ1にちは おわっていなかった……	しかし まだ1にちは おわっていなかった……	shikashi mada1nichiha owatteinakatta……	しかし まだ1にちは おわっていなかった……	The day had not ended...	The day had not ended...			yes	hiragana:17; katakana:0; kanji:0; Latin:0; digits:1; phonetic hiragana orthography		Source suppresses normal kanji/katakana distinctions; restore only with context	source numerals ['1']; verify dates/counts and Japanese ordering | ellipsis carries timing/hesitation tone	medium		
799	TT5	TT5/g0/r6	scenario	group 0 @ 0xAFCE; record 6	group-compressed	おとこ「なにが どれいかいほうだ／{CTRL:0} きさまらなどに でかいつらされてたまるか{CTRL:2} みせしめだ／ むちをくれてやる／」	おとこ「なにが どれいかいほうだ／ ⟦CTRL:0⟧  きさまらなどに でかいつらされてたまるか ⟦CTRL:2⟧  みせしめだ／ むちをくれてやる／」	otoko「naniga doreikaihouda／ /  kisamaranadoni dekaitsurasaretetamaruka /  miseshimeda／ muchiokureteyaru／」	おとこ「なにが どれいかいほうだ／ きさまらなどに でかいつらされてたまるか みせしめだ／ むちをくれてやる／」	Man: What emancipation?!{CTRL:0}You won't lord over us!{CTRL:2}A lesson! Taste my whip!	Man: What emancipation?! ⟦CTRL:0⟧ You won't lord over us! ⟦CTRL:2⟧ A lesson! Taste my whip!	0,2	0,2	yes	hiragana:46; katakana:0; kanji:0; Latin:0; digits:0; phonetic hiragana orthography	きさま: hostile/contemptuous second person in modern usage	どれい → 奴隷 | おとこ → 男		medium		
800	TT5	TT5/g0/r7	scenario	group 0 @ 0xAFCE; record 7	group-compressed	びしっ／{CTRL:0}おれ「ぐあーーっ／」{CTRL:2}べる「おねがいでございます このままでは{CTRL:0} むすこが しんでしまいます」{CTRL:3}おとこ「いいか じょーじ／」{CTRL:4}おれ「……」{CTRL:3}おとこ「きさまらは うまれながらのどれいだ{CTRL:3} りんかーんがなんといおうと おれたちが{CTRL:4} いるかぎり きさまらのすきにはさせん{CTRL:3} よーく おぼえておけ／」	びしっ／ ⟦CTRL:0⟧ おれ「ぐあーーっ／」 ⟦CTRL:2⟧ べる「おねがいでございます このままでは ⟦CTRL:0⟧  むすこが しんでしまいます」 ⟦CTRL:3⟧ おとこ「いいか じょーじ／」 ⟦CTRL:4⟧ おれ「……」 ⟦CTRL:3⟧ おとこ「きさまらは うまれながらのどれいだ ⟦CTRL:3⟧  りんかーんがなんといおうと おれたちが ⟦CTRL:4⟧  いるかぎり きさまらのすきにはさせん ⟦CTRL:3⟧  よーく おぼえておけ／」	bishi／ / oore「guaaa／」 / bberu「onegaidegozaimasu konomamadeha /  musukoga shindeshimaimasu」 / otoko「iika jooji／」 / ore「……」 / otoko「kisamaraha umarenagaranodoreida /  rinkaanganantoiouto oretachiga /  irukagiri kisamaranosukinihasasen /  yooku oboeteoke／」	びしっ／おれ「ぐあーーっ／」べる「おねがいでございます このままでは むすこが しんでしまいます」おとこ「いいか じょーじ／」おれ「……」おとこ「きさまらは うまれながらのどれいだ りんかーんがなんといおうと おれたちが いるかぎり きさまらのすきにはさせん よーく おぼえておけ／」	Crack!{CTRL:0}Me: Aaaaagh!{CTRL:2}Belle: Please, sir!{CTRL:0}My son will die!{CTRL:3}Man: Listen, George!{CTRL:4}Me: ...{CTRL:3}Man: Slaves from birth.{CTRL:3}Whatever Lincoln says,{CTRL:4}While we live, you obey.{CTRL:3}Remember that well!	Crack! ⟦CTRL:0⟧ Me: Aaaaagh! ⟦CTRL:2⟧ Belle: Please, sir! ⟦CTRL:0⟧ My son will die! ⟦CTRL:3⟧ Man: Listen, George! ⟦CTRL:4⟧ Me: ... ⟦CTRL:3⟧ Man: Slaves from birth. ⟦CTRL:3⟧ Whatever Lincoln says, ⟦CTRL:4⟧ While we live, you obey. ⟦CTRL:3⟧ Remember that well!	0,2,0,3,4,3,3,4,3	0,2,0,3,4,3,3,4,3	yes	hiragana:110; katakana:5; kanji:0; Latin:0; digits:0	おれ: plain-to-rough masculine first person | きさま: hostile/contemptuous second person in modern usage | でございます: very polite/formal copula | です/ます: polite register	りんかーん → リンカーン (Lincoln) | どれい → 奴隷 | おとこ → 男 | むすこ → 息子	ellipsis carries timing/hesitation tone	medium		
801	TT5	TT5/g0/r8	scenario	group 0 @ 0xAFCE; record 8	group-compressed	くるしそうに かおをゆがめている	くるしそうに かおをゆがめている	kurushisouni kaooyugameteiru	くるしそうに かおをゆがめている	His face twists in pain.	His face twists in pain.			yes	hiragana:15; katakana:0; kanji:0; Latin:0; digits:0; phonetic hiragana orthography		Source suppresses normal kanji/katakana distinctions; restore only with context		medium		
802	TT5	TT5/g0/r9	scenario	group 0 @ 0xAFCE; record 9	group-compressed	きを うしなっている	きを うしなっている	kio ushinatteiru	きを うしなっている	He is unconscious.	He is unconscious.			yes	hiragana:9; katakana:0; kanji:0; Latin:0; digits:0; phonetic hiragana orthography		Source suppresses normal kanji/katakana distinctions; restore only with context		medium		
803	TT5	TT5/g0/r10	scenario	group 0 @ 0xAFCE; record 10	group-compressed	なきながら おとこにすがりついている	なきながら おとこにすがりついている	nakinagara otokonisugaritsuiteiru	なきながら おとこにすがりついている	She tearfully begs him.	She tearfully begs him.			yes	hiragana:17; katakana:0; kanji:0; Latin:0; digits:0; phonetic hiragana orthography		おとこ → 男		low		
804	TT5	TT5/g0/r11	scenario	group 0 @ 0xAFCE; record 11	group-compressed	たいまつのひに てりはえるふくめんが{CTRL:0}ぶきみさをましている	たいまつのひに てりはえるふくめんが ⟦CTRL:0⟧ ぶきみさをましている	taimatsunohini terihaerufukumenga / bukimisaomashiteiru	たいまつのひに てりはえるふくめんがぶきみさをましている	Torchlight on the mask{CTRL:0}makes it more sinister.	Torchlight on the mask ⟦CTRL:0⟧ makes it more sinister.	0	0	yes	hiragana:27; katakana:0; kanji:0; Latin:0; digits:0; phonetic hiragana orthography		Source suppresses normal kanji/katakana distinctions; restore only with context		medium		
805	TT5	TT5/g0/r12	scenario	group 0 @ 0xAFCE; record 12	group-compressed	もう すがたはみえない	もう すがたはみえない	mou sugatahamienai	もう すがたはみえない	He is already gone.	He is already gone.			yes	hiragana:10; katakana:0; kanji:0; Latin:0; digits:0; phonetic hiragana orthography		Source suppresses normal kanji/katakana distinctions; restore only with context		medium		
806	TT5	TT5/g0/r13	scenario	group 0 @ 0xAFCE; record 13	group-compressed	ひづめのあとが つづいている	ひづめのあとが つづいている	hizumenoatoga tsuzuiteiru	ひづめのあとが つづいている	Hoofprints lead onward.	Hoofprints lead onward.			yes	hiragana:13; katakana:0; kanji:0; Latin:0; digits:0; phonetic hiragana orthography		Source suppresses normal kanji/katakana distinctions; restore only with context		medium		
807	TT5	TT5/g0/r14	scenario	group 0 @ 0xAFCE; record 14	group-compressed	きょうから どこにねるんだろ	きょうから どこにねるんだろ	kyoukara dokoninerundaro	きょうから どこにねるんだろ	Where will we sleep now?	Where will we sleep now?			yes	hiragana:13; katakana:0; kanji:0; Latin:0; digits:0; phonetic hiragana orthography		Source suppresses normal kanji/katakana distinctions; restore only with context		medium		
808	TT5	TT5/g0/r15	scenario	group 0 @ 0xAFCE; record 15	group-compressed	だれもいない	だれもいない	daremoinai	だれもいない	No one is here.	No one is here.			yes	hiragana:6; katakana:0; kanji:0; Latin:0; digits:0; phonetic hiragana orthography		Source suppresses normal kanji/katakana distinctions; restore only with context		medium		
809	TT5	TT5/g0/r16	scenario	group 0 @ 0xAFCE; record 16	group-compressed	……「ぼす／ こやのなかに こんなものが」{CTRL:1}おとこ「ほほう…… 100どるさつじゃないか」{CTRL:0}べる「そ そのおかねは……」{CTRL:6}おとこ「こんなものは きさまらには{CTRL:4} ひつようない おれがもらっといてやろう」{CTRL:4}べる「おに／ あくま／」{CTRL:3}おとこ「うるさい／」	……「ぼす／ こやのなかに こんなものが」 ⟦CTRL:1⟧ おとこ「ほほう…… 100どるさつじゃないか」 ⟦CTRL:0⟧ べる「そ そのおかねは……」 ⟦CTRL:6⟧ おとこ「こんなものは きさまらには ⟦CTRL:4⟧  ひつようない おれがもらっといてやろう」 ⟦CTRL:4⟧ べる「おに／ あくま／」 ⟦CTRL:3⟧ おとこ「うるさい／」	……「bosu／ koyanonakani konnamonoga」 / otoko「hohou…… 100dorusatsujanaika」 / beru「so sonookaneha……」 / otoko「konnamonoha kisamaraniha /  hitsuyounai oregamorattoiteyarou」 / beru「oni／ akuma／」 / otoko「urusai／」	……「ぼす／ こやのなかに こんなものが」おとこ「ほほう…… 100どるさつじゃないか」べる「そ そのおかねは……」おとこ「こんなものは きさまらには ひつようない おれがもらっといてやろう」べる「おに／ あくま／」おとこ「うるさい／」	Man: Boss! I found this.{CTRL:1}Man: A hundred dollars!{CTRL:0}Belle: Th-that money...{CTRL:6}Man: You do not need it.{CTRL:4}I will keep it for you.{CTRL:4}Belle: Monster! Devil!{CTRL:3}Man: Shut up!	Man: Boss! I found this. ⟦CTRL:1⟧ Man: A hundred dollars! ⟦CTRL:0⟧ Belle: Th-that money... ⟦CTRL:6⟧ Man: You do not need it. ⟦CTRL:4⟧ I will keep it for you. ⟦CTRL:4⟧ Belle: Monster! Devil! ⟦CTRL:3⟧ Man: Shut up!	1,0,6,4,4,3	1,0,6,4,4,3	yes	hiragana:85; katakana:0; kanji:0; Latin:0; digits:3; phonetic hiragana orthography	おれ: plain-to-rough masculine first person | きさま: hostile/contemptuous second person in modern usage | じゃ: old-person/western-style copula; context decides voice versus region	あくま → 悪魔 | おとこ → 男	source numerals ['100']; verify dates/counts and Japanese ordering | ellipsis carries timing/hesitation tone	medium		
810	TT5	TT5/g0/r17	scenario	group 0 @ 0xAFCE; record 17	group-compressed	びしっ／{CTRL:0}べる「きゃあーーっ／」	びしっ／ ⟦CTRL:0⟧ べる「きゃあーーっ／」	bishi／ / bberu「kyaaaa／」	びしっ／べる「きゃあーーっ／」	Crack!{CTRL:0}Belle: Aaaah!	Crack! ⟦CTRL:0⟧ Belle: Aaaah!	0	0	yes	hiragana:9; katakana:2; kanji:0; Latin:0; digits:0		Source suppresses normal kanji/katakana distinctions; restore only with context		medium		
811	TT5	TT5/g0/r18	scenario	group 0 @ 0xAFCE; record 18	group-compressed	おとこ「なんぶから でていこうなどとおもうな{CTRL:0} いっしょうを おれたちのためにささげるんだ{CTRL:2} わかったな……」	おとこ「なんぶから でていこうなどとおもうな ⟦CTRL:0⟧  いっしょうを おれたちのためにささげるんだ ⟦CTRL:2⟧  わかったな……」	otoko「nanbukara deteikounadotoomouna /  isshouo oretachinotamenisasagerunda /  wakattana……」	おとこ「なんぶから でていこうなどとおもうな いっしょうを おれたちのためにささげるんだ わかったな……」	Man: Stay in the South.{CTRL:0}Serve us all your lives.{CTRL:2}Understand...?	Man: Stay in the South. ⟦CTRL:0⟧ Serve us all your lives. ⟦CTRL:2⟧ Understand...?	0,2	0,2	yes	hiragana:45; katakana:0; kanji:0; Latin:0; digits:0; phonetic hiragana orthography	おれ: plain-to-rough masculine first person	おとこ → 男 | おもう → 思う	ellipsis carries timing/hesitation tone	medium		
812	TT5	TT5/g0/r19	scenario	group 0 @ 0xAFCE; record 19	group-compressed	…………………………………………	…………………………………………	…………………………………………	…………………………………………	........................	........................			yes	hiragana:0; katakana:0; kanji:0; Latin:0; digits:0			ellipsis carries timing/hesitation tone	low		
813	TT5	TT5/g0/r20	scenario	group 0 @ 0xAFCE; record 20	group-compressed	どこへ！	どこへ！	dokohe！	どこへ！	Go where?	Go where?			yes	hiragana:3; katakana:0; kanji:0; Latin:0; digits:0; phonetic hiragana orthography		Source suppresses normal kanji/katakana distinctions; restore only with context		medium		
814	TT5	TT5/g0/r21	scenario	group 0 @ 0xAFCE; record 21	group-compressed	いえは もうない	いえは もうない	ieha mounai	いえは もうない	Our home is gone.	Our home is gone.			yes	hiragana:7; katakana:0; kanji:0; Latin:0; digits:0; phonetic hiragana orthography		Source suppresses normal kanji/katakana distinctions; restore only with context		medium		
815	TT5	TT5/g0/r22	scenario	group 0 @ 0xAFCE; record 22	group-compressed	いまにもくずれおちそうな おんぼろごやだ	いまにもくずれおちそうな おんぼろごやだ	imanimokuzureochisouna onborogoyada	いまにもくずれおちそうな おんぼろごやだ	A crumbling old shack.	A crumbling old shack.			yes	hiragana:19; katakana:0; kanji:0; Latin:0; digits:0; phonetic hiragana orthography		Source suppresses normal kanji/katakana distinctions; restore only with context		medium		
816	TT5	TT5/g0/r23	scenario	group 0 @ 0xAFCE; record 23	group-compressed	べっどのそばに たんすがある	べっどのそばに たんすがある	beddonosobani tansugaaru	べっどのそばに たんすがある	A dresser stands by bed.	A dresser stands by bed.			yes	hiragana:13; katakana:0; kanji:0; Latin:0; digits:0; phonetic hiragana orthography		Source suppresses normal kanji/katakana distinctions; restore only with context		medium		
817	TT5	TT5/g0/r24	scenario	group 0 @ 0xAFCE; record 24	group-compressed	しんぱいそうに おれのかおをのぞきこんでいる	しんぱいそうに おれのかおをのぞきこんでいる	shinpaisouni orenokaoonozokikondeiru	しんぱいそうに おれのかおをのぞきこんでいる	She eyes me anxiously.	She eyes me anxiously.			yes	hiragana:21; katakana:0; kanji:0; Latin:0; digits:0; phonetic hiragana orthography	おれ: plain-to-rough masculine first person	Source suppresses normal kanji/katakana distinctions; restore only with context		medium		
818	TT5	TT5/g0/r25	scenario	group 0 @ 0xAFCE; record 25	group-compressed	どうやら おれのははおやらしい	どうやら おれのははおやらしい	douyara orenohahaoyarashii	どうやら おれのははおやらしい	She must be my mother.	She must be my mother.			yes	hiragana:14; katakana:0; kanji:0; Latin:0; digits:0; phonetic hiragana orthography	おれ: plain-to-rough masculine first person	Source suppresses normal kanji/katakana distinctions; restore only with context		medium		
819	TT5	TT5/g0/r26	scenario	group 0 @ 0xAFCE; record 26	group-compressed	ねむっている	ねむっている	nemutteiru	ねむっている	She is asleep.	She is asleep.			yes	hiragana:6; katakana:0; kanji:0; Latin:0; digits:0; phonetic hiragana orthography		Source suppresses normal kanji/katakana distinctions; restore only with context		medium		
820	TT5	TT5/g0/r27	scenario	group 0 @ 0xAFCE; record 27	group-compressed	しわくちゃで どろのついたさつばかりだ{CTRL:1}べる「ちとあせの けっしょうさ」	しわくちゃで どろのついたさつばかりだ ⟦CTRL:1⟧ べる「ちとあせの けっしょうさ」	shiwakuchade doronotsuitasatsubakarida / beru「chitoaseno kesshousa」	しわくちゃで どろのついたさつばかりだべる「ちとあせの けっしょうさ」	Dirty, wrinkled bills.{CTRL:1}Belle: Blood and sweat.	Dirty, wrinkled bills. ⟦CTRL:1⟧ Belle: Blood and sweat.	1	1	yes	hiragana:31; katakana:0; kanji:0; Latin:0; digits:0; phonetic hiragana orthography	だべ: Tohoku/rural-coded conjectural ending	Source suppresses normal kanji/katakana distinctions; restore only with context		medium		
821	TT5	TT5/g0/r28	scenario	group 0 @ 0xAFCE; record 28	group-compressed	つきのひかりにしちゃ あかるすぎるな……	つきのひかりにしちゃ あかるすぎるな……	tsukinohikarinishicha akarusugiruna……	つきのひかりにしちゃ あかるすぎるな……	That is no moonlight...	That is no moonlight...			yes	hiragana:17; katakana:0; kanji:0; Latin:0; digits:0; phonetic hiragana orthography		Source suppresses normal kanji/katakana distinctions; restore only with context	ellipsis carries timing/hesitation tone	medium		
822	TT5	TT5/g0/r29	scenario	group 0 @ 0xAFCE; record 29	group-compressed	おとこ「おきろよ じょーじ」{CTRL:0}おれ「／」	おとこ「おきろよ じょーじ」 ⟦CTRL:0⟧ おれ「／」	otoko「okiroyo jooji」 / ore「／」	おとこ「おきろよ じょーじ」おれ「／」	Man: Wake up, George.{CTRL:0}Me: Ah!	Man: Wake up, George. ⟦CTRL:0⟧ Me: Ah!	0	0	yes	hiragana:12; katakana:1; kanji:0; Latin:0; digits:0	おれ: plain-to-rough masculine first person	おとこ → 男		medium		
823	TT5	TT5/g0/r30	scenario	group 0 @ 0xAFCE; record 30	group-compressed	べる「なんだい！ こんなよなかに…{CTRL:0} ひっ／」{CTRL:2}おれ「だ だれだ／」{CTRL:6}おとこ「おしえにきてやったのさ{CTRL:4} つめたい げんじつってやつをな……」	べる「なんだい！ こんなよなかに… ⟦CTRL:0⟧  ひっ／」 ⟦CTRL:2⟧ おれ「だ だれだ／」 ⟦CTRL:6⟧ おとこ「おしえにきてやったのさ ⟦CTRL:4⟧  つめたい げんじつってやつをな……」	beru「nandai！ konnayonakani… /  hi／」 / oore「da dareda／」 / otoko「oshienikiteyattanosa /  tsumetai genjitsutteyatsuona……」	べる「なんだい！ こんなよなかに… ひっ／」おれ「だ だれだ／」おとこ「おしえにきてやったのさ つめたい げんじつってやつをな……」	Belle: Who is it...?{CTRL:0}Eek!{CTRL:2}Me: W-who are you?{CTRL:6}Man: I came to teach you{CTRL:4}about cold reality...	Belle: Who is it...? ⟦CTRL:0⟧ Eek! ⟦CTRL:2⟧ Me: W-who are you? ⟦CTRL:6⟧ Man: I came to teach you ⟦CTRL:4⟧ about cold reality...	0,2,6,4	0,2,6,4	yes	hiragana:49; katakana:0; kanji:0; Latin:0; digits:0; phonetic hiragana orthography	おれ: plain-to-rough masculine first person	おとこ → 男	ellipsis carries timing/hesitation tone	medium		
824	TT5	TT5/g0/r31	scenario	group 0 @ 0xAFCE; record 31	group-compressed	べる「おまえはもう どれいじゃないんだ{CTRL:0} そんなに はたらかなくたっていいんだよ」{CTRL:2}おれ「あの あなたは……」{CTRL:6}べる「なにいってんだい このこは……{CTRL:4} ははおやをからかうなんて たちがわるいよ」	べる「おまえはもう どれいじゃないんだ ⟦CTRL:0⟧  そんなに はたらかなくたっていいんだよ」 ⟦CTRL:2⟧ おれ「あの あなたは……」 ⟦CTRL:6⟧ べる「なにいってんだい このこは…… ⟦CTRL:4⟧  ははおやをからかうなんて たちがわるいよ」	beru「omaehamou doreijanainda /  sonnani hatarakanakutatteiindayo」 / ore「ano anataha……」 / beru「naniittendai konokoha…… /  hahaoyaokarakaunante tachigawaruiyo」	べる「おまえはもう どれいじゃないんだ そんなに はたらかなくたっていいんだよ」おれ「あの あなたは……」べる「なにいってんだい このこは…… ははおやをからかうなんて たちがわるいよ」	Belle: You are free now.{CTRL:0}No need to work so hard.{CTRL:2}Me: Um, who are you...?{CTRL:6}Belle: What do you mean?{CTRL:4}Do not mock your mother.	Belle: You are free now. ⟦CTRL:0⟧ No need to work so hard. ⟦CTRL:2⟧ Me: Um, who are you...? ⟦CTRL:6⟧ Belle: What do you mean? ⟦CTRL:4⟧ Do not mock your mother.	0,2,6,4	0,2,6,4	yes	hiragana:76; katakana:0; kanji:0; Latin:0; digits:0; phonetic hiragana orthography	おれ: plain-to-rough masculine first person | おまえ: familiar or rough second person; relationship and tone matter | じゃ: old-person/western-style copula; context decides voice versus region	どれい → 奴隷	ellipsis carries timing/hesitation tone	medium		
825	TT5	TT5/g1/r0	scenario	group 1 @ 0xB3E3; record 0	group-compressed	べる「なかまたちが つぎつぎとでていって{CTRL:0} のこったのはあたしたちと とむじいさんの{CTRL:0} 3にんだけ…… いそがしいのもむりないよね」	べる「なかまたちが つぎつぎとでていって ⟦CTRL:0⟧  のこったのはあたしたちと とむじいさんの ⟦CTRL:0⟧  3にんだけ…… いそがしいのもむりないよね」	beru「nakamatachiga tsugitsugitodeteitte /  nokottanohaatashitachito tomujiisanno /  3nindake…… isogashiinomomurinaiyone」	べる「なかまたちが つぎつぎとでていって のこったのはあたしたちと とむじいさんの 3にんだけ…… いそがしいのもむりないよね」	Belle: Our friends left{CTRL:0}one by one. Just old Tom{CTRL:0}and we remain. So busy!	Belle: Our friends left ⟦CTRL:0⟧ one by one. Just old Tom ⟦CTRL:0⟧ and we remain. So busy!	0,0	0,0	yes	hiragana:54; katakana:0; kanji:0; Latin:0; digits:1; phonetic hiragana orthography	さん: -san: ordinary respectful address	Source suppresses normal kanji/katakana distinctions; restore only with context	source numerals ['3']; verify dates/counts and Japanese ordering | ellipsis carries timing/hesitation tone	medium		
826	TT5	TT5/g1/r1	scenario	group 1 @ 0xB3E3; record 1	group-compressed	べる「あたしたちも そろそろしおどきさ{CTRL:0} もう ここをでよう／」{CTRL:2}おれ「……」{CTRL:6}べる「だんなさまは なんぶのにんげんには{CTRL:4} めずらしく はなしのわかるおひとだ{CTRL:4} きっとゆるしてくださるよ」	べる「あたしたちも そろそろしおどきさ ⟦CTRL:0⟧  もう ここをでよう／」 ⟦CTRL:2⟧ おれ「……」 ⟦CTRL:6⟧ べる「だんなさまは なんぶのにんげんには ⟦CTRL:4⟧  めずらしく はなしのわかるおひとだ ⟦CTRL:4⟧  きっとゆるしてくださるよ」	beru「atashitachimo sorosoroshiodokisa /  mou kokoodeyou／」 / ore「……」 / beru「dannasamaha nanbunoningenniha /  mezurashiku hanashinowakaruohitoda /  kittoyurushitekudasaruyo」	べる「あたしたちも そろそろしおどきさ もう ここをでよう／」おれ「……」べる「だんなさまは なんぶのにんげんには めずらしく はなしのわかるおひとだ きっとゆるしてくださるよ」	Belle: It is time for us{CTRL:0}to leave this place!{CTRL:2}Me: ...{CTRL:6}Belle: Master is unlike{CTRL:4}most Southern men.{CTRL:4}He will understand us.	Belle: It is time for us ⟦CTRL:0⟧ to leave this place! ⟦CTRL:2⟧ Me: ... ⟦CTRL:6⟧ Belle: Master is unlike ⟦CTRL:4⟧ most Southern men. ⟦CTRL:4⟧ He will understand us.	0,2,6,4,4	0,2,6,4,4	yes	hiragana:73; katakana:0; kanji:0; Latin:0; digits:0; phonetic hiragana orthography	おれ: plain-to-rough masculine first person | さま: -sama: high respect, worship, status, or irony	はなし → 話 | わかる → 分かる	ellipsis carries timing/hesitation tone	medium		
827	TT5	TT5/g1/r2	scenario	group 1 @ 0xB3E3; record 2	group-compressed	べるは ねむっている	べるは ねむっている	beruha nemutteiru	べるは ねむっている	Belle is asleep.	Belle is asleep.			yes	hiragana:9; katakana:0; kanji:0; Latin:0; digits:0; phonetic hiragana orthography		Source suppresses normal kanji/katakana distinctions; restore only with context		medium		
828	TT5	TT5/g1/r3	scenario	group 1 @ 0xB3E3; record 3	group-compressed	なにを！	なにを！	nanio！	なにを！	Use what?	Use what?			yes	hiragana:3; katakana:0; kanji:0; Latin:0; digits:0; phonetic hiragana orthography		Source suppresses normal kanji/katakana distinctions; restore only with context		medium		
829	TT5	TT5/g1/r4	scenario	group 1 @ 0xB3E3; record 4	group-compressed	べる「こら／ とっちゃだめだ それはね{CTRL:0} なんじゅうねんもはたらいて こつこつとためた{CTRL:0} だいじな おかねなんだよ」	べる「こら／ とっちゃだめだ それはね ⟦CTRL:0⟧  なんじゅうねんもはたらいて こつこつとためた ⟦CTRL:0⟧  だいじな おかねなんだよ」	beru「kora／ totchadameda sorehane /  nanjuunenmohataraite kotsukotsutotameta /  daijina okanenandayo」	べる「こら／ とっちゃだめだ それはね なんじゅうねんもはたらいて こつこつとためた だいじな おかねなんだよ」	Belle: Do not take it!{CTRL:0}I saved it over decades.{CTRL:0}That money is precious.	Belle: Do not take it! ⟦CTRL:0⟧ I saved it over decades. ⟦CTRL:0⟧ That money is precious.	0,0	0,0	yes	hiragana:47; katakana:0; kanji:0; Latin:0; digits:0; phonetic hiragana orthography		だいじ → 大事		low		
830	TT5	TT5/g1/r5	scenario	group 1 @ 0xB3E3; record 5	group-compressed	100どるさつが なんまいかはいっている	100どるさつが なんまいかはいっている	100dorusatsuga nanmaikahaitteiru	100どるさつが なんまいかはいっている	100-dollar bills inside.	100-dollar bills inside.			yes	hiragana:16; katakana:0; kanji:0; Latin:0; digits:3; phonetic hiragana orthography		Source suppresses normal kanji/katakana distinctions; restore only with context	source numerals ['100']; verify dates/counts and Japanese ordering	medium		
831	TT5	TT5/g1/r6	scenario	group 1 @ 0xB3E3; record 6	group-compressed	とき……1864ねん 9がつ{CTRL:0}ばしょ……あめりかがっしゅうこく あとらんた{CTRL:0}なまえ……じょーじ{CTRL:0}     まいやーのうじょうの しようにん	とき……1864ねん 9がつ ⟦CTRL:0⟧ ばしょ……あめりかがっしゅうこく あとらんた ⟦CTRL:0⟧ なまえ……じょーじ ⟦CTRL:0⟧      まいやーのうじょうの しようにん	toki……1864nen 9gatsu / basho……amerikagasshuukoku atoranta / namae……jooji /      maiyaanoujouno shiyounin	とき……1864ねん 9がつばしょ……あめりかがっしゅうこく あとらんたなまえ……じょーじ     まいやーのうじょうの しようにん	Time: September 1864{CTRL:0}Place: Atlanta, USA{CTRL:0}Name: George{CTRL:0}Meyer's farmhand	Time: September 1864 ⟦CTRL:0⟧ Place: Atlanta, USA ⟦CTRL:0⟧ Name: George ⟦CTRL:0⟧ Meyer's farmhand	0,0,0	0,0,0	yes	hiragana:45; katakana:2; kanji:0; Latin:0; digits:5	とらん: colloquial/dialectal negative; inspect the verb and speaker	あめりか → アメリカ (America) | なまえ → 名前	source numerals ['1864', '9']; verify dates/counts and Japanese ordering | ellipsis carries timing/hesitation tone	medium		
832	TT5	TT5/g1/r7	scenario	group 1 @ 0xB3E3; record 7	group-compressed	べる「まだだめ もうすこしねてなさい」	べる「まだだめ もうすこしねてなさい」	beru「madadame mousukoshinetenasai」	べる「まだだめ もうすこしねてなさい」	Belle: Rest a bit more.	Belle: Rest a bit more.			yes	hiragana:16; katakana:0; kanji:0; Latin:0; digits:0; phonetic hiragana orthography		Source suppresses normal kanji/katakana distinctions; restore only with context		medium		
833	TT5	TT5/g1/r8	scenario	group 1 @ 0xB3E3; record 8	group-compressed	つかれた	つかれた	tsukareta	つかれた	I am tired.	I am tired.			yes	hiragana:4; katakana:0; kanji:0; Latin:0; digits:0; phonetic hiragana orthography		Source suppresses normal kanji/katakana distinctions; restore only with context		medium		
834	TT5	TT5/g1/r9	scenario	group 1 @ 0xB3E3; record 9	group-compressed	……「しっかりしなさい じょーじ／」{CTRL:1}……「じょーじ だいじょうぶか！ じょーじ／」{CTRL:0}……「じょーじ／」	……「しっかりしなさい じょーじ／」 ⟦CTRL:1⟧ ……「じょーじ だいじょうぶか！ じょーじ／」 ⟦CTRL:0⟧ ……「じょーじ／」	……「shikkarishinasai jooji／」 / ……「jooji daijoubuka！ jooji／」 / ……「jooji／」	……「しっかりしなさい じょーじ／」……「じょーじ だいじょうぶか！ じょーじ／」……「じょーじ／」	Be strong, George!{CTRL:1}Are you okay, George?!{CTRL:0}George!	Be strong, George! ⟦CTRL:1⟧ Are you okay, George?! ⟦CTRL:0⟧ George!	1,0	1,0	yes	hiragana:27; katakana:4; kanji:0; Latin:0; digits:0		だいじょうぶ → 大丈夫	ellipsis carries timing/hesitation tone	low		
835	TT5	TT5/g1/r10	scenario	group 1 @ 0xB3E3; record 10	group-compressed	あたまが ぼーーっとする……{CTRL:1}ひどく からだがだるい{CTRL:2}それよりも……のどが… のどがからからだ{CTRL:6}べる「じょーじ／」{CTRL:4}まいやー「かるい にっしゃびょうだな{CTRL:4} すこしねれば なおる」	あたまが ぼーーっとする…… ⟦CTRL:1⟧ ひどく からだがだるい ⟦CTRL:2⟧ それよりも……のどが… のどがからからだ ⟦CTRL:6⟧ べる「じょーじ／」 ⟦CTRL:4⟧ まいやー「かるい にっしゃびょうだな ⟦CTRL:4⟧  すこしねれば なおる」	atamaga booottosuru…… / hidoku karadagadarui / soreyorimo……nodoga… nodogakarakarada / beru「jooji／」 / maiyaa「karui nisshabyoudana /  sukoshinereba naoru」	あたまが ぼーーっとする……ひどく からだがだるいそれよりも……のどが… のどがからからだべる「じょーじ／」まいやー「かるい にっしゃびょうだな すこしねれば なおる」	My head feels fuzzy...{CTRL:1}my body feels so heavy.{CTRL:2}My throat is bone-dry...{CTRL:6}Belle: George!{CTRL:4}Meyer: Mild sunstroke.{CTRL:4}Rest. You will recover.	My head feels fuzzy... ⟦CTRL:1⟧ my body feels so heavy. ⟦CTRL:2⟧ My throat is bone-dry... ⟦CTRL:6⟧ Belle: George! ⟦CTRL:4⟧ Meyer: Mild sunstroke. ⟦CTRL:4⟧ Rest. You will recover.	1,2,6,4,4	1,2,6,4,4	yes	hiragana:64; katakana:4; kanji:0; Latin:0; digits:0	だべ: Tohoku/rural-coded conjectural ending	からだ → 体	ellipsis carries timing/hesitation tone	medium		
836	TT5	TT5/g1/r11	scenario	group 1 @ 0xB3E3; record 11	group-compressed	いちめんの めんかばたけだ	いちめんの めんかばたけだ	ichimenno menkabatakeda	いちめんの めんかばたけだ	A vast cotton field.	A vast cotton field.			yes	hiragana:12; katakana:0; kanji:0; Latin:0; digits:0; phonetic hiragana orthography		Source suppresses normal kanji/katakana distinctions; restore only with context		medium		
837	TT5	TT5/g1/r12	scenario	group 1 @ 0xB3E3; record 12	group-compressed	あせびっしょりで はたらいている	あせびっしょりで はたらいている	asebisshoride hataraiteiru	あせびっしょりで はたらいている	Sweat pours as he works.	Sweat pours as he works.			yes	hiragana:15; katakana:0; kanji:0; Latin:0; digits:0; phonetic hiragana orthography		Source suppresses normal kanji/katakana distinctions; restore only with context		medium		
838	TT5	TT5/g1/r13	scenario	group 1 @ 0xB3E3; record 13	group-compressed	じょーじ「りんかーんがいるかぎり おれたちの{CTRL:0} みらいは まだまだすてたもんじゃない{CTRL:2} だってかれは かみさまのこどもなんだからね」	じょーじ「りんかーんがいるかぎり おれたちの ⟦CTRL:0⟧  みらいは まだまだすてたもんじゃない ⟦CTRL:2⟧  だってかれは かみさまのこどもなんだからね」	jooji「rinkaangairukagiri oretachino /  miraiha madamadasutetamonjanai /  dattekareha kamisamanokodomonandakarane」	じょーじ「りんかーんがいるかぎり おれたちの みらいは まだまだすてたもんじゃない だってかれは かみさまのこどもなんだからね」	George: Lincoln gives us{CTRL:0}hope for our future.{CTRL:2}He is a child of God.	George: Lincoln gives us ⟦CTRL:0⟧ hope for our future. ⟦CTRL:2⟧ He is a child of God.	0,2	0,2	yes	hiragana:55; katakana:2; kanji:0; Latin:0; digits:0	おれ: plain-to-rough masculine first person | じゃ: old-person/western-style copula; context decides voice versus region | さま: -sama: high respect, worship, status, or irony	りんかーん → リンカーン (Lincoln) | かみさま → 神様 | みらい → 未来 | こども → 子供		medium		
839	TT5	TT5/g1/r14	scenario	group 1 @ 0xB3E3; record 14	group-compressed	じょーじ「いいんだよ かあさん{CTRL:0} それは おれのしごとだ」	じょーじ「いいんだよ かあさん ⟦CTRL:0⟧  それは おれのしごとだ」	jooji「iindayo kaasan /  soreha orenoshigotoda」	じょーじ「いいんだよ かあさん それは おれのしごとだ」	George: It is okay, Mom.{CTRL:0}That is my job.	George: It is okay, Mom. ⟦CTRL:0⟧ That is my job.	0	0	yes	hiragana:22; katakana:1; kanji:0; Latin:0; digits:0	おれ: plain-to-rough masculine first person | さん: -san: ordinary respectful address	Source suppresses normal kanji/katakana distinctions; restore only with context		high		
840	TT5	TT5/g1/r15	scenario	group 1 @ 0xB3E3; record 15	group-compressed	じょーじ「うりゃうりゃ／」	じょーじ「うりゃうりゃ／」	jooji「uryaurya／」	じょーじ「うりゃうりゃ／」	George: Heave-ho!	George: Heave-ho!			yes	hiragana:9; katakana:1; kanji:0; Latin:0; digits:0		Source suppresses normal kanji/katakana distinctions; restore only with context		medium		
841	TT5	TT5/g1/r16	scenario	group 1 @ 0xB3E3; record 16	group-compressed	まいやー「さっそくだが しごとにかかってくれ{CTRL:1} いくつかのしごとを こうりつよくこなす{CTRL:0} ためには じゅんじょをまもらなくてはならん」	まいやー「さっそくだが しごとにかかってくれ ⟦CTRL:1⟧  いくつかのしごとを こうりつよくこなす ⟦CTRL:0⟧  ためには じゅんじょをまもらなくてはならん」	maiyaa「sassokudaga shigotonikakattekure /  ikutsukanoshigotoo kouritsuyokukonasu /  tameniha junjoomamoranakutehanaran」	まいやー「さっそくだが しごとにかかってくれ いくつかのしごとを こうりつよくこなす ためには じゅんじょをまもらなくてはならん」	Meyer: Get to work now.{CTRL:1}To finish each task well{CTRL:0}follow the proper order.	Meyer: Get to work now. ⟦CTRL:1⟧ To finish each task well ⟦CTRL:0⟧ follow the proper order.	1,0	1,0	yes	hiragana:57; katakana:1; kanji:0; Latin:0; digits:0		Source suppresses normal kanji/katakana distinctions; restore only with context		medium		
842	TT5	TT5/g1/r17	scenario	group 1 @ 0xB3E3; record 17	group-compressed	まいやー「わたしのいうことを よーくきいて{CTRL:0} そのとおりにするんだ いいな！」	まいやー「わたしのいうことを よーくきいて ⟦CTRL:0⟧  そのとおりにするんだ いいな！」	maiyaa「watashinoiukotoo yookukiite /  sonotoorinisurunda iina！」	まいやー「わたしのいうことを よーくきいて そのとおりにするんだ いいな！」	Meyer: Listen closely,{CTRL:0}then do just as I say.	Meyer: Listen closely, ⟦CTRL:0⟧ then do just as I say.	0	0	yes	hiragana:30; katakana:2; kanji:0; Latin:0; digits:0		Source suppresses normal kanji/katakana distinctions; restore only with context		medium		
843	TT5	TT5/g1/r18	scenario	group 1 @ 0xB3E3; record 18	group-compressed	まいやー「すけじゅーるをまもらないと{CTRL:0} きょうじゅうには おわらないぞ」	まいやー「すけじゅーるをまもらないと ⟦CTRL:0⟧  きょうじゅうには おわらないぞ」	maiyaa「sukejuuruomamoranaito /  kyoujuuniha owaranaizo」	まいやー「すけじゅーるをまもらないと きょうじゅうには おわらないぞ」	Meyer: Keep the schedule{CTRL:0}or you will not finish.	Meyer: Keep the schedule ⟦CTRL:0⟧ or you will not finish.	0	0	yes	hiragana:29; katakana:2; kanji:0; Latin:0; digits:0	ぞ: forceful assertion or command emphasis	Source suppresses normal kanji/katakana distinctions; restore only with context		medium		
844	TT5	TT5/g1/r19	scenario	group 1 @ 0xB3E3; record 19	group-compressed	まいやー「まずは わたのつみとりだ{CTRL:0} とうのかごに5きろずつ28こ つんだら{CTRL:0} つぎは ながさ70せんちのまきを{CTRL:0} 120ぽんつくれ 10ぷんやすんだら{CTRL:4} たにがわへみずをくみにいって りょうてに{CTRL:4} ばけつをさげて 3おうふくしてくるんだ{CTRL:4} つづいて にわのくさむしりを1じかんしたあと{CTRL:4} 15ふんやすんで やしきのやねを4かしょ{CTRL:4} しゅうりしたら おまえのしごとはおわりだ」{CTRL:4}{CTRL:4}{CTRL:4}{CTRL:4}	まいやー「まずは わたのつみとりだ ⟦CTRL:0⟧  とうのかごに5きろずつ28こ つんだら ⟦CTRL:0⟧  つぎは ながさ70せんちのまきを ⟦CTRL:0⟧  120ぽんつくれ 10ぷんやすんだら ⟦CTRL:4⟧  たにがわへみずをくみにいって りょうてに ⟦CTRL:4⟧  ばけつをさげて 3おうふくしてくるんだ ⟦CTRL:4⟧  つづいて にわのくさむしりを1じかんしたあと ⟦CTRL:4⟧  15ふんやすんで やしきのやねを4かしょ ⟦CTRL:4⟧  しゅうりしたら おまえのしごとはおわりだ」 ⟦CTRL:4⟧  ⟦CTRL:4⟧  ⟦CTRL:4⟧  ⟦CTRL:4⟧	maiyaa「mazuha watanotsumitorida /  tounokagoni5kirozutsu28ko tsundara /  tsugiha nagasa70senchinomakio /  120pontsukure 10punyasundara /  tanigawahemizuokuminiitte ryouteni /  baketsuosagete 3oufukushitekurunda /  tsuzuite niwanokusamushirio1jikanshitaato /  15funyasunde yashikinoyaneo4kasho /  shuurishitara omaenoshigotohaowarida」 /  /  /  / 	まいやー「まずは わたのつみとりだ とうのかごに5きろずつ28こ つんだら つぎは ながさ70せんちのまきを 120ぽんつくれ 10ぷんやすんだら たにがわへみずをくみにいって りょうてに ばけつをさげて 3おうふくしてくるんだ つづいて にわのくさむしりを1じかんしたあと 15ふんやすんで やしきのやねを4かしょ しゅうりしたら おまえのしごとはおわりだ」	Meyer: Pick cotton.{CTRL:0}Fill 28 5-kg baskets.{CTRL:0}Cut 120 70-cm logs.{CTRL:0}Then rest ten minutes.{CTRL:4}Fetch stream water, two{CTRL:4}buckets, three trips.{CTRL:4}Then weed for one hour.{CTRL:4}Rest 15 min. On the roof{CTRL:4}repair four spots. Done.{CTRL:4}{CTRL:4}{CTRL:4}{CTRL:4}	Meyer: Pick cotton. ⟦CTRL:0⟧ Fill 28 5-kg baskets. ⟦CTRL:0⟧ Cut 120 70-cm logs. ⟦CTRL:0⟧ Then rest ten minutes. ⟦CTRL:4⟧ Fetch stream water, two ⟦CTRL:4⟧ buckets, three trips. ⟦CTRL:4⟧ Then weed for one hour. ⟦CTRL:4⟧ Rest 15 min. On the roof ⟦CTRL:4⟧ repair four spots. Done. ⟦CTRL:4⟧  ⟦CTRL:4⟧  ⟦CTRL:4⟧  ⟦CTRL:4⟧	0,0,0,4,4,4,4,4,4,4,4,4	0,0,0,4,4,4,4,4,4,4,4,4	yes	hiragana:145; katakana:1; kanji:0; Latin:0; digits:15	おまえ: familiar or rough second person; relationship and tone matter	じかん → 時間	source numerals ['5', '28', '70', '120', '10', '3', '1', '15', '4']; verify dates/counts and Japanese ordering	medium		
845	TT5	TT5/g1/r20	scenario	group 1 @ 0xB3E3; record 20	group-compressed	まいやー「わかったな！」	まいやー「わかったな！」	maiyaa「wakattana！」	まいやー「わかったな！」	Meyer: Understood?	Meyer: Understood?			yes	hiragana:8; katakana:1; kanji:0; Latin:0; digits:0		Source suppresses normal kanji/katakana distinctions; restore only with context		medium		
846	TT5	TT5/g1/r21	scenario	group 1 @ 0xB3E3; record 21	group-compressed	まいやー「わたしは いそがしいんだ{CTRL:0} もう1かいだけだぞ」	まいやー「わたしは いそがしいんだ ⟦CTRL:0⟧  もう1かいだけだぞ」	maiyaa「watashiha isogashiinda /  mou1kaidakedazo」	まいやー「わたしは いそがしいんだ もう1かいだけだぞ」	Meyer: I am busy.{CTRL:0}Only one more time.	Meyer: I am busy. ⟦CTRL:0⟧ Only one more time.	0	0	yes	hiragana:22; katakana:1; kanji:0; Latin:0; digits:1	ぞ: forceful assertion or command emphasis	Source suppresses normal kanji/katakana distinctions; restore only with context	source numerals ['1']; verify dates/counts and Japanese ordering	medium		
847	TT5	TT5/g1/r22	scenario	group 1 @ 0xB3E3; record 22	group-compressed	まいやー「じゃあ たのんだぞ」	まいやー「じゃあ たのんだぞ」	maiyaa「jaa tanondazo」	まいやー「じゃあ たのんだぞ」	Meyer: I leave it to you	Meyer: I leave it to you			yes	hiragana:11; katakana:1; kanji:0; Latin:0; digits:0	じゃ: old-person/western-style copula; context decides voice versus region | ぞ: forceful assertion or command emphasis	Source suppresses normal kanji/katakana distinctions; restore only with context		high		
848	TT5	TT5/g1/r23	scenario	group 1 @ 0xB3E3; record 23	group-compressed	えーーと たしかさいしょは……	えーーと たしかさいしょは……	eeeto tashikasaishoha……	えーーと たしかさいしょは……	Um... first was...?	Um... first was...?			yes	hiragana:10; katakana:2; kanji:0; Latin:0; digits:0		Source suppresses normal kanji/katakana distinctions; restore only with context	ellipsis carries timing/hesitation tone	medium		
849	TT5	TT5/g1/r24	scenario	group 1 @ 0xB3E3; record 24	group-compressed	つぎは……	つぎは……	tsugiha……	つぎは……	Next was...	Next was...			yes	hiragana:3; katakana:0; kanji:0; Latin:0; digits:0; phonetic hiragana orthography		Source suppresses normal kanji/katakana distinctions; restore only with context	ellipsis carries timing/hesitation tone	medium		
850	TT5	TT5/g1/r25	scenario	group 1 @ 0xB3E3; record 25	group-compressed	なんか ちがうみたいだな……	なんか ちがうみたいだな……	nanka chigaumitaidana……	なんか ちがうみたいだな……	That seems wrong...	That seems wrong...			yes	hiragana:11; katakana:0; kanji:0; Latin:0; digits:0; phonetic hiragana orthography		Source suppresses normal kanji/katakana distinctions; restore only with context	ellipsis carries timing/hesitation tone	medium		
851	TT5	TT5/g1/r26	scenario	group 1 @ 0xB3E3; record 26	group-compressed	よーし／ やるぞ／	よーし／ やるぞ／	yooshi／ yaruzo／	よーし／ やるぞ／	All right! Let's go!	All right! Let's go!			yes	hiragana:5; katakana:1; kanji:0; Latin:0; digits:0		Source suppresses normal kanji/katakana distinctions; restore only with context		medium		
852	TT5	TT5/g1/r27	scenario	group 1 @ 0xB3E3; record 27	group-compressed	おれ「うりゃうりゃ／」	おれ「うりゃうりゃ／」	ore「uryaurya／」	おれ「うりゃうりゃ／」	Me: Heave-ho!	Me: Heave-ho!			yes	hiragana:8; katakana:0; kanji:0; Latin:0; digits:0; phonetic hiragana orthography	おれ: plain-to-rough masculine first person	Source suppresses normal kanji/katakana distinctions; restore only with context		medium		
853	TT5	TT5/g1/r28	scenario	group 1 @ 0xB3E3; record 28	group-compressed	おれ「やっと おわった……」	おれ「やっと おわった……」	ore「yatto owatta……」	おれ「やっと おわった……」	Me: Finally done...	Me: Finally done...			yes	hiragana:9; katakana:0; kanji:0; Latin:0; digits:0; phonetic hiragana orthography	おれ: plain-to-rough masculine first person	Source suppresses normal kanji/katakana distinctions; restore only with context	ellipsis carries timing/hesitation tone	medium		
854	TT5	TT5/g1/r29	scenario	group 1 @ 0xB3E3; record 29	group-compressed	まいやー「ここにいたか じょーじ」{CTRL:1}おれ「しごとは ぜんぶおわりましたよ」{CTRL:2}まいやー「とむが しごとがはかどらなくて{CTRL:0} こまっている…… かちくごやにいるから{CTRL:4} てつだってやってくれ」{CTRL:4}おれ「……」	まいやー「ここにいたか じょーじ」 ⟦CTRL:1⟧ おれ「しごとは ぜんぶおわりましたよ」 ⟦CTRL:2⟧ まいやー「とむが しごとがはかどらなくて ⟦CTRL:0⟧  こまっている…… かちくごやにいるから ⟦CTRL:4⟧  てつだってやってくれ」 ⟦CTRL:4⟧ おれ「……」	maiyaa「kokoniitaka jooji」 / ore「shigotoha zenbuowarimashitayo」 / maiyaa「tomuga shigotogahakadoranakute /  komatteiru…… kachikugoyaniirukara /  tetsudatteyattekure」 / ore「……」	まいやー「ここにいたか じょーじ」おれ「しごとは ぜんぶおわりましたよ」まいやー「とむが しごとがはかどらなくて こまっている…… かちくごやにいるから てつだってやってくれ」おれ「……」	Meyer: There you are.{CTRL:1}Me: I finished all jobs.{CTRL:2}Meyer: Tom is lagging.{CTRL:0}He's in the stock barn.{CTRL:4}Go help him.{CTRL:4}Me: ...	Meyer: There you are. ⟦CTRL:1⟧ Me: I finished all jobs. ⟦CTRL:2⟧ Meyer: Tom is lagging. ⟦CTRL:0⟧ He's in the stock barn. ⟦CTRL:4⟧ Go help him. ⟦CTRL:4⟧ Me: ...	1,2,0,4,4	1,2,0,4,4	yes	hiragana:73; katakana:3; kanji:0; Latin:0; digits:0	おれ: plain-to-rough masculine first person	Source suppresses normal kanji/katakana distinctions; restore only with context	ellipsis carries timing/hesitation tone	medium		
855	TT5	TT5/g1/r30	scenario	group 1 @ 0xB3E3; record 30	group-compressed	ばけつ なんばいだっけ……	ばけつ なんばいだっけ……	baketsu nanbaidakke……	ばけつ なんばいだっけ……	How many buckets...?	How many buckets...?			yes	hiragana:10; katakana:0; kanji:0; Latin:0; digits:0; phonetic hiragana orthography		Source suppresses normal kanji/katakana distinctions; restore only with context	ellipsis carries timing/hesitation tone	medium		
856	TT5	TT5/g1/r31	scenario	group 1 @ 0xB3E3; record 31	group-compressed	かご なんこだった……！	かご なんこだった……！	kago nankodatta……！	かご なんこだった……！	How many baskets...?	How many baskets...?			yes	hiragana:8; katakana:0; kanji:0; Latin:0; digits:0; phonetic hiragana orthography		Source suppresses normal kanji/katakana distinctions; restore only with context	ellipsis carries timing/hesitation tone	medium		
857	TT5	TT5/g2/r0	scenario	group 2 @ 0xB7D2; record 0	group-compressed	なんかしょだったかな……	なんかしょだったかな……	nankashodattakana……	なんかしょだったかな……	How many places...?	How many places...?			yes	hiragana:10; katakana:0; kanji:0; Latin:0; digits:0; phonetic hiragana orthography		Source suppresses normal kanji/katakana distinctions; restore only with context	ellipsis carries timing/hesitation tone	medium		
858	TT5	TT5/g2/r1	scenario	group 2 @ 0xB7D2; record 1	group-compressed	あれ！ ながさは……！	あれ！ ながさは……！	are！ nagasaha……！	あれ！ ながさは……！	Wait! The length was...?	Wait! The length was...?			yes	hiragana:6; katakana:0; kanji:0; Latin:0; digits:0; phonetic hiragana orthography		Source suppresses normal kanji/katakana distinctions; restore only with context	ellipsis carries timing/hesitation tone	medium		
859	TT5	TT5/g2/r2	scenario	group 2 @ 0xB7D2; record 2	group-compressed	じかんは……	じかんは……	jikanha……	じかんは……	The time was...?	The time was...?			yes	hiragana:4; katakana:0; kanji:0; Latin:0; digits:0; phonetic hiragana orthography		じかん → 時間	ellipsis carries timing/hesitation tone	low		
860	TT5	TT5/g2/r3	scenario	group 2 @ 0xB7D2; record 3	group-compressed	とむ「おお べる／ いいところにきた{CTRL:1} このひとが わけのわからねえことを{CTRL:0} ゆってて こまってるだよ」	とむ「おお べる／ いいところにきた ⟦CTRL:1⟧  このひとが わけのわからねえことを ⟦CTRL:0⟧  ゆってて こまってるだよ」	tomu「oo beru／ iitokoronikita /  konohitoga wakenowakaraneekotoo /  yuttete komatterudayo」	とむ「おお べる／ いいところにきた このひとが わけのわからねえことを ゆってて こまってるだよ」	Tom: Belle! Good timing.{CTRL:1}This man says nonsense,{CTRL:0}and I am at a loss.	Tom: Belle! Good timing. ⟦CTRL:1⟧ This man says nonsense, ⟦CTRL:0⟧ and I am at a loss.	1,0	1,0	yes	hiragana:41; katakana:0; kanji:0; Latin:0; digits:0; phonetic hiragana orthography		Source suppresses normal kanji/katakana distinctions; restore only with context		medium		
861	TT5	TT5/g2/r4	scenario	group 2 @ 0xB7D2; record 4	group-compressed	かちくごやの まえだ	かちくごやの まえだ	kachikugoyano maeda	かちくごやの まえだ	By the livestock shed.	By the livestock shed.			yes	hiragana:9; katakana:0; kanji:0; Latin:0; digits:0; phonetic hiragana orthography		Source suppresses normal kanji/katakana distinctions; restore only with context		medium		
862	TT5	TT5/g2/r5	scenario	group 2 @ 0xB7D2; record 5	group-compressed	どこか まがぬけている	どこか まがぬけている	dokoka maganuketeiru	どこか まがぬけている	He looks rather foolish.	He looks rather foolish.			yes	hiragana:10; katakana:0; kanji:0; Latin:0; digits:0; phonetic hiragana orthography		Source suppresses normal kanji/katakana distinctions; restore only with context		medium		
863	TT5	TT5/g2/r6	scenario	group 2 @ 0xB7D2; record 6	group-compressed	めが きょろきょろとうごいて{CTRL:0}おちつきがない	めが きょろきょろとうごいて ⟦CTRL:0⟧ おちつきがない	mega kyorokyorotougoite / ochitsukiganai	めが きょろきょろとうごいておちつきがない	His eyes dart around,{CTRL:0}restless.	His eyes dart around, ⟦CTRL:0⟧ restless.	0	0	yes	hiragana:20; katakana:0; kanji:0; Latin:0; digits:0; phonetic hiragana orthography		Source suppresses normal kanji/katakana distinctions; restore only with context		medium		
864	TT5	TT5/g2/r7	scenario	group 2 @ 0xB7D2; record 7	group-compressed	しわくちゃで どろがついている{CTRL:1}おれ「この おさつは……」{CTRL:0}とむ「けさ だんなからもらっただよ」{CTRL:0}おれ「……」	しわくちゃで どろがついている ⟦CTRL:1⟧ おれ「この おさつは……」 ⟦CTRL:0⟧ とむ「けさ だんなからもらっただよ」 ⟦CTRL:0⟧ おれ「……」	shiwakuchade dorogatsuiteiru / ore「kono osatsuha……」 / tomu「kesa dannakaramorattadayo」 / ore「……」	しわくちゃで どろがついているおれ「この おさつは……」とむ「けさ だんなからもらっただよ」おれ「……」	Dirty, wrinkled bills.{CTRL:1}Me: These bills...{CTRL:0}Tom: Master paid me.{CTRL:0}Me: ...	Dirty, wrinkled bills. ⟦CTRL:1⟧ Me: These bills... ⟦CTRL:0⟧ Tom: Master paid me. ⟦CTRL:0⟧ Me: ...	1,0,0	1,0,0	yes	hiragana:39; katakana:0; kanji:0; Latin:0; digits:0; phonetic hiragana orthography	おれ: plain-to-rough masculine first person	Source suppresses normal kanji/katakana distinctions; restore only with context	ellipsis carries timing/hesitation tone	medium		
865	TT5	TT5/g2/r8	scenario	group 2 @ 0xB7D2; record 8	group-compressed	とむ「もうすぐ しょうにんがやってくるだ{CTRL:1} じょーじのおかげで かちくが かえて{CTRL:0} まんずめでたい」	とむ「もうすぐ しょうにんがやってくるだ ⟦CTRL:1⟧  じょーじのおかげで かちくが かえて ⟦CTRL:0⟧  まんずめでたい」	tomu「mousugu shouningayattekuruda /  joojinookagede kachikuga kaete /  manzumedetai」	とむ「もうすぐ しょうにんがやってくるだ じょーじのおかげで かちくが かえて まんずめでたい」	Tom: Trader comes soon.{CTRL:1}With your help, we can{CTRL:0}buy stock. Good news!	Tom: Trader comes soon. ⟦CTRL:1⟧ With your help, we can ⟦CTRL:0⟧ buy stock. Good news!	1,0	1,0	yes	hiragana:40; katakana:1; kanji:0; Latin:0; digits:0		Source suppresses normal kanji/katakana distinctions; restore only with context		medium		
866	TT5	TT5/g2/r9	scenario	group 2 @ 0xB7D2; record 9	group-compressed	とむ「べる はやくうってくれるように{CTRL:0} はなしをつけてくれ」	とむ「べる はやくうってくれるように ⟦CTRL:0⟧  はなしをつけてくれ」	tomu「beru hayakuuttekureruyouni /  hanashiotsuketekure」	とむ「べる はやくうってくれるように はなしをつけてくれ」	Tom: Belle, get him{CTRL:0}to sell quickly.	Tom: Belle, get him ⟦CTRL:0⟧ to sell quickly.	0	0	yes	hiragana:25; katakana:0; kanji:0; Latin:0; digits:0; phonetic hiragana orthography		はなし → 話		low		
867	TT5	TT5/g2/r10	scenario	group 2 @ 0xB7D2; record 10	group-compressed	とむ「ちかごろ めっきり めがきかなくなっただ{CTRL:0} わるいけど かんじょうしてくれ」{CTRL:2}100どるさつのたばをさしだした	とむ「ちかごろ めっきり めがきかなくなっただ ⟦CTRL:0⟧  わるいけど かんじょうしてくれ」 ⟦CTRL:2⟧ 100どるさつのたばをさしだした	tomu「chikagoro mekkiri megakikanakunattada /  waruikedo kanjoushitekure」 / 100dorusatsunotabaosashidashita	とむ「ちかごろ めっきり めがきかなくなっただ わるいけど かんじょうしてくれ」100どるさつのたばをさしだした	Tom: I cannot see well.{CTRL:0}Please count this money.{CTRL:2}A bundle of 100s.	Tom: I cannot see well. ⟦CTRL:0⟧ Please count this money. ⟦CTRL:2⟧ A bundle of 100s.	0,2	0,2	yes	hiragana:47; katakana:0; kanji:0; Latin:0; digits:3; phonetic hiragana orthography		Source suppresses normal kanji/katakana distinctions; restore only with context	source numerals ['100']; verify dates/counts and Japanese ordering	medium		
868	TT5	TT5/g2/r11	scenario	group 2 @ 0xB7D2; record 11	group-compressed	しょうにん「あのな… こんなことしっちょるか！」	しょうにん「あのな… こんなことしっちょるか！」	shounin「anona… konnakotoshitchoruka！」	しょうにん「あのな… こんなことしっちょるか！」	Trader: Know this one?	Trader: Know this one?			yes	hiragana:19; katakana:0; kanji:0; Latin:0; digits:0; phonetic hiragana orthography		Source suppresses normal kanji/katakana distinctions; restore only with context	ellipsis carries timing/hesitation tone	medium		
869	TT5	TT5/g2/r12	scenario	group 2 @ 0xB7D2; record 12	group-compressed	せいぶで いんでぃあんからはくじんを{CTRL:0}まもるため たたかったぐんたいは！	せいぶで いんでぃあんからはくじんを ⟦CTRL:0⟧ まもるため たたかったぐんたいは！	seibude indiankarahakujino / mamorutame tatakattaguntaiha！	せいぶで いんでぃあんからはくじんをまもるため たたかったぐんたいは！	Which unit fought{CTRL:0}Indians to guard whites?	Which unit fought ⟦CTRL:0⟧ Indians to guard whites?	0	0	yes	hiragana:32; katakana:0; kanji:0; Latin:0; digits:0; phonetic hiragana orthography		Source suppresses normal kanji/katakana distinctions; restore only with context		medium		
870	TT5	TT5/g2/r13	scenario	group 2 @ 0xB7D2; record 13	group-compressed	しょうにん「あほ」	しょうにん「あほ」	shounin「aho」	しょうにん「あほ」	Trader: Fool.	Trader: Fool.			yes	hiragana:7; katakana:0; kanji:0; Latin:0; digits:0; phonetic hiragana orthography		Source suppresses normal kanji/katakana distinctions; restore only with context		medium		
871	TT5	TT5/g2/r14	scenario	group 2 @ 0xB7D2; record 14	group-compressed	しょうにん「せいかいじゃ ならばこれはどうだ！」	しょうにん「せいかいじゃ ならばこれはどうだ！」	shounin「seikaija narabakorehadouda！」	しょうにん「せいかいじゃ ならばこれはどうだ！」	Trader: Right! Next one.	Trader: Right! Next one.			yes	hiragana:20; katakana:0; kanji:0; Latin:0; digits:0; phonetic hiragana orthography	じゃ: old-person/western-style copula; context decides voice versus region	Source suppresses normal kanji/katakana distinctions; restore only with context		medium		
872	TT5	TT5/g2/r15	scenario	group 2 @ 0xB7D2; record 15	group-compressed	にほんへかいこくをせまるため じょうりくした{CTRL:0}かんたいを なんとよぶ！	にほんへかいこくをせまるため じょうりくした ⟦CTRL:0⟧ かんたいを なんとよぶ！	nihonhekaikokuosemarutame jourikushita / kantaio nantoyobu！	にほんへかいこくをせまるため じょうりくしたかんたいを なんとよぶ！	What fleet forced Japan{CTRL:0}to open its ports?	What fleet forced Japan ⟦CTRL:0⟧ to open its ports?	0	0	yes	hiragana:31; katakana:0; kanji:0; Latin:0; digits:0; phonetic hiragana orthography		にほん → 日本		low		
873	TT5	TT5/g2/r16	scenario	group 2 @ 0xB7D2; record 16	group-compressed	なんぼくせんそうをおこす ひきがねとなった{CTRL:0}しょうせつ「あんくるとむのこや」の{CTRL:0}さくしゃは！	なんぼくせんそうをおこす ひきがねとなった ⟦CTRL:0⟧ しょうせつ「あんくるとむのこや」の ⟦CTRL:0⟧ さくしゃは！	nanbokusensouookosu hikiganetonatta / shousetsu「ankurutomunokoya」no / sakushaha！	なんぼくせんそうをおこす ひきがねとなったしょうせつ「あんくるとむのこや」のさくしゃは！	"Who wrote the novel that{CTRL:0}sparked the Civil War,{CTRL:0}""Uncle Tom's Cabin""?"	"Who wrote the novel that ⟦CTRL:0⟧ sparked the Civil War, ⟦CTRL:0⟧ ""Uncle Tom's Cabin""?"	0,0	0,0	yes	hiragana:40; katakana:0; kanji:0; Latin:0; digits:0; phonetic hiragana orthography	ぼく: soft/juvenile masculine first person	せんそう → 戦争		medium		
874	TT5	TT5/g2/r17	scenario	group 2 @ 0xB7D2; record 17	group-compressed	4にんのゆうめいな だいとうりょうのかおが{CTRL:0}ほられた さうすだこたの やまは！	4にんのゆうめいな だいとうりょうのかおが ⟦CTRL:0⟧ ほられた さうすだこたの やまは！	4ninnoyuumeina daitouryounokaoga / horareta sausudakotano yamaha！	4にんのゆうめいな だいとうりょうのかおがほられた さうすだこたの やまは！	Which South Dakota peak{CTRL:0}bears four presidents?	Which South Dakota peak ⟦CTRL:0⟧ bears four presidents?	0	0	yes	hiragana:33; katakana:0; kanji:0; Latin:0; digits:1; phonetic hiragana orthography		Source suppresses normal kanji/katakana distinctions; restore only with context	source numerals ['4']; verify dates/counts and Japanese ordering	medium		
875	TT5	TT5/g2/r18	scenario	group 2 @ 0xB7D2; record 18	group-compressed	はつめいおう・えじそんの 3だいはつめいとは{CTRL:0}ちくおんき はつでんきと！	はつめいおう・えじそんの 3だいはつめいとは ⟦CTRL:0⟧ ちくおんき はつでんきと！	hatsumeiou・ejisonno 3daihatsumeitoha / chikuonki hatsudenkito！	はつめいおう・えじそんの 3だいはつめいとはちくおんき はつでんきと！	Three Edison inventions:{CTRL:0}Phonograph, dynamo, and?	Three Edison inventions: ⟦CTRL:0⟧ Phonograph, dynamo, and?	0	0	yes	hiragana:30; katakana:1; kanji:0; Latin:0; digits:1		Source suppresses normal kanji/katakana distinctions; restore only with context	source numerals ['3']; verify dates/counts and Japanese ordering	medium		
876	TT5	TT5/g2/r19	scenario	group 2 @ 0xB7D2; record 19	group-compressed	しょうにん「せいかいじゃ{CTRL:1} ぜんもんせいかいとは やるもんじゃ{CTRL:2} では しょうばいをはじめようかのう」	しょうにん「せいかいじゃ ⟦CTRL:1⟧  ぜんもんせいかいとは やるもんじゃ ⟦CTRL:2⟧  では しょうばいをはじめようかのう」	shounin「seikaija /  zenmonseikaitoha yarumonja /  deha shoubaiohajimeyoukanou」	しょうにん「せいかいじゃ ぜんもんせいかいとは やるもんじゃ では しょうばいをはじめようかのう」	Trader: Correct!{CTRL:1}All right! Well done.{CTRL:2}Now let us trade.	Trader: Correct! ⟦CTRL:1⟧ All right! Well done. ⟦CTRL:2⟧ Now let us trade.	1,2	1,2	yes	hiragana:43; katakana:0; kanji:0; Latin:0; digits:0; phonetic hiragana orthography	じゃ: old-person/western-style copula; context decides voice versus region | のう: elderly/reflective sentence ending; often fictional voice	Source suppresses normal kanji/katakana distinctions; restore only with context		high		
877	TT5	TT5/g2/r20	scenario	group 2 @ 0xB7D2; record 20	group-compressed	しょうにん「ときは すべてのかなしみをやわらげる{CTRL:0} ……あめりかの ふるいことわざじゃ」	しょうにん「ときは すべてのかなしみをやわらげる ⟦CTRL:0⟧  ……あめりかの ふるいことわざじゃ」	shounin「tokiha subetenokanashimioyawarageru /  ……amerikano furuikotowazaja」	しょうにん「ときは すべてのかなしみをやわらげる ……あめりかの ふるいことわざじゃ」	Time eases every sorrow.{CTRL:0}An old American proverb.	Time eases every sorrow. ⟦CTRL:0⟧ An old American proverb.	0	0	yes	hiragana:36; katakana:0; kanji:0; Latin:0; digits:0; phonetic hiragana orthography	じゃ: old-person/western-style copula; context decides voice versus region	あめりか → アメリカ (America)	ellipsis carries timing/hesitation tone	medium		
878	TT5	TT5/g2/r21	scenario	group 2 @ 0xB7D2; record 21	group-compressed	とむ「べる いかないでくれ」	とむ「べる いかないでくれ」	tomu「beru ikanaidekure」	とむ「べる いかないでくれ」	Tom: Belle, do not go.	Tom: Belle, do not go.			yes	hiragana:11; katakana:0; kanji:0; Latin:0; digits:0; phonetic hiragana orthography		Source suppresses normal kanji/katakana distinctions; restore only with context		medium		
879	TT5	TT5/g2/r22	scenario	group 2 @ 0xB7D2; record 22	group-compressed	とむ「おお じょーじ／ まってただ{CTRL:0} ちょっと ちえをかしてもらいてえだ」	とむ「おお じょーじ／ まってただ ⟦CTRL:0⟧  ちょっと ちえをかしてもらいてえだ」	tomu「oo jooji／ mattetada /  chotto chieokashitemoraiteeda」	とむ「おお じょーじ／ まってただ ちょっと ちえをかしてもらいてえだ」	Tom: George! At last!{CTRL:0}I need your wisdom.	Tom: George! At last! ⟦CTRL:0⟧ I need your wisdom.	0	0	yes	hiragana:28; katakana:1; kanji:0; Latin:0; digits:0		Source suppresses normal kanji/katakana distinctions; restore only with context		medium		
880	TT5	TT5/g2/r23	scenario	group 2 @ 0xB7D2; record 23	group-compressed	とむ「1000どるぴったしで{CTRL:0} うし ひつじ ぶたを50ぴきかってこいと{CTRL:0} いわれただ{CTRL:6} うしは1ぴき120どる{CTRL:3} ひつじは1ぴき30どる{CTRL:3} ぶたは1ぴき5どる かかる{CTRL:3} いったい なんびきずつかえばええんかのー」	とむ「1000どるぴったしで ⟦CTRL:0⟧  うし ひつじ ぶたを50ぴきかってこいと ⟦CTRL:0⟧  いわれただ ⟦CTRL:6⟧  うしは1ぴき120どる ⟦CTRL:3⟧  ひつじは1ぴき30どる ⟦CTRL:3⟧  ぶたは1ぴき5どる かかる ⟦CTRL:3⟧  いったい なんびきずつかえばええんかのー」	tomu「1000dorupittashide /  ushi hitsuji butao50pikikattekoito /  iwaretada /  ushiha1piki120doru /  hitsujiha1piki30doru /  butaha1piki5doru kakaru /  ittai nanbikizutsukaebaeenkanoo」	とむ「1000どるぴったしで うし ひつじ ぶたを50ぴきかってこいと いわれただ うしは1ぴき120どる ひつじは1ぴき30どる ぶたは1ぴき5どる かかる いったい なんびきずつかえばええんかのー」	Tom: Exactly 1,000.{CTRL:0}Buy 50 total: cows,{CTRL:0}sheep and pigs. Prices:{CTRL:6}Cows: 120 dollars each.{CTRL:3}Sheep: 30 dollars each.{CTRL:3}Pigs: 5 dollars each.{CTRL:3}How many of each?	Tom: Exactly 1,000. ⟦CTRL:0⟧ Buy 50 total: cows, ⟦CTRL:0⟧ sheep and pigs. Prices: ⟦CTRL:6⟧ Cows: 120 dollars each. ⟦CTRL:3⟧ Sheep: 30 dollars each. ⟦CTRL:3⟧ Pigs: 5 dollars each. ⟦CTRL:3⟧ How many of each?	0,0,6,3,3,3	0,0,6,3,3,3	yes	hiragana:73; katakana:1; kanji:0; Latin:0; digits:15		Source suppresses normal kanji/katakana distinctions; restore only with context	source numerals ['1000', '50', '1', '120', '1', '30', '1', '5']; verify dates/counts and Japanese ordering	medium		
881	TT5	TT5/g2/r24	scenario	group 2 @ 0xB7D2; record 24	group-compressed	とむ「おお なるへそ／ それでばっちしだ{CTRL:1} これで かえるだよ」	とむ「おお なるへそ／ それでばっちしだ ⟦CTRL:1⟧  これで かえるだよ」	tomu「oo naruheso／ soredebatchishida /  korede kaerudayo」	とむ「おお なるへそ／ それでばっちしだ これで かえるだよ」	Tom: I see! That works!{CTRL:1}Now I can buy them.	Tom: I see! That works! ⟦CTRL:1⟧ Now I can buy them.	1	1	yes	hiragana:24; katakana:0; kanji:0; Latin:0; digits:0; phonetic hiragana orthography		かえる → 帰る/変える/替える		medium		
882	TT5	TT5/g2/r25	scenario	group 2 @ 0xB7D2; record 25	group-compressed	とむ「おお だんなさま／ よろこんでくだせえ{CTRL:0} やっとわかりましただ／」{CTRL:2}まいやー「よかったな とむ ところで……{CTRL:6} じょーじ」{CTRL:4}おれ「はあ…」{CTRL:3}まいやー「べるが こまってるんだ{CTRL:4} やしきのだいどころへ いってくれ」	とむ「おお だんなさま／ よろこんでくだせえ ⟦CTRL:0⟧  やっとわかりましただ／」 ⟦CTRL:2⟧ まいやー「よかったな とむ ところで…… ⟦CTRL:6⟧  じょーじ」 ⟦CTRL:4⟧ おれ「はあ…」 ⟦CTRL:3⟧ まいやー「べるが こまってるんだ ⟦CTRL:4⟧  やしきのだいどころへ いってくれ」	tomu「oo dannasama／ yorokondekudasee /  yattowakarimashitada／」 / maiyaa「yokattana tomu tokorode…… /  jooji」 / ore「haa…」 / maiyaa「beruga komatterunda /  yashikinodaidokorohe ittekure」	とむ「おお だんなさま／ よろこんでくだせえ やっとわかりましただ／」まいやー「よかったな とむ ところで…… じょーじ」おれ「はあ…」まいやー「べるが こまってるんだ やしきのだいどころへ いってくれ」	Tom: Master! Good news!{CTRL:0}I finally solved it!{CTRL:2}Meyer: Well done, Tom.{CTRL:6}George...{CTRL:4}Me: Yes?{CTRL:3}Meyer: Belle needs help.{CTRL:4}Go help in the kitchen.	Tom: Master! Good news! ⟦CTRL:0⟧ I finally solved it! ⟦CTRL:2⟧ Meyer: Well done, Tom. ⟦CTRL:6⟧ George... ⟦CTRL:4⟧ Me: Yes? ⟦CTRL:3⟧ Meyer: Belle needs help. ⟦CTRL:4⟧ Go help in the kitchen.	0,2,6,4,3,4	0,2,6,4,3,4	yes	hiragana:77; katakana:3; kanji:0; Latin:0; digits:0	おれ: plain-to-rough masculine first person | さま: -sama: high respect, worship, status, or irony	Source suppresses normal kanji/katakana distinctions; restore only with context	ellipsis carries timing/hesitation tone	high		
883	TT5	TT5/g2/r26	scenario	group 2 @ 0xB7D2; record 26	group-compressed	とむ「ちょっと ちがうんでないかい！」	とむ「ちょっと ちがうんでないかい！」	tomu「chotto chigaundenaikai！」	とむ「ちょっと ちがうんでないかい！」	Tom: That seems wrong!	Tom: That seems wrong!			yes	hiragana:15; katakana:0; kanji:0; Latin:0; digits:0; phonetic hiragana orthography		Source suppresses normal kanji/katakana distinctions; restore only with context		medium		
884	TT5	TT5/g2/r27	scenario	group 2 @ 0xB7D2; record 27	group-compressed	べる「じょーじ おねがいよ ちえをかしとくれ」	べる「じょーじ おねがいよ ちえをかしとくれ」	beru「jooji onegaiyo chieokashitokure」	べる「じょーじ おねがいよ ちえをかしとくれ」	Belle: George, help me!	Belle: George, help me!			yes	hiragana:18; katakana:1; kanji:0; Latin:0; digits:0		Source suppresses normal kanji/katakana distinctions; restore only with context		medium		
885	TT5	TT5/g2/r28	scenario	group 2 @ 0xB7D2; record 28	group-compressed	べる「ここに3ぼんのびんがあってね{CTRL:0} 1りっとるのびんは からっぽ{CTRL:0} 500みりりっとると 300みりりっとるの{CTRL:0} びんには みるくがいっぱい はいってる{CTRL:3} だんなさまがおっしゃるには……」	べる「ここに3ぼんのびんがあってね ⟦CTRL:0⟧  1りっとるのびんは からっぽ ⟦CTRL:0⟧  500みりりっとると 300みりりっとるの ⟦CTRL:0⟧  びんには みるくがいっぱい はいってる ⟦CTRL:3⟧  だんなさまがおっしゃるには……」	beru「kokoni3bonnobingaattene /  1rittorunobinha karappo /  500miririttoruto 300miririttoruno /  binniha mirukugaippai haitteru /  dannasamagaossharuniha……」	べる「ここに3ぼんのびんがあってね 1りっとるのびんは からっぽ 500みりりっとると 300みりりっとるの びんには みるくがいっぱい はいってる だんなさまがおっしゃるには……」	Belle: Three bottles.{CTRL:0}The 1L bottle is empty.{CTRL:0}500ml and 300ml bottles{CTRL:0}are full of milk.{CTRL:3}Master says...	Belle: Three bottles. ⟦CTRL:0⟧ The 1L bottle is empty. ⟦CTRL:0⟧ 500ml and 300ml bottles ⟦CTRL:0⟧ are full of milk. ⟦CTRL:3⟧ Master says...	0,0,0,3	0,0,0,3	yes	hiragana:71; katakana:0; kanji:0; Latin:0; digits:8; phonetic hiragana orthography	さま: -sama: high respect, worship, status, or irony	Source suppresses normal kanji/katakana distinctions; restore only with context	source numerals ['3', '1', '500', '300']; verify dates/counts and Japanese ordering | ellipsis carries timing/hesitation tone	medium		
886	TT5	TT5/g2/r29	scenario	group 2 @ 0xB7D2; record 29	group-compressed	べる「どうにかして 1りっとるびんに{CTRL:0} 700みりりっとるのみるくを{CTRL:0} いれてほしいんだとさ{CTRL:6} びんには めもりがついてないし……{CTRL:4} ねえ なんとかしとくれ」	べる「どうにかして 1りっとるびんに ⟦CTRL:0⟧  700みりりっとるのみるくを ⟦CTRL:0⟧  いれてほしいんだとさ ⟦CTRL:6⟧  びんには めもりがついてないし…… ⟦CTRL:4⟧  ねえ なんとかしとくれ」	beru「dounikashite 1rittorubinni /  700miririttorunomirukuo /  iretehoshiindatosa /  binniha memorigatsuitenaishi…… /  nee nantokashitokure」	べる「どうにかして 1りっとるびんに 700みりりっとるのみるくを いれてほしいんだとさ びんには めもりがついてないし…… ねえ なんとかしとくれ」	Belle: Put 700 ml{CTRL:0}into the 1-liter bottle{CTRL:0}for Master.{CTRL:6}There are no markings...{CTRL:4}please work it out.	Belle: Put 700 ml ⟦CTRL:0⟧ into the 1-liter bottle ⟦CTRL:0⟧ for Master. ⟦CTRL:6⟧ There are no markings... ⟦CTRL:4⟧ please work it out.	0,0,6,4	0,0,6,4	yes	hiragana:60; katakana:0; kanji:0; Latin:0; digits:4; phonetic hiragana orthography		Source suppresses normal kanji/katakana distinctions; restore only with context	source numerals ['1', '700']; verify dates/counts and Japanese ordering | ellipsis carries timing/hesitation tone	medium		
887	TT5	TT5/g2/r30	scenario	group 2 @ 0xB7D2; record 30	group-compressed	800みりりっとる はいっている	800みりりっとる はいっている	800miririttoru haitteiru	800みりりっとる はいっている	It holds 800 ml.	It holds 800 ml.			yes	hiragana:12; katakana:0; kanji:0; Latin:0; digits:3; phonetic hiragana orthography		Source suppresses normal kanji/katakana distinctions; restore only with context	source numerals ['800']; verify dates/counts and Japanese ordering	medium		
888	TT5	TT5/g2/r31	scenario	group 2 @ 0xB7D2; record 31	group-compressed	からっぽだ	からっぽだ	karappoda	からっぽだ	It is empty.	It is empty.			yes	hiragana:5; katakana:0; kanji:0; Latin:0; digits:0; phonetic hiragana orthography		Source suppresses normal kanji/katakana distinctions; restore only with context		medium		
889	TT5	TT5/g3/r0	scenario	group 3 @ 0xBBC3; record 0	group-compressed	100みりりっとる はいっている	100みりりっとる はいっている	100miririttoru haitteiru	100みりりっとる はいっている	It holds 100 ml.	It holds 100 ml.			yes	hiragana:12; katakana:0; kanji:0; Latin:0; digits:3; phonetic hiragana orthography		Source suppresses normal kanji/katakana distinctions; restore only with context	source numerals ['100']; verify dates/counts and Japanese ordering	medium		
890	TT5	TT5/g3/r1	scenario	group 3 @ 0xBBC3; record 1	group-compressed	200みりりっとる はいっている	200みりりっとる はいっている	200miririttoru haitteiru	200みりりっとる はいっている	It holds 200 ml.	It holds 200 ml.			yes	hiragana:12; katakana:0; kanji:0; Latin:0; digits:3; phonetic hiragana orthography		Source suppresses normal kanji/katakana distinctions; restore only with context	source numerals ['200']; verify dates/counts and Japanese ordering	medium		
891	TT5	TT5/g3/r2	scenario	group 3 @ 0xBBC3; record 2	group-compressed	300みりりっとる はいっている	300みりりっとる はいっている	300miririttoru haitteiru	300みりりっとる はいっている	It holds 300 ml.	It holds 300 ml.			yes	hiragana:12; katakana:0; kanji:0; Latin:0; digits:3; phonetic hiragana orthography		Source suppresses normal kanji/katakana distinctions; restore only with context	source numerals ['300']; verify dates/counts and Japanese ordering	medium		
892	TT5	TT5/g3/r3	scenario	group 3 @ 0xBBC3; record 3	group-compressed	400みりりっとる はいっている	400みりりっとる はいっている	400miririttoru haitteiru	400みりりっとる はいっている	It holds 400 ml.	It holds 400 ml.			yes	hiragana:12; katakana:0; kanji:0; Latin:0; digits:3; phonetic hiragana orthography		Source suppresses normal kanji/katakana distinctions; restore only with context	source numerals ['400']; verify dates/counts and Japanese ordering	medium		
893	TT5	TT5/g3/r4	scenario	group 3 @ 0xBBC3; record 4	group-compressed	500みりりっとる はいっている	500みりりっとる はいっている	500miririttoru haitteiru	500みりりっとる はいっている	It holds 500 ml.	It holds 500 ml.			yes	hiragana:12; katakana:0; kanji:0; Latin:0; digits:3; phonetic hiragana orthography		Source suppresses normal kanji/katakana distinctions; restore only with context	source numerals ['500']; verify dates/counts and Japanese ordering	medium		
894	TT5	TT5/g3/r5	scenario	group 3 @ 0xBBC3; record 5	group-compressed	600みりりっとる はいっている	600みりりっとる はいっている	600miririttoru haitteiru	600みりりっとる はいっている	It holds 600 ml.	It holds 600 ml.			yes	hiragana:12; katakana:0; kanji:0; Latin:0; digits:3; phonetic hiragana orthography		Source suppresses normal kanji/katakana distinctions; restore only with context	source numerals ['600']; verify dates/counts and Japanese ordering	medium		
895	TT5	TT5/g3/r6	scenario	group 3 @ 0xBBC3; record 6	group-compressed	700みりりっとる はいっている	700みりりっとる はいっている	700miririttoru haitteiru	700みりりっとる はいっている	It holds 700 ml.	It holds 700 ml.			yes	hiragana:12; katakana:0; kanji:0; Latin:0; digits:3; phonetic hiragana orthography		Source suppresses normal kanji/katakana distinctions; restore only with context	source numerals ['700']; verify dates/counts and Japanese ordering	medium		
896	TT5	TT5/g3/r7	scenario	group 3 @ 0xBBC3; record 7	group-compressed	からっほだ	からっほだ	karahhoda	からっほだ	It is empty.	It is empty.			yes	hiragana:5; katakana:0; kanji:0; Latin:0; digits:0; phonetic hiragana orthography		Source suppresses normal kanji/katakana distinctions; restore only with context		medium		
897	TT5	TT5/g3/r8	scenario	group 3 @ 0xBBC3; record 8	group-compressed	いっぱいだ	いっぱいだ	ippaida	いっぱいだ	It is full.	It is full.			yes	hiragana:5; katakana:0; kanji:0; Latin:0; digits:0; phonetic hiragana orthography		Source suppresses normal kanji/katakana distinctions; restore only with context		medium		
898	TT5	TT5/g3/r9	scenario	group 3 @ 0xBBC3; record 9	group-compressed	どれを	どれを	doreo	どれを	Which one?	Which one?			yes	hiragana:3; katakana:0; kanji:0; Latin:0; digits:0; phonetic hiragana orthography		Source suppresses normal kanji/katakana distinctions; restore only with context		medium		
899	TT5	TT5/g3/r10	scenario	group 3 @ 0xBBC3; record 10	group-compressed	どれに	どれに	doreni	どれに	Into which?	Into which?			yes	hiragana:3; katakana:0; kanji:0; Latin:0; digits:0; phonetic hiragana orthography		Source suppresses normal kanji/katakana distinctions; restore only with context		medium		
900	TT5	TT5/g3/r11	scenario	group 3 @ 0xBBC3; record 11	group-compressed	べる「なんだか ちがうようだねぇ……」	べる「なんだか ちがうようだねぇ……」	beru「nandaka chigauyoudanee……」	べる「なんだか ちがうようだねぇ……」	Belle: Seems wrong...	Belle: Seems wrong...			yes	hiragana:14; katakana:0; kanji:0; Latin:0; digits:0; phonetic hiragana orthography		Source suppresses normal kanji/katakana distinctions; restore only with context	ellipsis carries timing/hesitation tone	medium		
901	TT5	TT5/g3/r12	scenario	group 3 @ 0xBBC3; record 12	group-compressed	べる「やったよ じょーじ／{CTRL:0} これで しごとはぜんぶおわったんだ{CTRL:2} じゆうになれる／ このなんぶから{CTRL:0} ついに ぬけだせるんだよ／」	べる「やったよ じょーじ／ ⟦CTRL:0⟧  これで しごとはぜんぶおわったんだ ⟦CTRL:2⟧  じゆうになれる／ このなんぶから ⟦CTRL:0⟧  ついに ぬけだせるんだよ／」	beru「yattayo jooji／ /  korede shigotohazenbuowattanda /  jiyuuninareru／ kononanbukara /  tsuini nukedaserundayo／」	べる「やったよ じょーじ／ これで しごとはぜんぶおわったんだ じゆうになれる／ このなんぶから ついに ぬけだせるんだよ／」	Belle: We did it!{CTRL:0}All our work is done.{CTRL:2}We can be free! At last,{CTRL:0}we can leave the South!	Belle: We did it! ⟦CTRL:0⟧ All our work is done. ⟦CTRL:2⟧ We can be free! At last, ⟦CTRL:0⟧ we can leave the South!	0,2,0	0,2,0	yes	hiragana:50; katakana:1; kanji:0; Latin:0; digits:0		じゆう → 自由		low		
902	TT5	TT5/g3/r13	scenario	group 3 @ 0xBBC3; record 13	group-compressed	まいやー「ひどいやつらがいるもんだ……{CTRL:1} まあ… きをおとすな べる{CTRL:0} またかねがたまるまで ここではたらけばいい」{CTRL:6}おれ「……」	まいやー「ひどいやつらがいるもんだ…… ⟦CTRL:1⟧  まあ… きをおとすな べる ⟦CTRL:0⟧  またかねがたまるまで ここではたらけばいい」 ⟦CTRL:6⟧ おれ「……」	maiyaa「hidoiyatsuragairumonda…… /  maa… kiootosuna beru /  matakanegatamarumade kokodehatarakebaii」 / ore「……」	まいやー「ひどいやつらがいるもんだ…… まあ… きをおとすな べる またかねがたまるまで ここではたらけばいい」おれ「……」	Meyer: What cruel men...{CTRL:1}well... do not despair.{CTRL:0}Work here and save up.{CTRL:6}Me: ...	Meyer: What cruel men... ⟦CTRL:1⟧ well... do not despair. ⟦CTRL:0⟧ Work here and save up. ⟦CTRL:6⟧ Me: ...	1,0,6	1,0,6	yes	hiragana:47; katakana:1; kanji:0; Latin:0; digits:0	おれ: plain-to-rough masculine first person	Source suppresses normal kanji/katakana distinctions; restore only with context	ellipsis carries timing/hesitation tone	medium		
903	TT5	TT5/g3/r14	scenario	group 3 @ 0xBBC3; record 14	group-compressed	おれたちのいえとは ずいぶんちがうな	おれたちのいえとは ずいぶんちがうな	oretachinoietoha zuibunchigauna	おれたちのいえとは ずいぶんちがうな	So unlike our home.	So unlike our home.			yes	hiragana:17; katakana:0; kanji:0; Latin:0; digits:0; phonetic hiragana orthography	おれ: plain-to-rough masculine first person	Source suppresses normal kanji/katakana distinctions; restore only with context		medium		
904	TT5	TT5/g3/r15	scenario	group 3 @ 0xBBC3; record 15	group-compressed	けっしょくのいい かおだ	けっしょくのいい かおだ	kesshokunoii kaoda	けっしょくのいい かおだ	His face looks healthy.	His face looks healthy.			yes	hiragana:11; katakana:0; kanji:0; Latin:0; digits:0; phonetic hiragana orthography		Source suppresses normal kanji/katakana distinctions; restore only with context		medium		
905	TT5	TT5/g3/r16	scenario	group 3 @ 0xBBC3; record 16	group-compressed	まいやー「ひるまでにもどってくる{CTRL:0} だいじなきゃくを つれてくるからな{CTRL:2} そそうのないように するんだぞ{CTRL:6} それと わたしのゆうじんが{CTRL:4} でむかえのじゅんびをしているから{CTRL:4} やしきには はいらないように」	まいやー「ひるまでにもどってくる ⟦CTRL:0⟧  だいじなきゃくを つれてくるからな ⟦CTRL:2⟧  そそうのないように するんだぞ ⟦CTRL:6⟧  それと わたしのゆうじんが ⟦CTRL:4⟧  でむかえのじゅんびをしているから ⟦CTRL:4⟧  やしきには はいらないように」	maiyaa「hirumadenimodottekuru /  daijinakyakuo tsuretekurukarana /  sosounonaiyouni surundazo /  soreto watashinoyuujinga /  demukaenojunbioshiteirukara /  yashikiniha hairanaiyouni」	まいやー「ひるまでにもどってくる だいじなきゃくを つれてくるからな そそうのないように するんだぞ それと わたしのゆうじんが でむかえのじゅんびをしているから やしきには はいらないように」	Meyer: I return by noon.{CTRL:0}With an important guest.{CTRL:2}Don't make any mistakes.{CTRL:6}My friend is preparing{CTRL:4}to welcome our guest.{CTRL:4}Stay out of the mansion.	Meyer: I return by noon. ⟦CTRL:0⟧ With an important guest. ⟦CTRL:2⟧ Don't make any mistakes. ⟦CTRL:6⟧ My friend is preparing ⟦CTRL:4⟧ to welcome our guest. ⟦CTRL:4⟧ Stay out of the mansion.	0,2,6,4,4	0,2,6,4,4	yes	hiragana:85; katakana:1; kanji:0; Latin:0; digits:0		だいじ → 大事		low		
906	TT5	TT5/g3/r17	scenario	group 3 @ 0xBBC3; record 17	group-compressed	まいやー「ちょっとまて」	まいやー「ちょっとまて」	maiyaa「chottomate」	まいやー「ちょっとまて」	Meyer: Wait.	Meyer: Wait.			yes	hiragana:9; katakana:1; kanji:0; Latin:0; digits:0		Source suppresses normal kanji/katakana distinctions; restore only with context		medium		
907	TT5	TT5/g3/r18	scenario	group 3 @ 0xBBC3; record 18	group-compressed	かぎがかかっている	かぎがかかっている	kagigakakatteiru	かぎがかかっている	It is locked.	It is locked.			yes	hiragana:9; katakana:0; kanji:0; Latin:0; digits:0; phonetic hiragana orthography		Source suppresses normal kanji/katakana distinctions; restore only with context		medium		
908	TT5	TT5/g3/r19	scenario	group 3 @ 0xBBC3; record 19	group-compressed	むこうぎしのほらあなから あかりがもれている	むこうぎしのほらあなから あかりがもれている	mukougishinohoraanakara akarigamoreteiru	むこうぎしのほらあなから あかりがもれている	A far-bank cave is lit.	A far-bank cave is lit.			yes	hiragana:21; katakana:0; kanji:0; Latin:0; digits:0; phonetic hiragana orthography		Source suppresses normal kanji/katakana distinctions; restore only with context		medium		
909	TT5	TT5/g3/r20	scenario	group 3 @ 0xBBC3; record 20	group-compressed	ゆるやかにながれる かわのおとにまじって{CTRL:0}かすかに ひとのこえがきこえる	ゆるやかにながれる かわのおとにまじって ⟦CTRL:0⟧ かすかに ひとのこえがきこえる	yuruyakaninagareru kawanootonimajitte / kasukani hitonokoegakikoeru	ゆるやかにながれる かわのおとにまじってかすかに ひとのこえがきこえる	The river flows gently.{CTRL:0}Faint voices carry.	The river flows gently. ⟦CTRL:0⟧ Faint voices carry.	0	0	yes	hiragana:33; katakana:0; kanji:0; Latin:0; digits:0; phonetic hiragana orthography		ひと → 人		low		
910	TT5	TT5/g3/r21	scenario	group 3 @ 0xBBC3; record 21	group-compressed	さいだんのまえに ちょうこくがかざられている	さいだんのまえに ちょうこくがかざられている	saidannomaeni choukokugakazarareteiru	さいだんのまえに ちょうこくがかざられている	Statue before the altar.	Statue before the altar.			yes	hiragana:21; katakana:0; kanji:0; Latin:0; digits:0; phonetic hiragana orthography		Source suppresses normal kanji/katakana distinctions; restore only with context		medium		
911	TT5	TT5/g3/r22	scenario	group 3 @ 0xBBC3; record 22	group-compressed	おそろしい やつらだ	おそろしい やつらだ	osoroshii yatsurada	おそろしい やつらだ	They are terrifying.	They are terrifying.			yes	hiragana:9; katakana:0; kanji:0; Latin:0; digits:0; phonetic hiragana orthography		Source suppresses normal kanji/katakana distinctions; restore only with context		medium		
912	TT5	TT5/g3/r23	scenario	group 3 @ 0xBBC3; record 23	group-compressed	なにかをつかもうとする てのかたちをしている{CTRL:1}どこかで みたおぼえが……	なにかをつかもうとする てのかたちをしている ⟦CTRL:1⟧ どこかで みたおぼえが……	nanikaotsukamoutosuru tenokatachioshiteiru / dokokade mitaoboega……	なにかをつかもうとする てのかたちをしているどこかで みたおぼえが……	A reaching hand appears.{CTRL:1}I have seen it before...	A reaching hand appears. ⟦CTRL:1⟧ I have seen it before...	1	1	yes	hiragana:31; katakana:0; kanji:0; Latin:0; digits:0; phonetic hiragana orthography		Source suppresses normal kanji/katakana distinctions; restore only with context	ellipsis carries timing/hesitation tone	medium		
913	TT5	TT5/g3/r24	scenario	group 3 @ 0xBBC3; record 24	group-compressed	さいだんにむかって なにやらぶきみなじゅもんを{CTRL:0}となえている	さいだんにむかって なにやらぶきみなじゅもんを ⟦CTRL:0⟧ となえている	saidannimukatte naniyarabukiminajumono / tonaeteiru	さいだんにむかって なにやらぶきみなじゅもんをとなえている	They chant dark spells{CTRL:0}toward the altar.	They chant dark spells ⟦CTRL:0⟧ toward the altar.	0	0	yes	hiragana:28; katakana:0; kanji:0; Latin:0; digits:0; phonetic hiragana orthography		Source suppresses normal kanji/katakana distinctions; restore only with context		medium		
914	TT5	TT5/g3/r25	scenario	group 3 @ 0xBBC3; record 25	group-compressed	おとこ「たましいのけいやくを かわしたわれわれに{CTRL:0} もはや おそれるものなどない{CTRL:2} あくまのりそうとする あんこくのれきしを{CTRL:0} われわれじしんのてで つくりあげていくのだ／」	おとこ「たましいのけいやくを かわしたわれわれに ⟦CTRL:0⟧  もはや おそれるものなどない ⟦CTRL:2⟧  あくまのりそうとする あんこくのれきしを ⟦CTRL:0⟧  われわれじしんのてで つくりあげていくのだ／」	otoko「tamashiinokeiyakuo kawashitawarewareni /  mohaya osorerumononadonai /  akumanorisoutosuru ankokunorekishio /  warewarejishinnotede tsukuriageteikunoda／」	おとこ「たましいのけいやくを かわしたわれわれに もはや おそれるものなどない あくまのりそうとする あんこくのれきしを われわれじしんのてで つくりあげていくのだ／」	Man: We made soul pacts.{CTRL:0}We fear nothing now.{CTRL:2}We'll forge dark history{CTRL:0}the Devil desires!	Man: We made soul pacts. ⟦CTRL:0⟧ We fear nothing now. ⟦CTRL:2⟧ We'll forge dark history ⟦CTRL:0⟧ the Devil desires!	0,2,0	0,2,0	yes	hiragana:74; katakana:0; kanji:0; Latin:0; digits:0; phonetic hiragana orthography	わし: elderly or authoritative masculine first person; character voice, not necessarily regional	たましい → 魂 | れきし → 歴史 | あくま → 悪魔 | おとこ → 男		medium		
915	TT5	TT5/g3/r26	scenario	group 3 @ 0xBBC3; record 26	group-compressed	じさつこういだ	じさつこういだ	jisatsukouida	じさつこういだ	That would be suicide.	That would be suicide.			yes	hiragana:7; katakana:0; kanji:0; Latin:0; digits:0; phonetic hiragana orthography		Source suppresses normal kanji/katakana distinctions; restore only with context		medium		
916	T25	T25/g0/r0	scenario	group 0 @ 0xAD39; record 0	group-compressed	ゆうがたちかくになって ようやく{CTRL:0}まいやーが もどってきた{CTRL:2}ひとりのきゃくを つれて……	ゆうがたちかくになって ようやく ⟦CTRL:0⟧ まいやーが もどってきた ⟦CTRL:2⟧ ひとりのきゃくを つれて……	yuugatachikakuninatte youyaku / maiyaaga modottekita / hitorinokyakuo tsurete……	ゆうがたちかくになって ようやくまいやーが もどってきたひとりのきゃくを つれて……	Near evening, Meyer{CTRL:0}finally returned,{CTRL:2}with a guest in tow...	Near evening, Meyer ⟦CTRL:0⟧ finally returned, ⟦CTRL:2⟧ with a guest in tow...	0,2	0,2	yes	hiragana:36; katakana:1; kanji:0; Latin:0; digits:0		Source suppresses normal kanji/katakana distinctions; restore only with context	ellipsis carries timing/hesitation tone	medium		
917	T25	T25/g0/r1	scenario	group 0 @ 0xAD39; record 1	group-compressed	まいやー「すばらしいおきゃくさまが おみえだぞ{CTRL:0} しょうかいしよう……{CTRL:2} みすたー えいぶらはむ・りんかーん／」{CTRL:6}じょーじ「だ だいとうりょう……／」{CTRL:3}りんかーん「こんにちは」{CTRL:3}まいやー「なんぶのしさつに みえたんだ」	まいやー「すばらしいおきゃくさまが おみえだぞ ⟦CTRL:0⟧  しょうかいしよう…… ⟦CTRL:2⟧  みすたー えいぶらはむ・りんかーん／」 ⟦CTRL:6⟧ じょーじ「だ だいとうりょう……／」 ⟦CTRL:3⟧ りんかーん「こんにちは」 ⟦CTRL:3⟧ まいやー「なんぶのしさつに みえたんだ」	maiyaa「subarashiiokyakusamaga omiedazo /  shoukaishiyou…… /  misutaa eiburahamu・rinkaan／」 / jooji「da daitouryou……／」 / rinkaan「konnichiha」 / maiyaa「nanbunoshisatsuni mietanda」	まいやー「すばらしいおきゃくさまが おみえだぞ しょうかいしよう…… みすたー えいぶらはむ・りんかーん／」じょーじ「だ だいとうりょう……／」りんかーん「こんにちは」まいやー「なんぶのしさつに みえたんだ」	Meyer: A fine guest!{CTRL:0}Let me introduce him...{CTRL:2}Mr. Abraham Lincoln!{CTRL:6}George: Th-the President{CTRL:3}Lincoln: Hello.{CTRL:3}Meyer: A Southern tour.	Meyer: A fine guest! ⟦CTRL:0⟧ Let me introduce him... ⟦CTRL:2⟧ Mr. Abraham Lincoln! ⟦CTRL:6⟧ George: Th-the President ⟦CTRL:3⟧ Lincoln: Hello. ⟦CTRL:3⟧ Meyer: A Southern tour.	0,2,6,3,3	0,2,6,3,3	yes	hiragana:77; katakana:7; kanji:0; Latin:0; digits:0	さま: -sama: high respect, worship, status, or irony	りんかーん → リンカーン (Lincoln)	ellipsis carries timing/hesitation tone	medium		
918	T25	T25/g0/r2	scenario	group 0 @ 0xAD39; record 2	group-compressed	まいやー「ええ ええ… それできがついたら{CTRL:0} だいとうりょうのすがたは もうなくて…{CTRL:2} おそらく ゆうべのやつらのしわざかと……」	まいやー「ええ ええ… それできがついたら ⟦CTRL:0⟧  だいとうりょうのすがたは もうなくて… ⟦CTRL:2⟧  おそらく ゆうべのやつらのしわざかと……」	maiyaa「ee ee… soredekigatsuitara /  daitouryounosugataha mounakute… /  osoraku yuubenoyatsuranoshiwazakato……」	まいやー「ええ ええ… それできがついたら だいとうりょうのすがたは もうなくて… おそらく ゆうべのやつらのしわざかと……」	Meyer: Yes, yes... then{CTRL:0}I noticed he was gone...{CTRL:2}surely that gang did it.	Meyer: Yes, yes... then ⟦CTRL:0⟧ I noticed he was gone... ⟦CTRL:2⟧ surely that gang did it.	0,2	0,2	yes	hiragana:50; katakana:1; kanji:0; Latin:0; digits:0		Source suppresses normal kanji/katakana distinctions; restore only with context	ellipsis carries timing/hesitation tone	medium		
919	T25	T25/g0/r3	scenario	group 0 @ 0xAD39; record 3	group-compressed	へいし「だいとうりょう／／」{CTRL:1}まいやー「おお／ ごぶじでしたか／{CTRL:0} ……で おひとりなんですね！」{CTRL:6}りんかーん「いや ぜんいんぶじですよ{CTRL:4} こよーてもね……」	へいし「だいとうりょう／／」 ⟦CTRL:1⟧ まいやー「おお／ ごぶじでしたか／ ⟦CTRL:0⟧  ……で おひとりなんですね！」 ⟦CTRL:6⟧ りんかーん「いや ぜんいんぶじですよ ⟦CTRL:4⟧  こよーてもね……」	heishi「daitouryou／／」 / maiyaa「oo／ gobujideshitaka／ /  ……de ohitorinandesune！」 / rinkaan「iya zeninbujidesuyo /  koyootemone……」	へいし「だいとうりょう／／」まいやー「おお／ ごぶじでしたか／ ……で おひとりなんですね！」りんかーん「いや ぜんいんぶじですよ こよーてもね……」	Soldier: Mr. President!{CTRL:1}Meyer: You are safe!{CTRL:0}... and alone, I see!{CTRL:6}Lincoln: All are safe.{CTRL:4}Even Coyote...	Soldier: Mr. President! ⟦CTRL:1⟧ Meyer: You are safe! ⟦CTRL:0⟧ ... and alone, I see! ⟦CTRL:6⟧ Lincoln: All are safe. ⟦CTRL:4⟧ Even Coyote...	1,0,6,4	1,0,6,4	yes	hiragana:52; katakana:3; kanji:0; Latin:0; digits:0		りんかーん → リンカーン (Lincoln) | へいし → 兵士	ellipsis carries timing/hesitation tone	low		
920	T25	T25/g0/r4	scenario	group 0 @ 0xAD39; record 4	group-compressed	まいやー「そそ そんな…… まさか……／」{CTRL:1}りんかーん「こんどは わたしがあなたを{CTRL:0} おつれしましょう しょうしょうせまくて{CTRL:0} くらいところですが……」	まいやー「そそ そんな…… まさか……／」 ⟦CTRL:1⟧ りんかーん「こんどは わたしがあなたを ⟦CTRL:0⟧  おつれしましょう しょうしょうせまくて ⟦CTRL:0⟧  くらいところですが……」	maiyaa「soso sonna…… masaka……／」 / rinkaan「kondoha watashigaanatao /  otsureshimashou shoushousemakute /  kuraitokorodesuga……」	まいやー「そそ そんな…… まさか……／」りんかーん「こんどは わたしがあなたを おつれしましょう しょうしょうせまくて くらいところですが……」	Meyer: I-impossible...!{CTRL:1}Lincoln: Now I shall{CTRL:0}take you somewhere.{CTRL:0}It is cramped and dim.	Meyer: I-impossible...! ⟦CTRL:1⟧ Lincoln: Now I shall ⟦CTRL:0⟧ take you somewhere. ⟦CTRL:0⟧ It is cramped and dim.	1,0,0	1,0,0	yes	hiragana:54; katakana:2; kanji:0; Latin:0; digits:0		りんかーん → リンカーン (Lincoln)	ellipsis carries timing/hesitation tone	low		
921	T25	T25/g0/r5	scenario	group 0 @ 0xAD39; record 5	group-compressed	こんどはどこへいくきだ あくまめ／{CTRL:1}こうなりゃ じごくのはてまで{CTRL:0}ついてってやるぞ／	こんどはどこへいくきだ あくまめ／ ⟦CTRL:1⟧ こうなりゃ じごくのはてまで ⟦CTRL:0⟧ ついてってやるぞ／	kondohadokoheikukida akumame／ / kounarya jigokunohatemade / tsuitetteyaruzo／	こんどはどこへいくきだ あくまめ／こうなりゃ じごくのはてまでついてってやるぞ／	Where now, you devil?{CTRL:1}I'll follow you anywhere{CTRL:0}even to Hell!	Where now, you devil? ⟦CTRL:1⟧ I'll follow you anywhere ⟦CTRL:0⟧ even to Hell!	1,0	1,0	yes	hiragana:36; katakana:0; kanji:0; Latin:0; digits:0; phonetic hiragana orthography		あくま → 悪魔		low		
922	T25	T25/g0/r6	scenario	group 0 @ 0xAD39; record 6	group-compressed	たそがれている	たそがれている	tasogareteiru	たそがれている	He stares into space.	He stares into space.			yes	hiragana:7; katakana:0; kanji:0; Latin:0; digits:0; phonetic hiragana orthography		Source suppresses normal kanji/katakana distinctions; restore only with context		medium		
923	T25	T25/g0/r7	scenario	group 0 @ 0xAD39; record 7	group-compressed	しゅういに きびしくめをひからせている	しゅういに きびしくめをひからせている	shuuini kibishikumeohikaraseteiru	しゅういに きびしくめをひからせている	He watches every side.	He watches every side.			yes	hiragana:18; katakana:0; kanji:0; Latin:0; digits:0; phonetic hiragana orthography		Source suppresses normal kanji/katakana distinctions; restore only with context		medium		
924	T25	T25/g0/r8	scenario	group 0 @ 0xAD39; record 8	group-compressed	へいし「あやしいものは ねずみいっぴきたりとも{CTRL:0} みのがさない／」	へいし「あやしいものは ねずみいっぴきたりとも ⟦CTRL:0⟧  みのがさない／」	heishi「ayashiimonoha nezumiippikitaritomo /  minogasanai／」	へいし「あやしいものは ねずみいっぴきたりとも みのがさない／」	Soldier: Not even a rat{CTRL:0}will slip past me!	Soldier: Not even a rat ⟦CTRL:0⟧ will slip past me!	0	0	yes	hiragana:27; katakana:0; kanji:0; Latin:0; digits:0; phonetic hiragana orthography		へいし → 兵士		low		
925	T25	T25/g0/r9	scenario	group 0 @ 0xAD39; record 9	group-compressed	なにを！	なにを！	nanio！	なにを！	What?!	What?!			yes	hiragana:3; katakana:0; kanji:0; Latin:0; digits:0; phonetic hiragana orthography		Source suppresses normal kanji/katakana distinctions; restore only with context		medium		
926	T25	T25/g0/r10	scenario	group 0 @ 0xAD39; record 10	group-compressed	へいし1「ありがとう いただくよ」	へいし1「ありがとう いただくよ」	heishi1「arigatou itadakuyo」	へいし1「ありがとう いただくよ」	Soldier 1: Thanks.	Soldier 1: Thanks.			yes	hiragana:13; katakana:0; kanji:0; Latin:0; digits:1; phonetic hiragana orthography		へいし → 兵士	source numerals ['1']; verify dates/counts and Japanese ordering	low		
927	T25	T25/g0/r11	scenario	group 0 @ 0xAD39; record 11	group-compressed	へいし1「あなたのごしゅじんは りっぱだ{CTRL:1} なんぐんがふりとみるや すぐにほくぐんへ{CTRL:0} ねがえって きちょうなじょうほうを{CTRL:0} ていきょうしてくれた」{CTRL:3}へいし2「おい よさないか／」{CTRL:4}へいし1「かんしんしてるのさ よわたりの{CTRL:4} うまさに……」	へいし1「あなたのごしゅじんは りっぱだ ⟦CTRL:1⟧  なんぐんがふりとみるや すぐにほくぐんへ ⟦CTRL:0⟧  ねがえって きちょうなじょうほうを ⟦CTRL:0⟧  ていきょうしてくれた」 ⟦CTRL:3⟧ へいし2「おい よさないか／」 ⟦CTRL:4⟧ へいし1「かんしんしてるのさ よわたりの ⟦CTRL:4⟧  うまさに……」	heishi1「anatanogoshujinha rippada /  nangungafuritomiruya sugunihokugunhe /  negaette kichounajouhouo /  teikyoushitekureta」 / heishi2「oi yosanaika／」 / heishi1「kanshinshiterunosa yowatarino /  umasani……」	へいし1「あなたのごしゅじんは りっぱだ なんぐんがふりとみるや すぐにほくぐんへ ねがえって きちょうなじょうほうを ていきょうしてくれた」へいし2「おい よさないか／」へいし1「かんしんしてるのさ よわたりの うまさに……」	Soldier 1: Your master's{CTRL:1}quite the man. When the{CTRL:0}South began losing, he{CTRL:0}joined Union, gave intel{CTRL:3}Soldier 2: Stop that!{CTRL:4}Soldier 1: I admire{CTRL:4}his skill at survival...	Soldier 1: Your master's ⟦CTRL:1⟧ quite the man. When the ⟦CTRL:0⟧ South began losing, he ⟦CTRL:0⟧ joined Union, gave intel ⟦CTRL:3⟧ Soldier 2: Stop that! ⟦CTRL:4⟧ Soldier 1: I admire ⟦CTRL:4⟧ his skill at survival...	1,0,0,3,4,4	1,0,0,3,4,4	yes	hiragana:93; katakana:0; kanji:0; Latin:0; digits:3; phonetic hiragana orthography		へいし → 兵士	source numerals ['1', '2', '1']; verify dates/counts and Japanese ordering | ellipsis carries timing/hesitation tone	low		
928	T25	T25/g0/r12	scenario	group 0 @ 0xAD39; record 12	group-compressed	りんかーん「そうですか そんなひどいめに……」{CTRL:1}まいやー「まったく こまったものです{CTRL:0} なんぶにはまだまだ ねづよいさべついしきが{CTRL:0} のこっているようでして……」{CTRL:3}りんかーん「あなたみたいなかた ばかりなら{CTRL:4} せんそうはおきませんでしたよ まいやーさん」	りんかーん「そうですか そんなひどいめに……」 ⟦CTRL:1⟧ まいやー「まったく こまったものです ⟦CTRL:0⟧  なんぶにはまだまだ ねづよいさべついしきが ⟦CTRL:0⟧  のこっているようでして……」 ⟦CTRL:3⟧ りんかーん「あなたみたいなかた ばかりなら ⟦CTRL:4⟧  せんそうはおきませんでしたよ まいやーさん」	rinkaan「soudesuka sonnahidoimeni……」 / maiyaa「mattaku komattamonodesu /  nanbunihamadamada nezuyoisabetsuishikiga /  nokotteiruyoudeshite……」 / rinkaan「anatamitainakata bakarinara /  sensouhaokimasendeshitayo maiyaasan」	りんかーん「そうですか そんなひどいめに……」まいやー「まったく こまったものです なんぶにはまだまだ ねづよいさべついしきが のこっているようでして……」りんかーん「あなたみたいなかた ばかりなら せんそうはおきませんでしたよ まいやーさん」	Lincoln: Such cruelty...{CTRL:1}Meyer: A grave problem.{CTRL:0}Deep prejudice lingers{CTRL:0}in the South.{CTRL:3}Lincoln: With men like{CTRL:4}you, no war would start.	Lincoln: Such cruelty... ⟦CTRL:1⟧ Meyer: A grave problem. ⟦CTRL:0⟧ Deep prejudice lingers ⟦CTRL:0⟧ in the South. ⟦CTRL:3⟧ Lincoln: With men like ⟦CTRL:4⟧ you, no war would start.	1,0,0,3,4	1,0,0,3,4	yes	hiragana:100; katakana:4; kanji:0; Latin:0; digits:0	さん: -san: ordinary respectful address	りんかーん → リンカーン (Lincoln) | せんそう → 戦争	ellipsis carries timing/hesitation tone	medium		
929	T25	T25/g0/r13	scenario	group 0 @ 0xAD39; record 13	group-compressed	げんかんの ほーるだ	げんかんの ほーるだ	genkanno hooruda	げんかんの ほーるだ	The entrance hall.	The entrance hall.			yes	hiragana:8; katakana:1; kanji:0; Latin:0; digits:0		Source suppresses normal kanji/katakana distinctions; restore only with context		medium		
930	T25	T25/g0/r14	scenario	group 0 @ 0xAD39; record 14	group-compressed	こーひーぽっとと かっぷが2こ おかれている	こーひーぽっとと かっぷが2こ おかれている	koohiipottoto kappuga2ko okareteiru	こーひーぽっとと かっぷが2こ おかれている	Coffee pot and two cups.	Coffee pot and two cups.			yes	hiragana:17; katakana:2; kanji:0; Latin:0; digits:1		Source suppresses normal kanji/katakana distinctions; restore only with context	source numerals ['2']; verify dates/counts and Japanese ordering	medium		
931	T25	T25/g0/r15	scenario	group 0 @ 0xAD39; record 15	group-compressed	まんめんに えみをうかべている	まんめんに えみをうかべている	manmenni emioukabeteiru	まんめんに えみをうかべている	He smiles broadly.	He smiles broadly.			yes	hiragana:14; katakana:0; kanji:0; Latin:0; digits:0; phonetic hiragana orthography		Source suppresses normal kanji/katakana distinctions; restore only with context		medium		
932	T25	T25/g0/r16	scenario	group 0 @ 0xAD39; record 16	group-compressed	こちこちに きんちょうしている	こちこちに きんちょうしている	kochikochini kinchoushiteiru	こちこちに きんちょうしている	He is stiff with nerves.	He is stiff with nerves.			yes	hiragana:14; katakana:0; kanji:0; Latin:0; digits:0; phonetic hiragana orthography		Source suppresses normal kanji/katakana distinctions; restore only with context		medium		
933	T25	T25/g0/r17	scenario	group 0 @ 0xAD39; record 17	group-compressed	せはたかいが やせっぽちだ{CTRL:1}きりりとむすんだくちもとが いしのつよさを{CTRL:0}あらわしている	せはたかいが やせっぽちだ ⟦CTRL:1⟧ きりりとむすんだくちもとが いしのつよさを ⟦CTRL:0⟧ あらわしている	sehatakaiga yaseppochida / kiriritomusundakuchimotoga ishinotsuyosao / arawashiteiru	せはたかいが やせっぽちだきりりとむすんだくちもとが いしのつよさをあらわしている	Tall, but very thin.{CTRL:1}His set mouth reveals{CTRL:0}great determination.	Tall, but very thin. ⟦CTRL:1⟧ His set mouth reveals ⟦CTRL:0⟧ great determination.	1,0	1,0	yes	hiragana:39; katakana:0; kanji:0; Latin:0; digits:0; phonetic hiragana orthography	わし: elderly or authoritative masculine first person; character voice, not necessarily regional	Source suppresses normal kanji/katakana distinctions; restore only with context		medium		
934	T25	T25/g0/r18	scenario	group 0 @ 0xAD39; record 18	group-compressed	りんかーん「あめりかは うまれかわります{CTRL:1} あなたたちがおもうぞんぶん ちからをはっきする{CTRL:0} じだいが かならずきますよ」	りんかーん「あめりかは うまれかわります ⟦CTRL:1⟧  あなたたちがおもうぞんぶん ちからをはっきする ⟦CTRL:0⟧  じだいが かならずきますよ」	rinkaan「amerikaha umarekawarimasu /  anatatachigaomouzonbun chikaraohakkisuru /  jidaiga kanarazukimasuyo」	りんかーん「あめりかは うまれかわります あなたたちがおもうぞんぶん ちからをはっきする じだいが かならずきますよ」	Lincoln: America reborn.{CTRL:1}A day will surely come{CTRL:0}for your gifts to shine.	Lincoln: America reborn. ⟦CTRL:1⟧ A day will surely come ⟦CTRL:0⟧ for your gifts to shine.	1,0	1,0	yes	hiragana:51; katakana:1; kanji:0; Latin:0; digits:0		りんかーん → リンカーン (Lincoln) | あめりか → アメリカ (America) | じだい → 時代 | おもう → 思う		low		
935	T25	T25/g0/r19	scenario	group 0 @ 0xAD39; record 19	group-compressed	まいやー「そとで けいびしているひとたちに{CTRL:0} こーひーを さしいれてやってくれ」	まいやー「そとで けいびしているひとたちに ⟦CTRL:0⟧  こーひーを さしいれてやってくれ」	maiyaa「sotode keibishiteiruhitotachini /  koohiio sashiireteyattekure」	まいやー「そとで けいびしているひとたちに こーひーを さしいれてやってくれ」	Meyer: Take coffee out{CTRL:0}to the guards on duty.	Meyer: Take coffee out ⟦CTRL:0⟧ to the guards on duty.	0	0	yes	hiragana:31; katakana:3; kanji:0; Latin:0; digits:0		Source suppresses normal kanji/katakana distinctions; restore only with context		medium		
936	T25	T25/g0/r20	scenario	group 0 @ 0xAD39; record 20	group-compressed	まいやー「ふたりとも きょうはもう{CTRL:0} しごとはいいから やすみなさい{CTRL:2} こやのかわりに にかいのきゃくしつを{CTRL:0} つかっていいからな」{CTRL:3}じょーじ「あ ありがとうございます」	まいやー「ふたりとも きょうはもう ⟦CTRL:0⟧  しごとはいいから やすみなさい ⟦CTRL:2⟧  こやのかわりに にかいのきゃくしつを ⟦CTRL:0⟧  つかっていいからな」 ⟦CTRL:3⟧ じょーじ「あ ありがとうございます」	maiyaa「futaritomo kyouhamou /  shigotohaiikara yasuminasai /  koyanokawarini nikainokyakushitsuo /  tsukatteiikarana」 / jooji「a arigatougozaimasu」	まいやー「ふたりとも きょうはもう しごとはいいから やすみなさい こやのかわりに にかいのきゃくしつを つかっていいからな」じょーじ「あ ありがとうございます」	Meyer: Both of you may{CTRL:0}stop work and rest now.{CTRL:2}Sleep in the guest room{CTRL:0}not your old shack.{CTRL:3}George: Th-thank you.	Meyer: Both of you may ⟦CTRL:0⟧ stop work and rest now. ⟦CTRL:2⟧ Sleep in the guest room ⟦CTRL:0⟧ not your old shack. ⟦CTRL:3⟧ George: Th-thank you.	0,2,0,3	0,2,0,3	yes	hiragana:68; katakana:2; kanji:0; Latin:0; digits:0	です/ます: polite register	Source suppresses normal kanji/katakana distinctions; restore only with context		medium		
937	T25	T25/g0/r21	scenario	group 0 @ 0xAD39; record 21	group-compressed	きんちょうのあまり こえがでないようだ	きんちょうのあまり こえがでないようだ	kinchounoamari koegadenaiyouda	きんちょうのあまり こえがでないようだ	Too nervous to speak.	Too nervous to speak.			yes	hiragana:18; katakana:0; kanji:0; Latin:0; digits:0; phonetic hiragana orthography		こえ → 声		low		
938	T25	T25/g0/r22	scenario	group 0 @ 0xAD39; record 22	group-compressed	ぽっとのこーひーを かっぷにそそいだ	ぽっとのこーひーを かっぷにそそいだ	pottonokoohiio kappunisosoida	ぽっとのこーひーを かっぷにそそいだ	Coffee fills both cups.	Coffee fills both cups.			yes	hiragana:15; katakana:2; kanji:0; Latin:0; digits:0		Source suppresses normal kanji/katakana distinctions; restore only with context		medium		
939	T25	T25/g0/r23	scenario	group 0 @ 0xAD39; record 23	group-compressed	もう からっぽだ	もう からっぽだ	mou karappoda	もう からっぽだ	The pot is empty.	The pot is empty.			yes	hiragana:7; katakana:0; kanji:0; Latin:0; digits:0; phonetic hiragana orthography		Source suppresses normal kanji/katakana distinctions; restore only with context		medium		
940	T25	T25/g0/r24	scenario	group 0 @ 0xAD39; record 24	group-compressed	げすとるーむだ{CTRL:1}すみずみまで そうじがゆきとどいている	げすとるーむだ ⟦CTRL:1⟧ すみずみまで そうじがゆきとどいている	gesutoruumuda / sumizumimade soujigayukitodoiteiru	げすとるーむだすみずみまで そうじがゆきとどいている	The guest room.{CTRL:1}Every corner is clean.	The guest room. ⟦CTRL:1⟧ Every corner is clean.	1	1	yes	hiragana:24; katakana:1; kanji:0; Latin:0; digits:0		Source suppresses normal kanji/katakana distinctions; restore only with context		medium		
941	T25	T25/g0/r25	scenario	group 0 @ 0xAD39; record 25	group-compressed	べっどのうえで はしゃいでいる	べっどのうえで はしゃいでいる	beddonouede hashaideiru	べっどのうえで はしゃいでいる	He frolics on the bed.	He frolics on the bed.			yes	hiragana:14; katakana:0; kanji:0; Latin:0; digits:0; phonetic hiragana orthography		Source suppresses normal kanji/katakana distinctions; restore only with context		medium		
942	T25	T25/g0/r26	scenario	group 0 @ 0xAD39; record 26	group-compressed	あめがふりだした{CTRL:0}どしゃぶりに なりそうだ	あめがふりだした ⟦CTRL:0⟧ どしゃぶりに なりそうだ	amegafuridashita / doshaburini narisouda	あめがふりだしたどしゃぶりに なりそうだ	Rain begins to fall.{CTRL:0}A downpour is coming.	Rain begins to fall. ⟦CTRL:0⟧ A downpour is coming.	0	0	yes	hiragana:19; katakana:0; kanji:0; Latin:0; digits:0; phonetic hiragana orthography		Source suppresses normal kanji/katakana distinctions; restore only with context		medium		
943	T25	T25/g0/r27	scenario	group 0 @ 0xAD39; record 27	group-compressed	たたきつけるような どしゃぶりだ	たたきつけるような どしゃぶりだ	tatakitsukeruyouna doshaburida	たたきつけるような どしゃぶりだ	Rain pounds down hard.	Rain pounds down hard.			yes	hiragana:15; katakana:0; kanji:0; Latin:0; digits:0; phonetic hiragana orthography		Source suppresses normal kanji/katakana distinctions; restore only with context		medium		
944	T25	T25/g0/r28	scenario	group 0 @ 0xAD39; record 28	group-compressed	じょーじ「おれ こんなべっどにねるの{CTRL:0} はじめてだよ こうふんするなあ……」	じょーじ「おれ こんなべっどにねるの ⟦CTRL:0⟧  はじめてだよ こうふんするなあ……」	jooji「ore konnabeddonineruno /  hajimetedayo koufunsurunaa……」	じょーじ「おれ こんなべっどにねるの はじめてだよ こうふんするなあ……」	George: I've never slept{CTRL:0}in such a bed. Exciting!	George: I've never slept ⟦CTRL:0⟧ in such a bed. Exciting!	0	0	yes	hiragana:29; katakana:1; kanji:0; Latin:0; digits:0	おれ: plain-to-rough masculine first person	Source suppresses normal kanji/katakana distinctions; restore only with context	ellipsis carries timing/hesitation tone	medium		
945	T25	T25/g0/r29	scenario	group 0 @ 0xAD39; record 29	group-compressed	じょーじ「だいとうりょうと はなしが{CTRL:0} できるなんて…… かんげきしたなあ……」	じょーじ「だいとうりょうと はなしが ⟦CTRL:0⟧  できるなんて…… かんげきしたなあ……」	jooji「daitouryouto hanashiga /  dekirunante…… kangekishitanaa……」	じょーじ「だいとうりょうと はなしが できるなんて…… かんげきしたなあ……」	George: I spoke with{CTRL:0}the President! I'm awed.	George: I spoke with ⟦CTRL:0⟧ the President! I'm awed.	0	0	yes	hiragana:29; katakana:1; kanji:0; Latin:0; digits:0		はなし → 話	ellipsis carries timing/hesitation tone	low		
946	T25	T25/g0/r30	scenario	group 0 @ 0xAD39; record 30	group-compressed	にかいの ろうかだ	にかいの ろうかだ	nikaino roukada	にかいの ろうかだ	The upstairs hallway.	The upstairs hallway.			yes	hiragana:8; katakana:0; kanji:0; Latin:0; digits:0; phonetic hiragana orthography		Source suppresses normal kanji/katakana distinctions; restore only with context		medium		
947	T25	T25/g0/r31	scenario	group 0 @ 0xAD39; record 31	group-compressed	だれもいない	だれもいない	daremoinai	だれもいない	Nobody is here.	Nobody is here.			yes	hiragana:6; katakana:0; kanji:0; Latin:0; digits:0; phonetic hiragana orthography		Source suppresses normal kanji/katakana distinctions; restore only with context		medium		
948	T25	T25/g1/r0	scenario	group 1 @ 0xB135; record 0	group-compressed	おれ「／」{CTRL:0}じょーじ「か…かあさん……／」{CTRL:2}まいやー「べる／ じょーじ／ おりてこい／{CTRL:0} おもしろいところへ つれてってやる／」	おれ「／」 ⟦CTRL:0⟧ じょーじ「か…かあさん……／」 ⟦CTRL:2⟧ まいやー「べる／ じょーじ／ おりてこい／ ⟦CTRL:0⟧  おもしろいところへ つれてってやる／」	ore「／」 / jooji「ka…kaasan……／」 / maiyaa「beru／ jooji／ oritekoi／ /  omoshiroitokorohe tsuretetteyaru／」	おれ「／」じょーじ「か…かあさん……／」まいやー「べる／ じょーじ／ おりてこい／ おもしろいところへ つれてってやる／」	Me: !{CTRL:0}George: M-mother...!{CTRL:2}Meyer: Belle! George!{CTRL:0}Come down. A fine treat!	Me: ! ⟦CTRL:0⟧ George: M-mother...! ⟦CTRL:2⟧ Meyer: Belle! George! ⟦CTRL:0⟧ Come down. A fine treat!	0,2,0	0,2,0	yes	hiragana:39; katakana:3; kanji:0; Latin:0; digits:0	おれ: plain-to-rough masculine first person | さん: -san: ordinary respectful address	Source suppresses normal kanji/katakana distinctions; restore only with context	ellipsis carries timing/hesitation tone	high		
949	T25	T25/g1/r1	scenario	group 1 @ 0xB135; record 1	group-compressed	まいやーの しょさいだ{CTRL:0}かべにしょうぞうがが かざられている	まいやーの しょさいだ ⟦CTRL:0⟧ かべにしょうぞうがが かざられている	maiyaano shosaida / kabenishouzougaga kazarareteiru	まいやーの しょさいだかべにしょうぞうがが かざられている	Meyer's study.{CTRL:0}A portrait hangs there.	Meyer's study. ⟦CTRL:0⟧ A portrait hangs there.	0	0	yes	hiragana:26; katakana:1; kanji:0; Latin:0; digits:0		Source suppresses normal kanji/katakana distinctions; restore only with context		medium		
950	T25	T25/g1/r2	scenario	group 1 @ 0xB135; record 2	group-compressed	3だんの ひきだしがついている	3だんの ひきだしがついている	3danno hikidashigatsuiteiru	3だんの ひきだしがついている	It has three drawers.	It has three drawers.			yes	hiragana:13; katakana:0; kanji:0; Latin:0; digits:1; phonetic hiragana orthography		Source suppresses normal kanji/katakana distinctions; restore only with context	source numerals ['3']; verify dates/counts and Japanese ordering	medium		
951	T25	T25/g1/r3	scenario	group 1 @ 0xB135; record 3	group-compressed	めぼしいものはない	めぼしいものはない	meboshiimonohanai	めぼしいものはない	Nothing useful here.	Nothing useful here.			yes	hiragana:9; katakana:0; kanji:0; Latin:0; digits:0; phonetic hiragana orthography		Source suppresses normal kanji/katakana distinctions; restore only with context		medium		
952	T25	T25/g1/r4	scenario	group 1 @ 0xB135; record 4	group-compressed	2だんめをぬいたすきまから なかをのぞくと……	2だんめをぬいたすきまから なかをのぞくと……	2danmeonuitasukimakara nakaonozokuto……	2だんめをぬいたすきまから なかをのぞくと……	I peer through the gap.	I peer through the gap.			yes	hiragana:19; katakana:0; kanji:0; Latin:0; digits:1; phonetic hiragana orthography		Source suppresses normal kanji/katakana distinctions; restore only with context	source numerals ['2']; verify dates/counts and Japanese ordering | ellipsis carries timing/hesitation tone	medium		
953	T25	T25/g1/r5	scenario	group 1 @ 0xB135; record 5	group-compressed	{CTRL:0}くろびかりした かわのむちと{CTRL:0}めとはなのあながあいた ぬのぶくろがはいっている	⟦CTRL:0⟧ くろびかりした かわのむちと ⟦CTRL:0⟧ めとはなのあながあいた ぬのぶくろがはいっている	 / kurobikarishita kawanomuchito / metohananoanagaaita nunobukurogahaitteiru	くろびかりした かわのむちとめとはなのあながあいた ぬのぶくろがはいっている	{CTRL:0}A black leather whip{CTRL:0}and a slit cloth hood.	⟦CTRL:0⟧ A black leather whip ⟦CTRL:0⟧ and a slit cloth hood.	0,0	0,0	yes	hiragana:36; katakana:0; kanji:0; Latin:0; digits:0; phonetic hiragana orthography		Source suppresses normal kanji/katakana distinctions; restore only with context		medium		
954	T25	T25/g1/r6	scenario	group 1 @ 0xB135; record 6	group-compressed	2だんめをぬいたすきまから なかをのぞくと……{CTRL:1}くろびかりした かわのむちと{CTRL:0}めとはなのあながあいた ぬのぶくろがはいっている	2だんめをぬいたすきまから なかをのぞくと…… ⟦CTRL:1⟧ くろびかりした かわのむちと ⟦CTRL:0⟧ めとはなのあながあいた ぬのぶくろがはいっている	2danmeonuitasukimakara nakaonozokuto…… / kurobikarishita kawanomuchito / metohananoanagaaita nunobukurogahaitteiru	2だんめをぬいたすきまから なかをのぞくと……くろびかりした かわのむちとめとはなのあながあいた ぬのぶくろがはいっている	Through the open gap...{CTRL:1}a black leather whip{CTRL:0}and a slit cloth hood.	Through the open gap... ⟦CTRL:1⟧ a black leather whip ⟦CTRL:0⟧ and a slit cloth hood.	1,0	1,0	yes	hiragana:55; katakana:0; kanji:0; Latin:0; digits:1; phonetic hiragana orthography		Source suppresses normal kanji/katakana distinctions; restore only with context	source numerals ['2']; verify dates/counts and Japanese ordering | ellipsis carries timing/hesitation tone	medium		
955	T25	T25/g1/r7	scenario	group 1 @ 0xB135; record 7	group-compressed	てが とどかない	てが とどかない	tega todokanai	てが とどかない	I cannot reach it.	I cannot reach it.			yes	hiragana:7; katakana:0; kanji:0; Latin:0; digits:0; phonetic hiragana orthography		Source suppresses normal kanji/katakana distinctions; restore only with context		medium		
956	T25	T25/g1/r8	scenario	group 1 @ 0xB135; record 8	group-compressed	ひきだしを ぬきとった	ひきだしを ぬきとった	hikidashio nukitotta	ひきだしを ぬきとった	I pulled the drawer out.	I pulled the drawer out.			yes	hiragana:10; katakana:0; kanji:0; Latin:0; digits:0; phonetic hiragana orthography		Source suppresses normal kanji/katakana distinctions; restore only with context		medium		
957	T25	T25/g1/r9	scenario	group 1 @ 0xB135; record 9	group-compressed	かぎが かかっている	かぎが かかっている	kagiga kakatteiru	かぎが かかっている	It is locked.	It is locked.			yes	hiragana:9; katakana:0; kanji:0; Latin:0; digits:0; phonetic hiragana orthography		Source suppresses normal kanji/katakana distinctions; restore only with context		medium		
958	T25	T25/g1/r10	scenario	group 1 @ 0xB135; record 10	group-compressed	ひきだしを あけた	ひきだしを あけた	hikidashio aketa	ひきだしを あけた	I opened the drawer.	I opened the drawer.			yes	hiragana:8; katakana:0; kanji:0; Latin:0; digits:0; phonetic hiragana orthography		Source suppresses normal kanji/katakana distinctions; restore only with context		medium		
959	T25	T25/g1/r11	scenario	group 1 @ 0xB135; record 11	group-compressed	あいている	あいている	aiteiru	あいている	It is already open.	It is already open.			yes	hiragana:5; katakana:0; kanji:0; Latin:0; digits:0; phonetic hiragana orthography		Source suppresses normal kanji/katakana distinctions; restore only with context		medium		
960	T25	T25/g1/r12	scenario	group 1 @ 0xB135; record 12	group-compressed	かいだんの おどりばだ{CTRL:1}ほーるが みおろせる	かいだんの おどりばだ ⟦CTRL:1⟧ ほーるが みおろせる	kaidanno odoribada / hooruga mioroseru	かいだんの おどりばだほーるが みおろせる	The stair landing.{CTRL:1}The hall lies below.	The stair landing. ⟦CTRL:1⟧ The hall lies below.	1	1	yes	hiragana:18; katakana:1; kanji:0; Latin:0; digits:0		Source suppresses normal kanji/katakana distinctions; restore only with context		medium		
961	T25	T25/g1/r13	scenario	group 1 @ 0xB135; record 13	group-compressed	そうしょくをほどこした ふといはしらがある	そうしょくをほどこした ふといはしらがある	soushokuohodokoshita futoihashiragaaru	そうしょくをほどこした ふといはしらがある	A thick, ornate pillar.	A thick, ornate pillar.			yes	hiragana:20; katakana:0; kanji:0; Latin:0; digits:0; phonetic hiragana orthography		Source suppresses normal kanji/katakana distinctions; restore only with context		medium		
962	T25	T25/g1/r14	scenario	group 1 @ 0xB135; record 14	group-compressed	みけんに しわをよせている	みけんに しわをよせている	mikenni shiwaoyoseteiru	みけんに しわをよせている	His brow is furrowed.	His brow is furrowed.			yes	hiragana:12; katakana:0; kanji:0; Latin:0; digits:0; phonetic hiragana orthography		Source suppresses normal kanji/katakana distinctions; restore only with context		medium		
963	T25	T25/g1/r15	scenario	group 1 @ 0xB135; record 15	group-compressed	しきりに なにごとかはなしかけている	しきりに なにごとかはなしかけている	shikirini nanigotokahanashikaketeiru	しきりに なにごとかはなしかけている	He keeps talking to him.	He keeps talking to him.			yes	hiragana:17; katakana:0; kanji:0; Latin:0; digits:0; phonetic hiragana orthography		はなし → 話		low		
964	T25	T25/g1/r16	scenario	group 1 @ 0xB135; record 16	group-compressed	ついに ほんしょうをあらわしたか……	ついに ほんしょうをあらわしたか……	tsuini honshouoarawashitaka……	ついに ほんしょうをあらわしたか……	His true nature at last.	His true nature at last.			yes	hiragana:15; katakana:0; kanji:0; Latin:0; digits:0; phonetic hiragana orthography	わし: elderly or authoritative masculine first person; character voice, not necessarily regional	Source suppresses normal kanji/katakana distinctions; restore only with context	ellipsis carries timing/hesitation tone	medium		
965	T25	T25/g1/r17	scenario	group 1 @ 0xB135; record 17	group-compressed	まいやー「どうした べる…… なんかようか！」{CTRL:1}おれ「いえ べつに……」	まいやー「どうした べる…… なんかようか！」 ⟦CTRL:1⟧ おれ「いえ べつに……」	maiyaa「doushita beru…… nankayouka！」 / ore「ie betsuni……」	まいやー「どうした べる…… なんかようか！」おれ「いえ べつに……」	Meyer: What, Belle?{CTRL:1}Me: It is nothing...	Meyer: What, Belle? ⟦CTRL:1⟧ Me: It is nothing...	1	1	yes	hiragana:22; katakana:1; kanji:0; Latin:0; digits:0	おれ: plain-to-rough masculine first person	Source suppresses normal kanji/katakana distinctions; restore only with context	ellipsis carries timing/hesitation tone	medium		
966	T25	T25/g1/r18	scenario	group 1 @ 0xB135; record 18	group-compressed	やめとこう	やめとこう	yametokou	やめとこう	Better not.	Better not.			yes	hiragana:5; katakana:0; kanji:0; Latin:0; digits:0; phonetic hiragana orthography		Source suppresses normal kanji/katakana distinctions; restore only with context		medium		
967	T25	T25/g1/r19	scenario	group 1 @ 0xB135; record 19	group-compressed	りんかーん「…で だいじなはなしというのは…！」{CTRL:1}まいやー「じつはおりいって おねがいがあるのです{CTRL:0} わたしを あなたのとくべつさんぼうに{CTRL:0} にんめいしていただきたい」{CTRL:3}りんかーん「……」{CTRL:3}まいやー「なんぶしゅっしんの わたしとくめば{CTRL:4} ばらんすのとれた すばらしいせいじができる／」	りんかーん「…で だいじなはなしというのは…！」 ⟦CTRL:1⟧ まいやー「じつはおりいって おねがいがあるのです ⟦CTRL:0⟧  わたしを あなたのとくべつさんぼうに ⟦CTRL:0⟧  にんめいしていただきたい」 ⟦CTRL:3⟧ りんかーん「……」 ⟦CTRL:3⟧ まいやー「なんぶしゅっしんの わたしとくめば ⟦CTRL:4⟧  ばらんすのとれた すばらしいせいじができる／」	rinkaan「…de daijinahanashitoiunoha…！」 / maiyaa「jitsuhaoriitte onegaigaarunodesu /  watashio anatanotokubetsusanbouni /  ninmeishiteitadakitai」 / rinkaan「……」 / maiyaa「nanbushusshinno watashitokumeba /  baransunotoreta subarashiiseijigadekiru／」	りんかーん「…で だいじなはなしというのは…！」まいやー「じつはおりいって おねがいがあるのです わたしを あなたのとくべつさんぼうに にんめいしていただきたい」りんかーん「……」まいやー「なんぶしゅっしんの わたしとくめば ばらんすのとれた すばらしいせいじができる／」	Lincoln: Your business?{CTRL:1}Meyer: I have a request.{CTRL:0}Appoint me as your{CTRL:0}special adviser.{CTRL:3}Lincoln: ...{CTRL:3}Meyer: A Southern aide{CTRL:4}would balance your rule!	Lincoln: Your business? ⟦CTRL:1⟧ Meyer: I have a request. ⟦CTRL:0⟧ Appoint me as your ⟦CTRL:0⟧ special adviser. ⟦CTRL:3⟧ Lincoln: ... ⟦CTRL:3⟧ Meyer: A Southern aide ⟦CTRL:4⟧ would balance your rule!	1,0,0,3,3,4	1,0,0,3,3,4	yes	hiragana:110; katakana:4; kanji:0; Latin:0; digits:0		りんかーん → リンカーン (Lincoln) | はなし → 話 | だいじ → 大事	ellipsis carries timing/hesitation tone	low		
968	T25	T25/g1/r20	scenario	group 1 @ 0xB135; record 20	group-compressed	りんかーん「ざんねんですが ひきうけかねます{CTRL:0} だいいちわたしは あなたをよくしらない」{CTRL:2}まいやー「ゆうべ じょーじとべるをおそった{CTRL:0} ものたちが あなたのいのちをねらっています…{CTRL:3} わたしなら かれらのうごきを ふうじることも{CTRL:4} かのうなのですが……」	りんかーん「ざんねんですが ひきうけかねます ⟦CTRL:0⟧  だいいちわたしは あなたをよくしらない」 ⟦CTRL:2⟧ まいやー「ゆうべ じょーじとべるをおそった ⟦CTRL:0⟧  ものたちが あなたのいのちをねらっています… ⟦CTRL:3⟧  わたしなら かれらのうごきを ふうじることも ⟦CTRL:4⟧  かのうなのですが……」	rinkaan「zannendesuga hikiukekanemasu /  daiichiwatashiha anataoyokushiranai」 / maiyaa「yuube joojitoberuoosotta /  monotachiga anatanoinochioneratteimasu… /  watashinara kareranougokio fuujirukotomo /  kanounanodesuga……」	りんかーん「ざんねんですが ひきうけかねます だいいちわたしは あなたをよくしらない」まいやー「ゆうべ じょーじとべるをおそった ものたちが あなたのいのちをねらっています… わたしなら かれらのうごきを ふうじることも かのうなのですが……」	Lincoln: I must decline.{CTRL:0}I barely know you.{CTRL:2}Meyer: Their attackers{CTRL:0}are plotting your death.{CTRL:3}I can halt their plans.{CTRL:4}That is, if appointed...	Lincoln: I must decline. ⟦CTRL:0⟧ I barely know you. ⟦CTRL:2⟧ Meyer: Their attackers ⟦CTRL:0⟧ are plotting your death. ⟦CTRL:3⟧ I can halt their plans. ⟦CTRL:4⟧ That is, if appointed...	0,2,0,3,4	0,2,0,3,4	yes	hiragana:102; katakana:3; kanji:0; Latin:0; digits:0	です/ます: polite register	りんかーん → リンカーン (Lincoln) | いのち → 命	ellipsis carries timing/hesitation tone	medium		
969	T25	T25/g1/r21	scenario	group 1 @ 0xB135; record 21	group-compressed	りんかーん「どうやら じかんのむだでしたな{CTRL:0} しつれいします」{CTRL:0}そういって どあにあしをむけたとき……{CTRL:6}まいやーがとつぜん ゆびぶえをならした{CTRL:3}りんかーん「／」	りんかーん「どうやら じかんのむだでしたな ⟦CTRL:0⟧  しつれいします」 ⟦CTRL:0⟧ そういって どあにあしをむけたとき…… ⟦CTRL:6⟧ まいやーがとつぜん ゆびぶえをならした ⟦CTRL:3⟧ りんかーん「／」	rinkaan「douyara jikannomudadeshitana /  shitsureishimasu」 / souitte doaniashiomuketatoki…… / maiyaagatotsuzen yubibueonarashita / rinkaan「／」	りんかーん「どうやら じかんのむだでしたな しつれいします」そういって どあにあしをむけたとき……まいやーがとつぜん ゆびぶえをならしたりんかーん「／」	Lincoln: This is futile.{CTRL:0}Good day.{CTRL:0}He turned to leave...{CTRL:6}Meyer suddenly whistled.{CTRL:3}Lincoln: !	Lincoln: This is futile. ⟦CTRL:0⟧ Good day. ⟦CTRL:0⟧ He turned to leave... ⟦CTRL:6⟧ Meyer suddenly whistled. ⟦CTRL:3⟧ Lincoln: !	0,0,6,3	0,0,6,3	yes	hiragana:62; katakana:3; kanji:0; Latin:0; digits:0	です/ます: polite register	りんかーん → リンカーン (Lincoln) | じかん → 時間	ellipsis carries timing/hesitation tone	medium		
970	T25	T25/g1/r22	scenario	group 1 @ 0xB135; record 22	group-compressed	まいやー「おかえりは まだはやいですよ かっか」{CTRL:1}りんかーん「け けいびへいは……！」{CTRL:2}まいやー「ぐっすりとねむっています さっきのんだ{CTRL:0} すいみんやくいりの こーひーでね……」	まいやー「おかえりは まだはやいですよ かっか」 ⟦CTRL:1⟧ りんかーん「け けいびへいは……！」 ⟦CTRL:2⟧ まいやー「ぐっすりとねむっています さっきのんだ ⟦CTRL:0⟧  すいみんやくいりの こーひーでね……」	maiyaa「okaeriha madahayaidesuyo kakka」 / rinkaan「ke keibiheiha……！」 / maiyaa「gussuritonemutteimasu sakkinonda /  suiminyakuirino koohiidene……」	まいやー「おかえりは まだはやいですよ かっか」りんかーん「け けいびへいは……！」まいやー「ぐっすりとねむっています さっきのんだ すいみんやくいりの こーひーでね……」	Meyer: Do not leave yet.{CTRL:1}Lincoln: Th-the guards!{CTRL:2}Meyer: Fast asleep, from{CTRL:0}the drugged coffee.	Meyer: Do not leave yet. ⟦CTRL:1⟧ Lincoln: Th-the guards! ⟦CTRL:2⟧ Meyer: Fast asleep, from ⟦CTRL:0⟧ the drugged coffee.	1,2,0	1,2,0	yes	hiragana:64; katakana:5; kanji:0; Latin:0; digits:0		りんかーん → リンカーン (Lincoln)	ellipsis carries timing/hesitation tone	low		
971	T25	T25/g1/r23	scenario	group 1 @ 0xB135; record 23	group-compressed	まいやー「きが かわりましたかな！」{CTRL:0}りんかーん「ばかをいうな／」	まいやー「きが かわりましたかな！」 ⟦CTRL:0⟧ りんかーん「ばかをいうな／」	maiyaa「kiga kawarimashitakana！」 / rinkaan「bakaoiuna／」	まいやー「きが かわりましたかな！」りんかーん「ばかをいうな／」	Meyer: Reconsidered?{CTRL:0}Lincoln: You fool!	Meyer: Reconsidered? ⟦CTRL:0⟧ Lincoln: You fool!	0	0	yes	hiragana:23; katakana:2; kanji:0; Latin:0; digits:0		りんかーん → リンカーン (Lincoln)		low		
972	T25	T25/g1/r24	scenario	group 1 @ 0xB135; record 24	group-compressed	まいやー「だいとうりょうかっか{CTRL:1} あなたを こんなばしょにおつれしたことを{CTRL:0} いかんにおもいます……{CTRL:6} ここは いうことをきかないどれいどもの{CTRL:4} はかばです{CTRL:3} このあめなら あと1じかんもすれば{CTRL:4} しまは みずにしずんでしまうでしょう……」	まいやー「だいとうりょうかっか ⟦CTRL:1⟧  あなたを こんなばしょにおつれしたことを ⟦CTRL:0⟧  いかんにおもいます…… ⟦CTRL:6⟧  ここは いうことをきかないどれいどもの ⟦CTRL:4⟧  はかばです ⟦CTRL:3⟧  このあめなら あと1じかんもすれば ⟦CTRL:4⟧  しまは みずにしずんでしまうでしょう……」	maiyaa「daitouryoukakka /  anatao konnabashoniotsureshitakotoo /  ikanniomoimasu…… /  kokoha iukotookikanaidoreidomono /  hakabadesu /  konoamenara ato1jikanmosureba /  shimaha mizunishizundeshimaudeshou……」	まいやー「だいとうりょうかっか あなたを こんなばしょにおつれしたことを いかんにおもいます…… ここは いうことをきかないどれいどもの はかばです このあめなら あと1じかんもすれば しまは みずにしずんでしまうでしょう……」	Meyer: Mr. President.{CTRL:1}I regret bringing you{CTRL:0}to such a place...{CTRL:6}this is the graveyard{CTRL:4}for disobedient slaves.{CTRL:3}In another hour of rain,{CTRL:4}the island will sink...	Meyer: Mr. President. ⟦CTRL:1⟧ I regret bringing you ⟦CTRL:0⟧ to such a place... ⟦CTRL:6⟧ this is the graveyard ⟦CTRL:4⟧ for disobedient slaves. ⟦CTRL:3⟧ In another hour of rain, ⟦CTRL:4⟧ the island will sink...	1,0,6,4,3,4	1,0,6,4,3,4	yes	hiragana:96; katakana:1; kanji:0; Latin:0; digits:1	です/ます: polite register	じかん → 時間 | どれい → 奴隷	source numerals ['1']; verify dates/counts and Japanese ordering | ellipsis carries timing/hesitation tone	medium		
973	T25	T25/g1/r25	scenario	group 1 @ 0xB135; record 25	group-compressed	さむさときょうふで がたがたふるえている	さむさときょうふで がたがたふるえている	samusatokyoufude gatagatafurueteiru	さむさときょうふで がたがたふるえている	He shivers in cold fear.	He shivers in cold fear.			yes	hiragana:19; katakana:0; kanji:0; Latin:0; digits:0; phonetic hiragana orthography		Source suppresses normal kanji/katakana distinctions; restore only with context		medium		
974	T25	T25/g1/r26	scenario	group 1 @ 0xB135; record 26	group-compressed	ふあんそうに こちらをぬすみみている	ふあんそうに こちらをぬすみみている	fuansouni kochiraonusumimiteiru	ふあんそうに こちらをぬすみみている	He glances anxiously.	He glances anxiously.			yes	hiragana:17; katakana:0; kanji:0; Latin:0; digits:0; phonetic hiragana orthography		Source suppresses normal kanji/katakana distinctions; restore only with context		medium		
975	T25	T25/g1/r27	scenario	group 1 @ 0xB135; record 27	group-compressed	いまにも とびかかってきそうだ	いまにも とびかかってきそうだ	imanimo tobikakattekisouda	いまにも とびかかってきそうだ	Ready to pounce.	Ready to pounce.			yes	hiragana:14; katakana:0; kanji:0; Latin:0; digits:0; phonetic hiragana orthography		Source suppresses normal kanji/katakana distinctions; restore only with context		medium		
976	T25	T25/g1/r28	scenario	group 1 @ 0xB135; record 28	group-compressed	らいめいが とどろいている	らいめいが とどろいている	raimeiga todoroiteiru	らいめいが とどろいている	Thunder roars overhead.	Thunder roars overhead.			yes	hiragana:12; katakana:0; kanji:0; Latin:0; digits:0; phonetic hiragana orthography		Source suppresses normal kanji/katakana distinctions; restore only with context		medium		
977	T25	T25/g1/r29	scenario	group 1 @ 0xB135; record 29	group-compressed	みずかさが どんどんましている{CTRL:1}およいでわたれるような ながれじゃない	みずかさが どんどんましている ⟦CTRL:1⟧ およいでわたれるような ながれじゃない	mizukasaga dondonmashiteiru / oyoidewatareruyouna nagarejanai	みずかさが どんどんましているおよいでわたれるような ながれじゃない	The water rises fast.{CTRL:1}No one can swim across.	The water rises fast. ⟦CTRL:1⟧ No one can swim across.	1	1	yes	hiragana:32; katakana:0; kanji:0; Latin:0; digits:0; phonetic hiragana orthography	じゃ: old-person/western-style copula; context decides voice versus region	Source suppresses normal kanji/katakana distinctions; restore only with context		medium		
978	T25	T25/g1/r30	scenario	group 1 @ 0xB135; record 30	group-compressed	まいやー「おまえはだまってろ／」	まいやー「おまえはだまってろ／」	maiyaa「omaehadamattero／」	まいやー「おまえはだまってろ／」	Meyer: Keep quiet!	Meyer: Keep quiet!			yes	hiragana:12; katakana:1; kanji:0; Latin:0; digits:0	おまえ: familiar or rough second person; relationship and tone matter	Source suppresses normal kanji/katakana distinctions; restore only with context		medium		
979	T25	T25/g1/r31	scenario	group 1 @ 0xB135; record 31	group-compressed	りんかーん「しんぱいしないで」	りんかーん「しんぱいしないで」	rinkaan「shinpaishinaide」	りんかーん「しんぱいしないで」	Lincoln: Do not worry.	Lincoln: Do not worry.			yes	hiragana:12; katakana:1; kanji:0; Latin:0; digits:0		りんかーん → リンカーン (Lincoln)		low		
980	T25	T25/g2/r0	scenario	group 2 @ 0xB4C8; record 0	group-compressed	りんかーん「あなたたちを みすてるわけには{CTRL:0} いかない」	りんかーん「あなたたちを みすてるわけには ⟦CTRL:0⟧  いかない」	rinkaan「anatatachio misuteruwakeniha /  ikanai」	りんかーん「あなたたちを みすてるわけには いかない」	Lincoln: I cannot{CTRL:0}abandon all of you.	Lincoln: I cannot ⟦CTRL:0⟧ abandon all of you.	0	0	yes	hiragana:22; katakana:1; kanji:0; Latin:0; digits:0		りんかーん → リンカーン (Lincoln)		low		
981	T25	T25/g2/r1	scenario	group 2 @ 0xB4C8; record 1	group-compressed	じょーじ「どうしたらいいんだ かあさん／」	じょーじ「どうしたらいいんだ かあさん／」	jooji「doushitaraiinda kaasan／」	じょーじ「どうしたらいいんだ かあさん／」	George: What now, Mom?!	George: What now, Mom?!			yes	hiragana:16; katakana:1; kanji:0; Latin:0; digits:0	さん: -san: ordinary respectful address	Source suppresses normal kanji/katakana distinctions; restore only with context		medium		
982	T25	T25/g2/r2	scenario	group 2 @ 0xB4C8; record 2	group-compressed	こよーて「くをーーん」	こよーて「くをーーん」	koyoote「kuooon」	こよーて「くをーーん」	Coyote: Whiiine...	Coyote: Whiiine...			yes	hiragana:6; katakana:3; kanji:0; Latin:0; digits:0		Source suppresses normal kanji/katakana distinctions; restore only with context		medium		
983	T25	T25/g2/r3	scenario	group 2 @ 0xB4C8; record 3	group-compressed	こよーて「がるるる…」	こよーて「がるるる…」	koyoote「garururu…」	こよーて「がるるる…」	Coyote: Grrrrr...	Coyote: Grrrrr...			yes	hiragana:7; katakana:1; kanji:0; Latin:0; digits:0		Source suppresses normal kanji/katakana distinctions; restore only with context	ellipsis carries timing/hesitation tone	medium		
984	T25	T25/g2/r4	scenario	group 2 @ 0xB4C8; record 4	group-compressed	まいやー「だいとうりょうかっか{CTRL:0} さいごの ちゃんすです{CTRL:2} どれいたちのことなど ほっといて{CTRL:0} はやく じぶんだけぼーとにのりなさい／」{CTRL:3}りんかーん「……」{CTRL:3}まいやー「ああ いいわすれていましたが{CTRL:4} ここにいる こよーてどもは じぶんたちより{CTRL:4} おなじかずいじょうのあいてには おとなしいが{CTRL:3} あいてのかずがすくないとみるや{CTRL:4} すぐにおそってきますから きをつけて{CTRL:3} では やしきでおまちしています……」	まいやー「だいとうりょうかっか ⟦CTRL:0⟧  さいごの ちゃんすです ⟦CTRL:2⟧  どれいたちのことなど ほっといて ⟦CTRL:0⟧  はやく じぶんだけぼーとにのりなさい／」 ⟦CTRL:3⟧ りんかーん「……」 ⟦CTRL:3⟧ まいやー「ああ いいわすれていましたが ⟦CTRL:4⟧  ここにいる こよーてどもは じぶんたちより ⟦CTRL:4⟧  おなじかずいじょうのあいてには おとなしいが ⟦CTRL:3⟧  あいてのかずがすくないとみるや ⟦CTRL:4⟧  すぐにおそってきますから きをつけて ⟦CTRL:3⟧  では やしきでおまちしています……」	maiyaa「daitouryoukakka /  saigono chansudesu /  doreitachinokotonado hottoite /  hayaku jibundakebootoninorinasai／」 / rinkaan「……」 / maiyaa「aa iiwasureteimashitaga /  kokoniiru koyootedomoha jibuntachiyori /  onajikazuijounoaiteniha otonashiiga /  aitenokazugasukunaitomiruya /  suguniosottekimasukara kiotsukete /  deha yashikideomachishiteimasu……」	まいやー「だいとうりょうかっか さいごの ちゃんすです どれいたちのことなど ほっといて はやく じぶんだけぼーとにのりなさい／」りんかーん「……」まいやー「ああ いいわすれていましたが ここにいる こよーてどもは じぶんたちより おなじかずいじょうのあいてには おとなしいが あいてのかずがすくないとみるや すぐにおそってきますから きをつけて では やしきでおまちしています……」	Meyer: Mr. President,{CTRL:0}your final chance.{CTRL:2}Forget those slaves.{CTRL:0}Take the boat alone!{CTRL:3}Lincoln: ...{CTRL:3}Meyer: One last thing.{CTRL:4}Coyotes stay calm when{CTRL:4}outnumbered or matched.{CTRL:3}Against smaller groups,{CTRL:4}they attack. Take care.{CTRL:3}I await you at home...	Meyer: Mr. President, ⟦CTRL:0⟧ your final chance. ⟦CTRL:2⟧ Forget those slaves. ⟦CTRL:0⟧ Take the boat alone! ⟦CTRL:3⟧ Lincoln: ... ⟦CTRL:3⟧ Meyer: One last thing. ⟦CTRL:4⟧ Coyotes stay calm when ⟦CTRL:4⟧ outnumbered or matched. ⟦CTRL:3⟧ Against smaller groups, ⟦CTRL:4⟧ they attack. Take care. ⟦CTRL:3⟧ I await you at home...	0,2,0,3,3,4,4,3,4,3	0,2,0,3,3,4,4,3,4,3	yes	hiragana:159; katakana:5; kanji:0; Latin:0; digits:0	です/ます: polite register	りんかーん → リンカーン (Lincoln) | どれい → 奴隷 | おとな → 大人	ellipsis carries timing/hesitation tone	medium		
985	T25	T25/g2/r5	scenario	group 2 @ 0xB4C8; record 5	group-compressed	じょーじ「ああ だめ／{CTRL:0} ふたりしか のれそうにないや」	じょーじ「ああ だめ／ ⟦CTRL:0⟧  ふたりしか のれそうにないや」	jooji「aa dame／ /  futarishika noresouninaiya」	じょーじ「ああ だめ／ ふたりしか のれそうにないや」	George: Oh, no!{CTRL:0}The boat only holds two.	George: Oh, no! ⟦CTRL:0⟧ The boat only holds two.	0	0	yes	hiragana:20; katakana:1; kanji:0; Latin:0; digits:0		Source suppresses normal kanji/katakana distinctions; restore only with context		medium		
986	T25	T25/g2/r6	scenario	group 2 @ 0xB4C8; record 6	group-compressed	じょーじ「やった／ ぜんいんわたったぞ／／」	じょーじ「やった／ ぜんいんわたったぞ／／」	jooji「yatta／ zeninwatattazo／／」	じょーじ「やった／ ぜんいんわたったぞ／／」	George: We all crossed!!	George: We all crossed!!			yes	hiragana:15; katakana:1; kanji:0; Latin:0; digits:0		Source suppresses normal kanji/katakana distinctions; restore only with context		medium		
987	T25	T25/g2/r7	scenario	group 2 @ 0xB4C8; record 7	group-compressed	じょーじ「こよーても ぜんぶたすけてやろうよ／」	じょーじ「こよーても ぜんぶたすけてやろうよ／」	jooji「koyootemo zenbutasuketeyarouyo／」	じょーじ「こよーても ぜんぶたすけてやろうよ／」	George: Save the pack!	George: Save the pack!			yes	hiragana:18; katakana:2; kanji:0; Latin:0; digits:0		Source suppresses normal kanji/katakana distinctions; restore only with context		medium		
988	T25	T25/g2/r8	scenario	group 2 @ 0xB4C8; record 8	group-compressed	{CTRL:0}じょーじ「このままじゃ たべられちゃうよー／／」	⟦CTRL:0⟧ じょーじ「このままじゃ たべられちゃうよー／／」	 / jooji「konomamaja taberarechauyoo／／」	じょーじ「このままじゃ たべられちゃうよー／／」	{CTRL:0}George: They may eat us!	⟦CTRL:0⟧ George: They may eat us!	0	0	yes	hiragana:17; katakana:2; kanji:0; Latin:0; digits:0	じゃ: old-person/western-style copula; context decides voice versus region	Source suppresses normal kanji/katakana distinctions; restore only with context		medium		
989	T25	T25/g2/r9	scenario	group 2 @ 0xB4C8; record 9	group-compressed	じょーじ「ああ おかあさんがおもすぎて{CTRL:0} ぼーとがしずみそうだ／／」	じょーじ「ああ おかあさんがおもすぎて ⟦CTRL:0⟧  ぼーとがしずみそうだ／／」	jooji「aa okaasangaomosugite /  bootogashizumisouda／／」	じょーじ「ああ おかあさんがおもすぎて ぼーとがしずみそうだ／／」	George: Mom is too heavy{CTRL:0}the boat might sink!!	George: Mom is too heavy ⟦CTRL:0⟧ the boat might sink!!	0	0	yes	hiragana:25; katakana:2; kanji:0; Latin:0; digits:0	さん: -san: ordinary respectful address	Source suppresses normal kanji/katakana distinctions; restore only with context		medium		
990	T25	T25/g2/r10	scenario	group 2 @ 0xB4C8; record 10	group-compressed	じょーじ「はやくのろうよ／」	じょーじ「はやくのろうよ／」	jooji「hayakunorouyo／」	じょーじ「はやくのろうよ／」	George: Get aboard now!	George: Get aboard now!			yes	hiragana:10; katakana:1; kanji:0; Latin:0; digits:0		Source suppresses normal kanji/katakana distinctions; restore only with context		medium		
991	T25	T25/g2/r11	scenario	group 2 @ 0xB4C8; record 11	group-compressed	じょーじ「こよーてだけじゃ むりだよ」	じょーじ「こよーてだけじゃ むりだよ」	jooji「koyootedakeja muridayo」	じょーじ「こよーてだけじゃ むりだよ」	George: Coyotes cannot.	George: Coyotes cannot.			yes	hiragana:14; katakana:2; kanji:0; Latin:0; digits:0	じゃ: old-person/western-style copula; context decides voice versus region	Source suppresses normal kanji/katakana distinctions; restore only with context		medium		
992	TT6A	TT6A/g0/r0	scenario	group 0 @ 0xA8B5; record 0	group-compressed	う うーーん……	う うーーん……	u uuun……	う うーーん……	U-ughhh...	U-ughhh...			yes	hiragana:3; katakana:2; kanji:0; Latin:0; digits:0		Source suppresses normal kanji/katakana distinctions; restore only with context	ellipsis carries timing/hesitation tone	medium		
993	TT6A	TT6A/g0/r1	scenario	group 0 @ 0xA8B5; record 1	group-compressed	よせふ「ああ…… なんてこった……{CTRL:0} これからどうやって いきていけばいいんだ{CTRL:2} なあ かしむ…… ひるねしてないで{CTRL:0} おきてくれよ かしむ／」	よせふ「ああ…… なんてこった…… ⟦CTRL:0⟧  これからどうやって いきていけばいいんだ ⟦CTRL:2⟧  なあ かしむ…… ひるねしてないで ⟦CTRL:0⟧  おきてくれよ かしむ／」	yosefu「aa…… nantekotta…… /  korekaradouyatte ikiteikebaiinda /  naa kashimu…… hiruneshitenaide /  okitekureyo kashimu／」	よせふ「ああ…… なんてこった…… これからどうやって いきていけばいいんだ なあ かしむ…… ひるねしてないで おきてくれよ かしむ／」	Joseph: Oh... what now?{CTRL:0}How can I go on living?{CTRL:2}Kashim, quit napping.{CTRL:0}Wake up, Kashim!	Joseph: Oh... what now? ⟦CTRL:0⟧ How can I go on living? ⟦CTRL:2⟧ Kashim, quit napping. ⟦CTRL:0⟧ Wake up, Kashim!	0,2,0	0,2,0	yes	hiragana:52; katakana:0; kanji:0; Latin:0; digits:0; phonetic hiragana orthography		Source suppresses normal kanji/katakana distinctions; restore only with context	ellipsis carries timing/hesitation tone	medium		
994	TT6A	TT6A/g0/r2	scenario	group 0 @ 0xA8B5; record 2	group-compressed	へ……！	へ……！	he……！	へ……！	Huh...?!	Huh...?!			yes	hiragana:1; katakana:0; kanji:0; Latin:0; digits:0; phonetic hiragana orthography		Source suppresses normal kanji/katakana distinctions; restore only with context	ellipsis carries timing/hesitation tone	medium		
995	TT6A	TT6A/g0/r3	scenario	group 0 @ 0xA8B5; record 3	group-compressed	こだかい おかのうえだ{CTRL:0}しゅうらくが みおろせる	こだかい おかのうえだ ⟦CTRL:0⟧ しゅうらくが みおろせる	kodakai okanoueda / shuurakuga mioroseru	こだかい おかのうえだしゅうらくが みおろせる	A hilltop.{CTRL:0}A village lies below.	A hilltop. ⟦CTRL:0⟧ A village lies below.	0	0	yes	hiragana:21; katakana:0; kanji:0; Latin:0; digits:0; phonetic hiragana orthography		Source suppresses normal kanji/katakana distinctions; restore only with context		medium		
996	TT6A	TT6A/g0/r4	scenario	group 0 @ 0xA8B5; record 4	group-compressed	よくはれているが かぜがあって{CTRL:0}けっこう はだざむい	よくはれているが かぜがあって ⟦CTRL:0⟧ けっこう はだざむい	yokuhareteiruga kazegaatte / kekkou hadazamui	よくはれているが かぜがあってけっこう はだざむい	Sunny, but the wind{CTRL:0}makes it rather chilly.	Sunny, but the wind ⟦CTRL:0⟧ makes it rather chilly.	0	0	yes	hiragana:23; katakana:0; kanji:0; Latin:0; digits:0; phonetic hiragana orthography		Source suppresses normal kanji/katakana distinctions; restore only with context		medium		
997	TT6A	TT6A/g0/r5	scenario	group 0 @ 0xA8B5; record 5	group-compressed	ろばか……	ろばか……	robaka……	ろばか……	I am a donkey...	I am a donkey...			yes	hiragana:3; katakana:0; kanji:0; Latin:0; digits:0; phonetic hiragana orthography		Source suppresses normal kanji/katakana distinctions; restore only with context	ellipsis carries timing/hesitation tone	medium		
998	TT6A	TT6A/g0/r6	scenario	group 0 @ 0xA8B5; record 6	group-compressed	すっかり ふさぎこんでいる	すっかり ふさぎこんでいる	sukkari fusagikondeiru	すっかり ふさぎこんでいる	He is deeply dejected.	He is deeply dejected.			yes	hiragana:12; katakana:0; kanji:0; Latin:0; digits:0; phonetic hiragana orthography		Source suppresses normal kanji/katakana distinctions; restore only with context		medium		
999	TT6A	TT6A/g0/r7	scenario	group 0 @ 0xA8B5; record 7	group-compressed	よせふ まりあ こども……{CTRL:1}……と いうことは………{CTRL:0}もしかして……	よせふ まりあ こども…… ⟦CTRL:1⟧ ……と いうことは……… ⟦CTRL:0⟧ もしかして……	yosefu maria kodomo…… / ……to iukotoha……… / moshikashite……	よせふ まりあ こども…………と いうことは………もしかして……	Joseph, Mary, a child...{CTRL:1}that would mean...{CTRL:0}could it be...?	Joseph, Mary, a child... ⟦CTRL:1⟧ that would mean... ⟦CTRL:0⟧ could it be...?	1,0	1,0	yes	hiragana:20; katakana:0; kanji:0; Latin:0; digits:0; phonetic hiragana orthography		こども → 子供	ellipsis carries timing/hesitation tone	low		
1000	TT6A	TT6A/g0/r8	scenario	group 0 @ 0xA8B5; record 8	group-compressed	とき……きげんぜん 4ねんごろ{CTRL:0}ばしょ……いすらえる なざれ{CTRL:0}なまえ……かしむ{CTRL:0}しょくぎょう……ろば	とき……きげんぜん 4ねんごろ ⟦CTRL:0⟧ ばしょ……いすらえる なざれ ⟦CTRL:0⟧ なまえ……かしむ ⟦CTRL:0⟧ しょくぎょう……ろば	toki……kigenzen 4nengoro / basho……isuraeru nazare / namae……kashimu / shokugyou……roba	とき……きげんぜん 4ねんごろばしょ……いすらえる なざれなまえ……かしむしょくぎょう……ろば	Time: About 4 BC{CTRL:0}Place: Nazareth, Israel{CTRL:0}Name: Kashim{CTRL:0}Job: Donkey	Time: About 4 BC ⟦CTRL:0⟧ Place: Nazareth, Israel ⟦CTRL:0⟧ Name: Kashim ⟦CTRL:0⟧ Job: Donkey	0,0,0	0,0,0	yes	hiragana:36; katakana:0; kanji:0; Latin:0; digits:1; phonetic hiragana orthography		なまえ → 名前	source numerals ['4']; verify dates/counts and Japanese ordering | ellipsis carries timing/hesitation tone	low		
1001	TT6A	TT6A/g0/r9	scenario	group 0 @ 0xA8B5; record 9	group-compressed	あせくさい やつだな	あせくさい やつだな	asekusai yatsudana	あせくさい やつだな	A sweaty fellow.	A sweaty fellow.			yes	hiragana:9; katakana:0; kanji:0; Latin:0; digits:0; phonetic hiragana orthography		Source suppresses normal kanji/katakana distinctions; restore only with context		medium		
1002	TT6A	TT6A/g0/r10	scenario	group 0 @ 0xA8B5; record 10	group-compressed	くさい	くさい	kusai	くさい	He stinks.	He stinks.			yes	hiragana:3; katakana:0; kanji:0; Latin:0; digits:0; phonetic hiragana orthography		Source suppresses normal kanji/katakana distinctions; restore only with context		medium		
1003	TT6A	TT6A/g0/r11	scenario	group 0 @ 0xA8B5; record 11	group-compressed	よせふ「なあ かしむ…… ちょっと{CTRL:0} おれのなやみを きいてくれないか！」	よせふ「なあ かしむ…… ちょっと ⟦CTRL:0⟧  おれのなやみを きいてくれないか！」	yosefu「naa kashimu…… chotto /  orenonayamio kiitekurenaika！」	よせふ「なあ かしむ…… ちょっと おれのなやみを きいてくれないか！」	Joseph: Kashim, listen.{CTRL:0}Hear out my troubles.	Joseph: Kashim, listen. ⟦CTRL:0⟧ Hear out my troubles.	0	0	yes	hiragana:27; katakana:0; kanji:0; Latin:0; digits:0; phonetic hiragana orthography	おれ: plain-to-rough masculine first person	Source suppresses normal kanji/katakana distinctions; restore only with context	ellipsis carries timing/hesitation tone	medium		
1004	TT6A	TT6A/g0/r12	scenario	group 0 @ 0xA8B5; record 12	group-compressed	よせふ「そうか ききたくないか……」	よせふ「そうか ききたくないか……」	yosefu「souka kikitakunaika……」	よせふ「そうか ききたくないか……」	Joseph: So you refuse...	Joseph: So you refuse...			yes	hiragana:13; katakana:0; kanji:0; Latin:0; digits:0; phonetic hiragana orthography		Source suppresses normal kanji/katakana distinctions; restore only with context	ellipsis carries timing/hesitation tone	medium		
1005	TT6A	TT6A/g0/r13	scenario	group 0 @ 0xA8B5; record 13	group-compressed	よせふ「じつは…… いいなずけの まりあが{CTRL:0} その… こどもを みごもったらしいんだ{CTRL:2} でもな かみさまにちかってもいいが{CTRL:0} おれは かのじょのてすら にぎったことは{CTRL:4} ないんだ／{CTRL:3} まりあは みにおぼえがないと いっている……{CTRL:4} でも そんなばかなことって あるとおもうか！」{CTRL:3}おれ「ひひーん…」{CTRL:3}よせふ「もう なにもしんじられない／{CTRL:4} こんやくなんて かいしょうだ／」	よせふ「じつは…… いいなずけの まりあが ⟦CTRL:0⟧  その… こどもを みごもったらしいんだ ⟦CTRL:2⟧  でもな かみさまにちかってもいいが ⟦CTRL:0⟧  おれは かのじょのてすら にぎったことは ⟦CTRL:4⟧  ないんだ／ ⟦CTRL:3⟧  まりあは みにおぼえがないと いっている…… ⟦CTRL:4⟧  でも そんなばかなことって あるとおもうか！」 ⟦CTRL:3⟧ おれ「ひひーん…」 ⟦CTRL:3⟧ よせふ「もう なにもしんじられない／ ⟦CTRL:4⟧  こんやくなんて かいしょうだ／」	yosefu「jitsuha…… iinazukeno mariaga /  sono… kodomoo migomottarashiinda /  demona kamisamanichikattemoiiga /  oreha kanojonotesura nigittakotoha /  nainda／ /  mariaha minioboeganaito itteiru…… /  demo sonnabakanakototte arutoomouka！」 / ore「hihiin…」 / yosefu「mou nanimoshinjirarenai／ /  konyakunante kaishouda／」	よせふ「じつは…… いいなずけの まりあが その… こどもを みごもったらしいんだ でもな かみさまにちかってもいいが おれは かのじょのてすら にぎったことは ないんだ／ まりあは みにおぼえがないと いっている…… でも そんなばかなことって あるとおもうか！」おれ「ひひーん…」よせふ「もう なにもしんじられない／ こんやくなんて かいしょうだ／」	Joseph: My fiancee Mary{CTRL:0}seems to be pregnant.{CTRL:2}I swear before God,{CTRL:0}I've never even held her{CTRL:4}hand!{CTRL:3}She says she had no idea{CTRL:4}Can that really be true?{CTRL:3}Me: Hee-haw...{CTRL:3}I can't believe a thing!{CTRL:4}Our engagement is over!	Joseph: My fiancee Mary ⟦CTRL:0⟧ seems to be pregnant. ⟦CTRL:2⟧ I swear before God, ⟦CTRL:0⟧ I've never even held her ⟦CTRL:4⟧ hand! ⟦CTRL:3⟧ She says she had no idea ⟦CTRL:4⟧ Can that really be true? ⟦CTRL:3⟧ Me: Hee-haw... ⟦CTRL:3⟧ I can't believe a thing! ⟦CTRL:4⟧ Our engagement is over!	0,2,0,4,3,4,3,3,4	0,2,0,4,3,4,3,3,4	yes	hiragana:140; katakana:1; kanji:0; Latin:0; digits:0	おれ: plain-to-rough masculine first person | さま: -sama: high respect, worship, status, or irony	かみさま → 神様 | こども → 子供 | おもう → 思う	ellipsis carries timing/hesitation tone	medium		
1006	TT6A	TT6A/g0/r14	scenario	group 0 @ 0xA8B5; record 14	group-compressed	よせふ「よのなか まっくらやみだー」	よせふ「よのなか まっくらやみだー」	yosefu「yononaka makkurayamidaa」	よせふ「よのなか まっくらやみだー」	Joseph: All is darkness!	Joseph: All is darkness!			yes	hiragana:14; katakana:1; kanji:0; Latin:0; digits:0		Source suppresses normal kanji/katakana distinctions; restore only with context		medium		
1007	TT6A	TT6A/g0/r15	scenario	group 0 @ 0xA8B5; record 15	group-compressed	ぴゅーぴゅーと かぜのおとがきこえてくる	ぴゅーぴゅーと かぜのおとがきこえてくる	pyuupyuuto kazenootogakikoetekuru	ぴゅーぴゅーと かぜのおとがきこえてくる	The wind whistles by.	The wind whistles by.			yes	hiragana:17; katakana:2; kanji:0; Latin:0; digits:0		Source suppresses normal kanji/katakana distinctions; restore only with context		medium		
1008	TT6A	TT6A/g0/r16	scenario	group 0 @ 0xA8B5; record 16	group-compressed	よせふ「！ どうしたんだ そのうでわ……{CTRL:1} ひょっとして まりあが！」	よせふ「！ どうしたんだ そのうでわ…… ⟦CTRL:1⟧  ひょっとして まりあが！」	yosefu「！ doushitanda sonoudewa…… /  hyottoshite mariaga！」	よせふ「！ どうしたんだ そのうでわ…… ひょっとして まりあが！」	Joseph: That bracelet!{CTRL:1}Did Mary send it?!	Joseph: That bracelet! ⟦CTRL:1⟧ Did Mary send it?!	1	1	yes	hiragana:24; katakana:0; kanji:0; Latin:0; digits:0; phonetic hiragana orthography		Source suppresses normal kanji/katakana distinctions; restore only with context	ellipsis carries timing/hesitation tone	medium		
1009	TT6A	TT6A/g0/r17	scenario	group 0 @ 0xA8B5; record 17	group-compressed	よせふ「うそつくな／ まりあがよこしたんだろ！」	よせふ「うそつくな／ まりあがよこしたんだろ！」	yosefu「usotsukuna／ mariagayokoshitandaro！」	よせふ「うそつくな／ まりあがよこしたんだろ！」	Joseph: Mary sent it!	Joseph: Mary sent it!			yes	hiragana:19; katakana:0; kanji:0; Latin:0; digits:0; phonetic hiragana orthography		Source suppresses normal kanji/katakana distinctions; restore only with context		medium		
1010	TT6A	TT6A/g0/r18	scenario	group 0 @ 0xA8B5; record 18	group-compressed	よせふ「そうか…… おれにあうのがはずかしくて{CTRL:0} おまえに もってこさせたんだな！」{CTRL:2}おれ「ひひーん／」{CTRL:6}よせふ「……でもな おれはやっぱり{CTRL:4} てんしのおつげ なんてはなしは{CTRL:4} どうしたってしんじられな……」{CTRL:4}{CTRL:3}{CTRL:4}{CTRL:4}そのときだった……{CTRL:3}とつぜんそらから あいつが おりてきたのだ……	よせふ「そうか…… おれにあうのがはずかしくて ⟦CTRL:0⟧  おまえに もってこさせたんだな！」 ⟦CTRL:2⟧ おれ「ひひーん／」 ⟦CTRL:6⟧ よせふ「……でもな おれはやっぱり ⟦CTRL:4⟧  てんしのおつげ なんてはなしは ⟦CTRL:4⟧  どうしたってしんじられな……」 ⟦CTRL:4⟧  ⟦CTRL:3⟧  ⟦CTRL:4⟧  ⟦CTRL:4⟧ そのときだった…… ⟦CTRL:3⟧ とつぜんそらから あいつが おりてきたのだ……	yosefu「souka…… oreniaunogahazukashikute /  omaeni mottekosasetandana！」 / ore「hihiin／」 / yosefu「……demona orehayappari /  tenshinootsuge nantehanashiha /  doushitatteshinjirarena……」 /  /  /  / sonotokidatta…… / totsuzensorakara aitsuga oritekitanoda……	よせふ「そうか…… おれにあうのがはずかしくて おまえに もってこさせたんだな！」おれ「ひひーん／」よせふ「……でもな おれはやっぱり てんしのおつげ なんてはなしは どうしたってしんじられな……」そのときだった……とつぜんそらから あいつが おりてきたのだ……	Joseph: I see... ashamed{CTRL:0}she sent you instead!{CTRL:2}Me: Hee-haw!{CTRL:6}Joseph: Yet I cannot{CTRL:4}believe this talk about{CTRL:4}an angel's message...{CTRL:4}{CTRL:3}{CTRL:4}{CTRL:4}Just then...{CTRL:3}The fiend descended...	Joseph: I see... ashamed ⟦CTRL:0⟧ she sent you instead! ⟦CTRL:2⟧ Me: Hee-haw! ⟦CTRL:6⟧ Joseph: Yet I cannot ⟦CTRL:4⟧ believe this talk about ⟦CTRL:4⟧ an angel's message... ⟦CTRL:4⟧  ⟦CTRL:3⟧  ⟦CTRL:4⟧  ⟦CTRL:4⟧ Just then... ⟦CTRL:3⟧ The fiend descended...	0,2,6,4,4,4,3,4,4,3	0,2,6,4,4,4,3,4,4,3	yes	hiragana:103; katakana:1; kanji:0; Latin:0; digits:0	おれ: plain-to-rough masculine first person | おまえ: familiar or rough second person; relationship and tone matter	はなし → 話	ellipsis carries timing/hesitation tone	medium		
1011	TT6A	TT6A/g0/r19	scenario	group 0 @ 0xA8B5; record 19	group-compressed	"よせふ「あなたは……！」{CTRL:0}あくま「わたしは かみのこえをつたえる{CTRL:0} てんしである……」{CTRL:6}おれ「ぶるる／」{CTRL:3}あくま「よせふよ…」{CTRL:4}よせふ「は はい／」{CTRL:3}あくま「まりあは かみのこをみごもったのだ{CTRL:4} しんぱいしないで まりあとけっこんするがよい」{CTRL:3}よせふ「はい／」{CTRL:3}あくま「そして…… そのこに ""でーもん"" と{CTRL:4} なづけよ わかったな！」{CTRL:3}よせふ「わかりました／ てんしさま／」{CTRL:4}あくま「よろしい」"	"よせふ「あなたは……！」 ⟦CTRL:0⟧ あくま「わたしは かみのこえをつたえる ⟦CTRL:0⟧  てんしである……」 ⟦CTRL:6⟧ おれ「ぶるる／」 ⟦CTRL:3⟧ あくま「よせふよ…」 ⟦CTRL:4⟧ よせふ「は はい／」 ⟦CTRL:3⟧ あくま「まりあは かみのこをみごもったのだ ⟦CTRL:4⟧  しんぱいしないで まりあとけっこんするがよい」 ⟦CTRL:3⟧ よせふ「はい／」 ⟦CTRL:3⟧ あくま「そして…… そのこに ""でーもん"" と ⟦CTRL:4⟧  なづけよ わかったな！」 ⟦CTRL:3⟧ よせふ「わかりました／ てんしさま／」 ⟦CTRL:4⟧ あくま「よろしい」"	"yosefu「anataha……！」 / akuma「watashiha kaminokoeotsutaeru /  tenshidearu……」 / ore「bururu／」 / akuma「yosefuyo…」 / yosefu「ha hai／」 / akuma「mariaha kaminokoomigomottanoda /  shinpaishinaide mariatokekkonsurugayoi」 / yosefu「hai／」 / akuma「soshite…… sonokoni ""deemon"" to /  nazukeyo wakattana！」 / yosefu「wakarimashita／ tenshisama／」 / akuma「yoroshii」"	"よせふ「あなたは……！」あくま「わたしは かみのこえをつたえる てんしである……」おれ「ぶるる／」あくま「よせふよ…」よせふ「は はい／」あくま「まりあは かみのこをみごもったのだ しんぱいしないで まりあとけっこんするがよい」よせふ「はい／」あくま「そして…… そのこに ""でーもん"" と なづけよ わかったな！」よせふ「わかりました／ てんしさま／」あくま「よろしい」"	"Joseph: Who are you?!{CTRL:0}Devil: I am an angel{CTRL:0}bearing God's voice...{CTRL:6}Me: Brrr!{CTRL:3}Devil: Joseph...{CTRL:4}Joseph: Y-yes!{CTRL:3}Mary bears God's child.{CTRL:4}Wed her without fear.{CTRL:3}Joseph: Yes!{CTRL:3}Devil: Name the child{CTRL:4}""Demon."" Understood?{CTRL:3}Joseph: Yes, angel!{CTRL:4}Devil: Good."	"Joseph: Who are you?! ⟦CTRL:0⟧ Devil: I am an angel ⟦CTRL:0⟧ bearing God's voice... ⟦CTRL:6⟧ Me: Brrr! ⟦CTRL:3⟧ Devil: Joseph... ⟦CTRL:4⟧ Joseph: Y-yes! ⟦CTRL:3⟧ Mary bears God's child. ⟦CTRL:4⟧ Wed her without fear. ⟦CTRL:3⟧ Joseph: Yes! ⟦CTRL:3⟧ Devil: Name the child ⟦CTRL:4⟧ ""Demon."" Understood? ⟦CTRL:3⟧ Joseph: Yes, angel! ⟦CTRL:4⟧ Devil: Good."	0,0,6,3,4,3,4,3,3,4,3,4	0,0,6,3,4,3,4,3,3,4,3,4	yes	hiragana:137; katakana:1; kanji:0; Latin:0; digits:0	おれ: plain-to-rough masculine first person | さま: -sama: high respect, worship, status, or irony	あくま → 悪魔 | かみ → 神/紙/髪	ellipsis carries timing/hesitation tone	high		
1012	TT6A	TT6A/g0/r20	scenario	group 0 @ 0xA8B5; record 20	group-compressed	よせふ「ありがたや ありがたや…」	よせふ「ありがたや ありがたや…」	yosefu「arigataya arigataya…」	よせふ「ありがたや ありがたや…」	Joseph: Praise be...	Joseph: Praise be...			yes	hiragana:13; katakana:0; kanji:0; Latin:0; digits:0; phonetic hiragana orthography		Source suppresses normal kanji/katakana distinctions; restore only with context	ellipsis carries timing/hesitation tone	medium		
1013	TT6A	TT6A/g0/r21	scenario	group 0 @ 0xA8B5; record 21	group-compressed	おもいもかけない てだすけがあって{CTRL:0}ふたりはめでたく むすばれた{CTRL:2}そして すうかげつたった あるひのこと……	おもいもかけない てだすけがあって ⟦CTRL:0⟧ ふたりはめでたく むすばれた ⟦CTRL:2⟧ そして すうかげつたった あるひのこと……	omoimokakenai tedasukegaatte / futarihamedetaku musubareta / soshite suukagetsutatta aruhinokoto……	おもいもかけない てだすけがあってふたりはめでたく むすばれたそして すうかげつたった あるひのこと……	With unexpected help,{CTRL:0}the two wed at last.{CTRL:2}Several months later...	With unexpected help, ⟦CTRL:0⟧ the two wed at last. ⟦CTRL:2⟧ Several months later...	0,2	0,2	yes	hiragana:46; katakana:0; kanji:0; Latin:0; digits:0; phonetic hiragana orthography		Source suppresses normal kanji/katakana distinctions; restore only with context	ellipsis carries timing/hesitation tone	medium		
1014	TT6A	TT6A/g0/r22	scenario	group 0 @ 0xA8B5; record 22	group-compressed	なにを！	なにを！	nanio！	なにを！	What?!	What?!			yes	hiragana:3; katakana:0; kanji:0; Latin:0; digits:0; phonetic hiragana orthography		Source suppresses normal kanji/katakana distinctions; restore only with context		medium		
1015	TT6A	TT6A/g0/r23	scenario	group 0 @ 0xA8B5; record 23	group-compressed	くちが ふさがっている	くちが ふさがっている	kuchiga fusagatteiru	くちが ふさがっている	My mouth is blocked.	My mouth is blocked.			yes	hiragana:10; katakana:0; kanji:0; Latin:0; digits:0; phonetic hiragana orthography		Source suppresses normal kanji/katakana distinctions; restore only with context		medium		
1016	TT6A	TT6A/g0/r24	scenario	group 0 @ 0xA8B5; record 24	group-compressed	よせふ「よせよ いたずらは…」	よせふ「よせよ いたずらは…」	yosefu「yoseyo itazuraha…」	よせふ「よせよ いたずらは…」	Joseph: Stop the prank.	Joseph: Stop the prank.			yes	hiragana:11; katakana:0; kanji:0; Latin:0; digits:0; phonetic hiragana orthography		Source suppresses normal kanji/katakana distinctions; restore only with context	ellipsis carries timing/hesitation tone	medium		
1017	TT6A	TT6A/g0/r25	scenario	group 0 @ 0xA8B5; record 25	group-compressed	よせふ「ひとりにしないでくれ／」	よせふ「ひとりにしないでくれ／」	yosefu「hitorinishinaidekure／」	よせふ「ひとりにしないでくれ／」	Joseph: Do not leave me!	Joseph: Do not leave me!			yes	hiragana:13; katakana:0; kanji:0; Latin:0; digits:0; phonetic hiragana orthography		Source suppresses normal kanji/katakana distinctions; restore only with context		medium		
1018	TT6A	TT6A/g0/r26	scenario	group 0 @ 0xA8B5; record 26	group-compressed	ちょうろう「こまったことになった{CTRL:0} あんなに ひかれあっていたというのに……{CTRL:2} わしにはもう どうすることもできん」	ちょうろう「こまったことになった ⟦CTRL:0⟧  あんなに ひかれあっていたというのに…… ⟦CTRL:2⟧  わしにはもう どうすることもできん」	chourou「komattakotoninatta /  annani hikareatteitatoiunoni…… /  washinihamou dousurukotomodekin」	ちょうろう「こまったことになった あんなに ひかれあっていたというのに…… わしにはもう どうすることもできん」	Elder: This is serious.{CTRL:0}They were once so close.{CTRL:2}I can do nothing more.	Elder: This is serious. ⟦CTRL:0⟧ They were once so close. ⟦CTRL:2⟧ I can do nothing more.	0,2	0,2	yes	hiragana:48; katakana:0; kanji:0; Latin:0; digits:0; phonetic hiragana orthography	わし: elderly or authoritative masculine first person; character voice, not necessarily regional	Source suppresses normal kanji/katakana distinctions; restore only with context	ellipsis carries timing/hesitation tone	medium		
1019	TT6A	TT6A/g0/r27	scenario	group 0 @ 0xA8B5; record 27	group-compressed	こども「ねえ… みんな かわにあつまってるよ{CTRL:0} はやく おはなしきかせて／」{CTRL:0}ちょうろう「ああ… そうじゃな」	こども「ねえ… みんな かわにあつまってるよ ⟦CTRL:0⟧  はやく おはなしきかせて／」 ⟦CTRL:0⟧ ちょうろう「ああ… そうじゃな」	kodomo「nee… minna kawaniatsumatteruyo /  hayaku ohanashikikasete／」 / chourou「aa… soujana」	こども「ねえ… みんな かわにあつまってるよ はやく おはなしきかせて／」ちょうろう「ああ… そうじゃな」	Child: Everyone is by{CTRL:0}the river. Tell us more!{CTRL:0}Elder: Yes, all right.	Child: Everyone is by ⟦CTRL:0⟧ the river. Tell us more! ⟦CTRL:0⟧ Elder: Yes, all right.	0,0	0,0	yes	hiragana:41; katakana:0; kanji:0; Latin:0; digits:0; phonetic hiragana orthography	じゃ: old-person/western-style copula; context decides voice versus region	こども → 子供 | はなし → 話	ellipsis carries timing/hesitation tone	medium		
1020	TT6A	TT6A/g0/r28	scenario	group 0 @ 0xA8B5; record 28	group-compressed	ちいさなむらだ しっくいをぬった{CTRL:0}しろいいえが いくつかたちならんでいる	ちいさなむらだ しっくいをぬった ⟦CTRL:0⟧ しろいいえが いくつかたちならんでいる	chiisanamurada shikkuionutta / shiroiiega ikutsukatachinarandeiru	ちいさなむらだ しっくいをぬったしろいいえが いくつかたちならんでいる	A small village.{CTRL:0}Rows of white homes.	A small village. ⟦CTRL:0⟧ Rows of white homes.	0	0	yes	hiragana:33; katakana:0; kanji:0; Latin:0; digits:0; phonetic hiragana orthography		Source suppresses normal kanji/katakana distinctions; restore only with context		medium		
1021	TT6A	TT6A/g0/r29	scenario	group 0 @ 0xA8B5; record 29	group-compressed	かおに ふかいしわがきざまれている	かおに ふかいしわがきざまれている	kaoni fukaishiwagakizamareteiru	かおに ふかいしわがきざまれている	Deep wrinkles mark him.	Deep wrinkles mark him.			yes	hiragana:16; katakana:0; kanji:0; Latin:0; digits:0; phonetic hiragana orthography		Source suppresses normal kanji/katakana distinctions; restore only with context		medium		
1022	TT6A	TT6A/g0/r30	scenario	group 0 @ 0xA8B5; record 30	group-compressed	こどものくせに ほりがふかい	こどものくせに ほりがふかい	kodomonokuseni horigafukai	こどものくせに ほりがふかい	A sharp-featured child.	A sharp-featured child.			yes	hiragana:13; katakana:0; kanji:0; Latin:0; digits:0; phonetic hiragana orthography		こども → 子供		low		
1023	TT6A	TT6A/g0/r31	scenario	group 0 @ 0xA8B5; record 31	group-compressed	だいじなみずの きょうきゅうげんだ	だいじなみずの きょうきゅうげんだ	daijinamizuno kyoukyuugenda	だいじなみずの きょうきゅうげんだ	The vital water source.	The vital water source.			yes	hiragana:16; katakana:0; kanji:0; Latin:0; digits:0; phonetic hiragana orthography		だいじ → 大事		low		
1024	TT6A	TT6A/g1/r0	scenario	group 1 @ 0xAC9D; record 0	group-compressed	ほしくさが やまもりになっている	ほしくさが やまもりになっている	hoshikusaga yamamorininatteiru	ほしくさが やまもりになっている	Hay is piled high.	Hay is piled high.			yes	hiragana:15; katakana:0; kanji:0; Latin:0; digits:0; phonetic hiragana orthography		Source suppresses normal kanji/katakana distinctions; restore only with context		medium		
1025	TT6A	TT6A/g1/r1	scenario	group 1 @ 0xAC9D; record 1	group-compressed	なわで はしらにつながれている	なわで はしらにつながれている	nawade hashiranitsunagareteiru	なわで はしらにつながれている	Rope ties me to a post.	Rope ties me to a post.			yes	hiragana:14; katakana:0; kanji:0; Latin:0; digits:0; phonetic hiragana orthography		Source suppresses normal kanji/katakana distinctions; restore only with context		medium		
1026	TT6A	TT6A/g1/r2	scenario	group 1 @ 0xAC9D; record 2	group-compressed	あーー ろばか……	あーー ろばか……	aaa robaka……	あーー ろばか……	Ohhh, I am a donkey...	Ohhh, I am a donkey...			yes	hiragana:4; katakana:2; kanji:0; Latin:0; digits:0		Source suppresses normal kanji/katakana distinctions; restore only with context	ellipsis carries timing/hesitation tone	medium		
1027	TT6A	TT6A/g1/r3	scenario	group 1 @ 0xAC9D; record 3	group-compressed	むすびめが ゆるいな	むすびめが ゆるいな	musubimega yuruina	むすびめが ゆるいな	The knot is loose.	The knot is loose.			yes	hiragana:9; katakana:0; kanji:0; Latin:0; digits:0; phonetic hiragana orthography		Source suppresses normal kanji/katakana distinctions; restore only with context		medium		
1028	TT6A	TT6A/g1/r4	scenario	group 1 @ 0xAC9D; record 4	group-compressed	ほしくさのあまいかおりが はなをくすぐる	ほしくさのあまいかおりが はなをくすぐる	hoshikusanoamaikaoriga hanaokusuguru	ほしくさのあまいかおりが はなをくすぐる	Sweet hay fills my nose.	Sweet hay fills my nose.			yes	hiragana:19; katakana:0; kanji:0; Latin:0; digits:0; phonetic hiragana orthography		Source suppresses normal kanji/katakana distinctions; restore only with context		medium		
1029	TT6A	TT6A/g1/r5	scenario	group 1 @ 0xAC9D; record 5	group-compressed	ちょうろう「ちょっとした きっかけさえあれば{CTRL:0} なかよくなれるはずなんじゃが……」	ちょうろう「ちょっとした きっかけさえあれば ⟦CTRL:0⟧  なかよくなれるはずなんじゃが……」	chourou「chottoshita kikkakesaeareba /  nakayokunareruhazunanjaga……」	ちょうろう「ちょっとした きっかけさえあれば なかよくなれるはずなんじゃが……」	Elder: One small chance{CTRL:0}could reunite them.	Elder: One small chance ⟦CTRL:0⟧ could reunite them.	0	0	yes	hiragana:34; katakana:0; kanji:0; Latin:0; digits:0; phonetic hiragana orthography	じゃ: old-person/western-style copula; context decides voice versus region	Source suppresses normal kanji/katakana distinctions; restore only with context	ellipsis carries timing/hesitation tone	medium		
1030	TT6A	TT6A/g1/r6	scenario	group 1 @ 0xAC9D; record 6	group-compressed	ひゅーひゅーと かぜのおとがきこえてくる	ひゅーひゅーと かぜのおとがきこえてくる	hyuuhyuuto kazenootogakikoetekuru	ひゅーひゅーと かぜのおとがきこえてくる	The wind whistles by.	The wind whistles by.			yes	hiragana:17; katakana:2; kanji:0; Latin:0; digits:0		Source suppresses normal kanji/katakana distinctions; restore only with context		medium		
1031	TT6A	TT6A/g1/r7	scenario	group 1 @ 0xAC9D; record 7	group-compressed	おれ「ふが… ふがが…」{CTRL:1}ほどけた／	おれ「ふが… ふがが…」 ⟦CTRL:1⟧ ほどけた／	ore「fuga… fugaga…」 / hodoketa／	おれ「ふが… ふがが…」ほどけた／	Me: Mmph... mmmph...{CTRL:1}Free!	Me: Mmph... mmmph... ⟦CTRL:1⟧ Free!	1	1	yes	hiragana:11; katakana:0; kanji:0; Latin:0; digits:0; phonetic hiragana orthography	おれ: plain-to-rough masculine first person	Source suppresses normal kanji/katakana distinctions; restore only with context	ellipsis carries timing/hesitation tone	medium		
1032	TT6A	TT6A/g1/r8	scenario	group 1 @ 0xAC9D; record 8	group-compressed	こんなもの たべられるわけが……{CTRL:1}おれ「ぶる／ ぶるる／」{CTRL:0}……うーーん ふしぎだがうまい	こんなもの たべられるわけが…… ⟦CTRL:1⟧ おれ「ぶる／ ぶるる／」 ⟦CTRL:0⟧ ……うーーん ふしぎだがうまい	konnamono taberareruwakega…… / ore「buru／ bururu／」 / ……uuun fushigidagaumai	こんなもの たべられるわけが……おれ「ぶる／ ぶるる／」……うーーん ふしぎだがうまい	I cannot eat this...{CTRL:1}Me: Brr! Brrrr!{CTRL:0}Odd, but it tastes good.	I cannot eat this... ⟦CTRL:1⟧ Me: Brr! Brrrr! ⟦CTRL:0⟧ Odd, but it tastes good.	1,0	1,0	yes	hiragana:30; katakana:2; kanji:0; Latin:0; digits:0	おれ: plain-to-rough masculine first person | まい: literary negative intention or conjecture	Source suppresses normal kanji/katakana distinctions; restore only with context	ellipsis carries timing/hesitation tone	high		
1033	TT6A	TT6A/g1/r9	scenario	group 1 @ 0xAC9D; record 9	group-compressed	んぐんぐ…… ぷはーー／	んぐんぐ…… ぷはーー／	ngungu…… puhaaa／	んぐんぐ…… ぷはーー／	Gulp, gulp... aaah!	Gulp, gulp... aaah!			yes	hiragana:6; katakana:2; kanji:0; Latin:0; digits:0		Source suppresses normal kanji/katakana distinctions; restore only with context	ellipsis carries timing/hesitation tone	medium		
1034	TT6A	TT6A/g1/r10	scenario	group 1 @ 0xAC9D; record 10	group-compressed	とき……きげんぜん 4ねんごろ{CTRL:0}ばしょ……いすらえる なざれのむら{CTRL:0}なまえ……かしむ{CTRL:0}しょくぎょう……ろば	とき……きげんぜん 4ねんごろ ⟦CTRL:0⟧ ばしょ……いすらえる なざれのむら ⟦CTRL:0⟧ なまえ……かしむ ⟦CTRL:0⟧ しょくぎょう……ろば	toki……kigenzen 4nengoro / basho……isuraeru nazarenomura / namae……kashimu / shokugyou……roba	とき……きげんぜん 4ねんごろばしょ……いすらえる なざれのむらなまえ……かしむしょくぎょう……ろば	Time: About 4 BC{CTRL:0}Place: Nazareth village{CTRL:0}Name: Kashim{CTRL:0}Job: Donkey	Time: About 4 BC ⟦CTRL:0⟧ Place: Nazareth village ⟦CTRL:0⟧ Name: Kashim ⟦CTRL:0⟧ Job: Donkey	0,0,0	0,0,0	yes	hiragana:39; katakana:0; kanji:0; Latin:0; digits:1; phonetic hiragana orthography		なまえ → 名前	source numerals ['4']; verify dates/counts and Japanese ordering | ellipsis carries timing/hesitation tone	low		
1035	TT6A	TT6A/g1/r11	scenario	group 1 @ 0xAC9D; record 11	group-compressed	うごけない	うごけない	ugokenai	うごけない	I cannot move.	I cannot move.			yes	hiragana:5; katakana:0; kanji:0; Latin:0; digits:0; phonetic hiragana orthography		Source suppresses normal kanji/katakana distinctions; restore only with context		medium		
1036	TT6A	TT6A/g1/r12	scenario	group 1 @ 0xAC9D; record 12	group-compressed	たなのうえに ぎんのうでわがおかれている	たなのうえに ぎんのうでわがおかれている	tananoueni ginnoudewagaokareteiru	たなのうえに ぎんのうでわがおかれている	A silver bracelet.	A silver bracelet.			yes	hiragana:19; katakana:0; kanji:0; Latin:0; digits:0; phonetic hiragana orthography		Source suppresses normal kanji/katakana distinctions; restore only with context		medium		
1037	TT6A	TT6A/g1/r13	scenario	group 1 @ 0xAC9D; record 13	group-compressed	せまいが こぎれいにしてある	せまいが こぎれいにしてある	semaiga kogireinishitearu	せまいが こぎれいにしてある	Small, clean, and tidy.	Small, clean, and tidy.			yes	hiragana:13; katakana:0; kanji:0; Latin:0; digits:0; phonetic hiragana orthography		Source suppresses normal kanji/katakana distinctions; restore only with context		medium		
1038	TT6A	TT6A/g1/r14	scenario	group 1 @ 0xAC9D; record 14	group-compressed	ちからなく ひきうすをまわしている	ちからなく ひきうすをまわしている	chikaranaku hikiusuomawashiteiru	ちからなく ひきうすをまわしている	She turns a mill weakly.	She turns a mill weakly.			yes	hiragana:16; katakana:0; kanji:0; Latin:0; digits:0; phonetic hiragana orthography	わし: elderly or authoritative masculine first person; character voice, not necessarily regional	Source suppresses normal kanji/katakana distinctions; restore only with context		medium		
1039	TT6A	TT6A/g1/r15	scenario	group 1 @ 0xAC9D; record 15	group-compressed	うれしなみだを うかべている	うれしなみだを うかべている	ureshinamidao ukabeteiru	うれしなみだを うかべている	Her eyes fill with joy.	Her eyes fill with joy.			yes	hiragana:13; katakana:0; kanji:0; Latin:0; digits:0; phonetic hiragana orthography		Source suppresses normal kanji/katakana distinctions; restore only with context		medium		
1040	TT6A	TT6A/g1/r16	scenario	group 1 @ 0xAC9D; record 16	group-compressed	せとものの かめやおわんだ	せとものの かめやおわんだ	setomonono kameyaowanda	せとものの かめやおわんだ	Clay jars and bowls.	Clay jars and bowls.			yes	hiragana:12; katakana:0; kanji:0; Latin:0; digits:0; phonetic hiragana orthography		Source suppresses normal kanji/katakana distinctions; restore only with context		medium		
1041	TT6A	TT6A/g1/r17	scenario	group 1 @ 0xAC9D; record 17	group-compressed	はんどるをまわして こむぎをひくしかけだ	はんどるをまわして こむぎをひくしかけだ	handoruomawashite komugiohikushikakeda	はんどるをまわして こむぎをひくしかけだ	A wheat-grinding crank.	A wheat-grinding crank.			yes	hiragana:19; katakana:0; kanji:0; Latin:0; digits:0; phonetic hiragana orthography	わし: elderly or authoritative masculine first person; character voice, not necessarily regional	Source suppresses normal kanji/katakana distinctions; restore only with context		medium		
1042	TT6A	TT6A/g1/r18	scenario	group 1 @ 0xAC9D; record 18	group-compressed	おとこものだよな これは……	おとこものだよな これは……	otokomonodayona koreha……	おとこものだよな これは……	This is for a man...	This is for a man...			yes	hiragana:11; katakana:0; kanji:0; Latin:0; digits:0; phonetic hiragana orthography		おとこ → 男	ellipsis carries timing/hesitation tone	low		
1043	TT6A	TT6A/g1/r19	scenario	group 1 @ 0xAC9D; record 19	group-compressed	よく にあう	よく にあう	yoku niau	よく にあう	It suits me well.	It suits me well.			yes	hiragana:5; katakana:0; kanji:0; Latin:0; digits:0; phonetic hiragana orthography		Source suppresses normal kanji/katakana distinctions; restore only with context		medium		
1044	TT6A	TT6A/g1/r20	scenario	group 1 @ 0xAC9D; record 20	group-compressed	ひきたての こむぎのかおりがする	ひきたての こむぎのかおりがする	hikitateno komuginokaorigasuru	ひきたての こむぎのかおりがする	Fresh wheat aroma.	Fresh wheat aroma.			yes	hiragana:15; katakana:0; kanji:0; Latin:0; digits:0; phonetic hiragana orthography		Source suppresses normal kanji/katakana distinctions; restore only with context		medium		
1045	TT6A	TT6A/g1/r21	scenario	group 1 @ 0xAC9D; record 21	group-compressed	はなの かおりがする	はなの かおりがする	hanano kaorigasuru	はなの かおりがする	It smells of flowers.	It smells of flowers.			yes	hiragana:9; katakana:0; kanji:0; Latin:0; digits:0; phonetic hiragana orthography		Source suppresses normal kanji/katakana distinctions; restore only with context		medium		
1046	TT6A	TT6A/g1/r22	scenario	group 1 @ 0xAC9D; record 22	group-compressed	まりあ「どうしたの！ かしむ…」{CTRL:0}おれ「ぶるる…」{CTRL:0}まりあ「ねえ わたしのはなしをきいて」	まりあ「どうしたの！ かしむ…」 ⟦CTRL:0⟧ おれ「ぶるる…」 ⟦CTRL:0⟧ まりあ「ねえ わたしのはなしをきいて」	maria「doushitano！ kashimu…」 / ore「bururu…」 / maria「nee watashinohanashiokiite」	まりあ「どうしたの！ かしむ…」おれ「ぶるる…」まりあ「ねえ わたしのはなしをきいて」	Mary: What is it?{CTRL:0}Me: Brrrr...{CTRL:0}Mary: Please listen.	Mary: What is it? ⟦CTRL:0⟧ Me: Brrrr... ⟦CTRL:0⟧ Mary: Please listen.	0,0	0,0	yes	hiragana:32; katakana:0; kanji:0; Latin:0; digits:0; phonetic hiragana orthography	おれ: plain-to-rough masculine first person	はなし → 話	ellipsis carries timing/hesitation tone	medium		
1047	TT6A	TT6A/g1/r23	scenario	group 1 @ 0xAC9D; record 23	group-compressed	"まりあ「わたしゆうべ てんしのおつげをきいたの{CTRL:1} ""おまえは かみのこをみごもった{CTRL:0}  よせふとともに たいせつにそだてるがよい""と{CTRL:6} でもよせふは ぜんぜん しんようしてくれない」"	"まりあ「わたしゆうべ てんしのおつげをきいたの ⟦CTRL:1⟧  ""おまえは かみのこをみごもった ⟦CTRL:0⟧   よせふとともに たいせつにそだてるがよい""と ⟦CTRL:6⟧  でもよせふは ぜんぜん しんようしてくれない」"	"maria「watashiyuube tenshinootsugeokiitano /  ""omaeha kaminokoomigomotta /   yosefutotomoni taisetsunisodaterugayoi""to /  demoyosefuha zenzen shinyoushitekurenai」"	"まりあ「わたしゆうべ てんしのおつげをきいたの ""おまえは かみのこをみごもった  よせふとともに たいせつにそだてるがよい""と でもよせふは ぜんぜん しんようしてくれない」"	"Mary: An angel spoke.{CTRL:1}""You bear God's child.{CTRL:0} Raise it with Joseph.""{CTRL:6}Joseph doubts me."	"Mary: An angel spoke. ⟦CTRL:1⟧ ""You bear God's child. ⟦CTRL:0⟧  Raise it with Joseph."" ⟦CTRL:6⟧ Joseph doubts me."	1,0,6	1,0,6	yes	hiragana:75; katakana:0; kanji:0; Latin:0; digits:0; phonetic hiragana orthography	おまえ: familiar or rough second person; relationship and tone matter	かみ → 神/紙/髪		medium		
1048	TT6A	TT6A/g1/r24	scenario	group 1 @ 0xAC9D; record 24	group-compressed	まりあ「そう……」	まりあ「そう……」	maria「sou……」	まりあ「そう……」	Mary: I see...	Mary: I see...			yes	hiragana:5; katakana:0; kanji:0; Latin:0; digits:0; phonetic hiragana orthography		Source suppresses normal kanji/katakana distinctions; restore only with context	ellipsis carries timing/hesitation tone	medium		
1049	TT6A	TT6A/g1/r25	scenario	group 1 @ 0xAC9D; record 25	group-compressed	まりあ「わたしまってる… よせふがわたしを{CTRL:0} ふりむいてくれるまで……」	まりあ「わたしまってる… よせふがわたしを ⟦CTRL:0⟧  ふりむいてくれるまで……」	maria「watashimatteru… yosefugawatashio /  furimuitekurerumade……」	まりあ「わたしまってる… よせふがわたしを ふりむいてくれるまで……」	Mary: I will wait here{CTRL:0}until he returns to me.	Mary: I will wait here ⟦CTRL:0⟧ until he returns to me.	0	0	yes	hiragana:28; katakana:0; kanji:0; Latin:0; digits:0; phonetic hiragana orthography		Source suppresses normal kanji/katakana distinctions; restore only with context	ellipsis carries timing/hesitation tone	medium		
1050	TT6A	TT6A/g1/r26	scenario	group 1 @ 0xAC9D; record 26	group-compressed	まりあ「！ どうしたの！ そのくびかざり……{CTRL:1} ……ひょっとして よせふが！」	まりあ「！ どうしたの！ そのくびかざり…… ⟦CTRL:1⟧  ……ひょっとして よせふが！」	maria「！ doushitano！ sonokubikazari…… /  ……hyottoshite yosefuga！」	まりあ「！ どうしたの！ そのくびかざり…… ……ひょっとして よせふが！」	Mary: That necklace!{CTRL:1}Did Joseph send it?!	Mary: That necklace! ⟦CTRL:1⟧ Did Joseph send it?!	1	1	yes	hiragana:25; katakana:0; kanji:0; Latin:0; digits:0; phonetic hiragana orthography		Source suppresses normal kanji/katakana distinctions; restore only with context	ellipsis carries timing/hesitation tone	medium		
1051	TT6A	TT6A/g1/r27	scenario	group 1 @ 0xAC9D; record 27	group-compressed	まりあ「うそよ よせふがよこしたんでしょ！」	まりあ「うそよ よせふがよこしたんでしょ！」	maria「usoyo yosefugayokoshitandesho！」	まりあ「うそよ よせふがよこしたんでしょ！」	Mary: Joseph sent it!	Mary: Joseph sent it!			yes	hiragana:18; katakana:0; kanji:0; Latin:0; digits:0; phonetic hiragana orthography		Source suppresses normal kanji/katakana distinctions; restore only with context		medium		
1052	TT6A	TT6A/g1/r28	scenario	group 1 @ 0xAC9D; record 28	group-compressed	まりあ「そう…… わたしにあうのがはずかしくて{CTRL:0} あなたに もってこさせたのね！」{CTRL:2}おれ「ひひーん／」{CTRL:6}まりあ「きっとしんじてくれると おもってた……」{CTRL:3}くびかざりをとり くびにかけた	まりあ「そう…… わたしにあうのがはずかしくて ⟦CTRL:0⟧  あなたに もってこさせたのね！」 ⟦CTRL:2⟧ おれ「ひひーん／」 ⟦CTRL:6⟧ まりあ「きっとしんじてくれると おもってた……」 ⟦CTRL:3⟧ くびかざりをとり くびにかけた	maria「sou…… watashiniaunogahazukashikute /  anatani mottekosasetanone！」 / ore「hihiin／」 / maria「kittoshinjitekureruto omotteta……」 / kubikazariotori kubinikaketa	まりあ「そう…… わたしにあうのがはずかしくて あなたに もってこさせたのね！」おれ「ひひーん／」まりあ「きっとしんじてくれると おもってた……」くびかざりをとり くびにかけた	Mary: He was too ashamed{CTRL:0}to meet me, so sent you!{CTRL:2}Me: Hee-haw!{CTRL:6}Mary: I knew he'd trust!{CTRL:3}She dons the necklace.	Mary: He was too ashamed ⟦CTRL:0⟧ to meet me, so sent you! ⟦CTRL:2⟧ Me: Hee-haw! ⟦CTRL:6⟧ Mary: I knew he'd trust! ⟦CTRL:3⟧ She dons the necklace.	0,2,6,3	0,2,6,3	yes	hiragana:70; katakana:1; kanji:0; Latin:0; digits:0	おれ: plain-to-rough masculine first person	Source suppresses normal kanji/katakana distinctions; restore only with context	ellipsis carries timing/hesitation tone	medium		
1053	TT6A	TT6A/g1/r29	scenario	group 1 @ 0xAC9D; record 29	group-compressed	まりあ「ありがとう かしむ」	まりあ「ありがとう かしむ」	maria「arigatou kashimu」	まりあ「ありがとう かしむ」	Mary: Thank you, Kashim.	Mary: Thank you, Kashim.			yes	hiragana:11; katakana:0; kanji:0; Latin:0; digits:0; phonetic hiragana orthography		Source suppresses normal kanji/katakana distinctions; restore only with context		medium		
1054	TT6A	TT6A/g1/r30	scenario	group 1 @ 0xAC9D; record 30	group-compressed	まりあ「かしむ いたずらはやめて」	まりあ「かしむ いたずらはやめて」	maria「kashimu itazurahayamete」	まりあ「かしむ いたずらはやめて」	Mary: Stop that, Kashim.	Mary: Stop that, Kashim.			yes	hiragana:14; katakana:0; kanji:0; Latin:0; digits:0; phonetic hiragana orthography		Source suppresses normal kanji/katakana distinctions; restore only with context		medium		
1055	TT6A	TT6A/g1/r31	scenario	group 1 @ 0xAC9D; record 31	group-compressed	まりあ「はが おれるわよ」	まりあ「はが おれるわよ」	maria「haga oreruwayo」	まりあ「はが おれるわよ」	Mary: Mind your teeth.	Mary: Mind your teeth.			yes	hiragana:10; katakana:0; kanji:0; Latin:0; digits:0; phonetic hiragana orthography	おれ: plain-to-rough masculine first person	Source suppresses normal kanji/katakana distinctions; restore only with context		medium		
1056	TT6A	TT6A/g2/r0	scenario	group 2 @ 0xAF20; record 0	group-compressed	おれ「はぐ はぐ… ぶるる／」{CTRL:0}まりあ「たんと おたべ」{CTRL:0}おれ「ひひーん／」	おれ「はぐ はぐ… ぶるる／」 ⟦CTRL:0⟧ まりあ「たんと おたべ」 ⟦CTRL:0⟧ おれ「ひひーん／」	ore「hagu hagu… bururu／」 / maria「tanto otabe」 / ore「hihiin／」	おれ「はぐ はぐ… ぶるる／」まりあ「たんと おたべ」おれ「ひひーん／」	Me: Munch, munch... brr!{CTRL:0}Mary: Eat all you like.{CTRL:0}Me: Hee-haw!	Me: Munch, munch... brr! ⟦CTRL:0⟧ Mary: Eat all you like. ⟦CTRL:0⟧ Me: Hee-haw!	0,0	0,0	yes	hiragana:23; katakana:1; kanji:0; Latin:0; digits:0	おれ: plain-to-rough masculine first person	Source suppresses normal kanji/katakana distinctions; restore only with context	ellipsis carries timing/hesitation tone	medium		
1057	TT6A	TT6A/g2/r1	scenario	group 2 @ 0xAF20; record 1	group-compressed	くちが とどかない{CTRL:1}まりあ「かしむ いたずらはやめて」	くちが とどかない ⟦CTRL:1⟧ まりあ「かしむ いたずらはやめて」	kuchiga todokanai / maria「kashimu itazurahayamete」	くちが とどかないまりあ「かしむ いたずらはやめて」	My mouth cannot reach.{CTRL:1}Mary: Stop that, Kashim.	My mouth cannot reach. ⟦CTRL:1⟧ Mary: Stop that, Kashim.	1	1	yes	hiragana:22; katakana:0; kanji:0; Latin:0; digits:0; phonetic hiragana orthography		Source suppresses normal kanji/katakana distinctions; restore only with context		medium		
1058	TT6A	TT6A/g2/r2	scenario	group 2 @ 0xAF20; record 2	group-compressed	まりあ「それはね けっこんのしるしに{CTRL:0} よせふにあげようと おもっていたの でも…」{CTRL:2}つぶらなひとみから みるみるなみだがあふれてくる{CTRL:6}まりあ「わたしまってる… よせふがわたしを{CTRL:4} ふりむいてくれるまで……」	まりあ「それはね けっこんのしるしに ⟦CTRL:0⟧  よせふにあげようと おもっていたの でも…」 ⟦CTRL:2⟧ つぶらなひとみから みるみるなみだがあふれてくる ⟦CTRL:6⟧ まりあ「わたしまってる… よせふがわたしを ⟦CTRL:4⟧  ふりむいてくれるまで……」	maria「sorehane kekkonnoshirushini /  yosefuniageyouto omotteitano demo…」 / tsuburanahitomikara mirumirunamidagaafuretekuru / maria「watashimatteru… yosefugawatashio /  furimuitekurerumade……」	まりあ「それはね けっこんのしるしに よせふにあげようと おもっていたの でも…」つぶらなひとみから みるみるなみだがあふれてくるまりあ「わたしまってる… よせふがわたしを ふりむいてくれるまで……」	Mary: A wedding token{CTRL:0}I meant for Joseph...{CTRL:2}Tears fill her eyes.{CTRL:6}Mary: I will wait here{CTRL:4}until he returns to me.	Mary: A wedding token ⟦CTRL:0⟧ I meant for Joseph... ⟦CTRL:2⟧ Tears fill her eyes. ⟦CTRL:6⟧ Mary: I will wait here ⟦CTRL:4⟧ until he returns to me.	0,2,6,4	0,2,6,4	yes	hiragana:85; katakana:0; kanji:0; Latin:0; digits:0; phonetic hiragana orthography		Source suppresses normal kanji/katakana distinctions; restore only with context	ellipsis carries timing/hesitation tone	medium		
1059	TT6A	TT6A/g2/r3	scenario	group 2 @ 0xAF20; record 3	group-compressed	まりあ「そう……あなたがもっていってくれるのね」{CTRL:1}たなからうでわをとり おれのくちにくわえさせた	まりあ「そう……あなたがもっていってくれるのね」 ⟦CTRL:1⟧ たなからうでわをとり おれのくちにくわえさせた	maria「sou……anatagamotteittekurerunone」 / tanakaraudewaotori orenokuchinikuwaesaseta	まりあ「そう……あなたがもっていってくれるのね」たなからうでわをとり おれのくちにくわえさせた	Mary: You will take it?{CTRL:1}She puts it in my mouth.	Mary: You will take it? ⟦CTRL:1⟧ She puts it in my mouth.	1	1	yes	hiragana:42; katakana:0; kanji:0; Latin:0; digits:0; phonetic hiragana orthography	おれ: plain-to-rough masculine first person	Source suppresses normal kanji/katakana distinctions; restore only with context	ellipsis carries timing/hesitation tone	medium		
1060	TT6A	TT6A/g2/r4	scenario	group 2 @ 0xAF20; record 4	group-compressed	{CTRL:0}{CTRL:0}まりあ「あなたって ほんとにかしこいのね」	⟦CTRL:0⟧  ⟦CTRL:0⟧ まりあ「あなたって ほんとにかしこいのね」	 /  / maria「anatatte hontonikashikoinone」	まりあ「あなたって ほんとにかしこいのね」	{CTRL:0}{CTRL:0}Mary: You are so clever!	⟦CTRL:0⟧  ⟦CTRL:0⟧ Mary: You are so clever!	0,0	0,0	yes	hiragana:18; katakana:0; kanji:0; Latin:0; digits:0; phonetic hiragana orthography		Source suppresses normal kanji/katakana distinctions; restore only with context		medium		
1061	TT6A	TT6A/g2/r5	scenario	group 2 @ 0xAF20; record 5	group-compressed	だいくの しごとばだ	だいくの しごとばだ	daikuno shigotobada	だいくの しごとばだ	A carpenter's workshop.	A carpenter's workshop.			yes	hiragana:9; katakana:0; kanji:0; Latin:0; digits:0; phonetic hiragana orthography		Source suppresses normal kanji/katakana distinctions; restore only with context		medium		
1062	TT6A	TT6A/g2/r6	scenario	group 2 @ 0xAF20; record 6	group-compressed	{CTRL:0}たなのうえに からふるなくびかざりが{CTRL:0}おいてある	⟦CTRL:0⟧ たなのうえに からふるなくびかざりが ⟦CTRL:0⟧ おいてある	 / tananoueni karafurunakubikazariga / oitearu	たなのうえに からふるなくびかざりがおいてある	{CTRL:0}A colorful necklace{CTRL:0}rests on the shelf.	⟦CTRL:0⟧ A colorful necklace ⟦CTRL:0⟧ rests on the shelf.	0,0	0,0	yes	hiragana:22; katakana:0; kanji:0; Latin:0; digits:0; phonetic hiragana orthography		Source suppresses normal kanji/katakana distinctions; restore only with context		medium		
1063	TT6A	TT6A/g2/r7	scenario	group 2 @ 0xAF20; record 7	group-compressed	やけくそのように かんなかけをつづけている	やけくそのように かんなかけをつづけている	yakekusonoyouni kannakakeotsuzuketeiru	やけくそのように かんなかけをつづけている	He planes wood grimly.	He planes wood grimly.			yes	hiragana:20; katakana:0; kanji:0; Latin:0; digits:0; phonetic hiragana orthography		Source suppresses normal kanji/katakana distinctions; restore only with context		medium		
1064	TT6A	TT6A/g2/r8	scenario	group 2 @ 0xAF20; record 8	group-compressed	かんな のこぎり はんまー……{CTRL:0}むかしから ぜんぜんかわってないんだな	かんな のこぎり はんまー…… ⟦CTRL:0⟧ むかしから ぜんぜんかわってないんだな	kanna nokogiri hanmaa…… / mukashikara zenzenkawattenaindana	かんな のこぎり はんまー……むかしから ぜんぜんかわってないんだな	Plane, saw, hammer...{CTRL:0}tools look unchanged.	Plane, saw, hammer... ⟦CTRL:0⟧ tools look unchanged.	0	0	yes	hiragana:28; katakana:1; kanji:0; Latin:0; digits:0		Source suppresses normal kanji/katakana distinctions; restore only with context	ellipsis carries timing/hesitation tone	medium		
1065	TT6A	TT6A/g2/r9	scenario	group 2 @ 0xAF20; record 9	group-compressed	けっこう がんじょうにできている	けっこう がんじょうにできている	kekkou ganjounidekiteiru	けっこう がんじょうにできている	It is quite sturdy.	It is quite sturdy.			yes	hiragana:15; katakana:0; kanji:0; Latin:0; digits:0; phonetic hiragana orthography		Source suppresses normal kanji/katakana distinctions; restore only with context		medium		
1066	TT6A	TT6A/g2/r10	scenario	group 2 @ 0xAF20; record 10	group-compressed	おんなものだよな これは……	おんなものだよな これは……	onnamonodayona koreha……	おんなものだよな これは……	This is for a woman...	This is for a woman...			yes	hiragana:11; katakana:0; kanji:0; Latin:0; digits:0; phonetic hiragana orthography		おんな → 女	ellipsis carries timing/hesitation tone	low		
1067	TT6A	TT6A/g2/r11	scenario	group 2 @ 0xAF20; record 11	group-compressed	こまかいかんなくずが はなのあなにはいってくる{CTRL:0}おれ「ふがが…」	こまかいかんなくずが はなのあなにはいってくる ⟦CTRL:0⟧ おれ「ふがが…」	komakaikannakuzuga hananoananihaittekuru / ore「fugaga…」	こまかいかんなくずが はなのあなにはいってくるおれ「ふがが…」	Shavings fill my nose.{CTRL:0}Me: Mmmph...	Shavings fill my nose. ⟦CTRL:0⟧ Me: Mmmph...	0	0	yes	hiragana:27; katakana:0; kanji:0; Latin:0; digits:0; phonetic hiragana orthography	おれ: plain-to-rough masculine first person	Source suppresses normal kanji/katakana distinctions; restore only with context	ellipsis carries timing/hesitation tone	medium		
1068	TT6A	TT6A/g2/r12	scenario	group 2 @ 0xAF20; record 12	group-compressed	よせふ「また なわをほどいたのか おまえ……」	よせふ「また なわをほどいたのか おまえ……」	yosefu「mata nawaohodoitanoka omae……」	よせふ「また なわをほどいたのか おまえ……」	Joseph: Untied again...	Joseph: Untied again...			yes	hiragana:17; katakana:0; kanji:0; Latin:0; digits:0; phonetic hiragana orthography	おまえ: familiar or rough second person; relationship and tone matter	Source suppresses normal kanji/katakana distinctions; restore only with context	ellipsis carries timing/hesitation tone	medium		
1069	TT6A	TT6A/g2/r13	scenario	group 2 @ 0xAF20; record 13	group-compressed	よせふ「かのじょは おれがいやになったんで{CTRL:0} でまかせをいってるんだ{CTRL:2} みごもったはなしだって うそにきまってる／」	よせふ「かのじょは おれがいやになったんで ⟦CTRL:0⟧  でまかせをいってるんだ ⟦CTRL:2⟧  みごもったはなしだって うそにきまってる／」	yosefu「kanojoha oregaiyaninattande /  demakaseoitterunda /  migomottahanashidatte usonikimatteru／」	よせふ「かのじょは おれがいやになったんで でまかせをいってるんだ みごもったはなしだって うそにきまってる／」	Joseph: She tired of me{CTRL:0}and invented that tale.{CTRL:2}Her pregnancy is a lie!	Joseph: She tired of me ⟦CTRL:0⟧ and invented that tale. ⟦CTRL:2⟧ Her pregnancy is a lie!	0,2	0,2	yes	hiragana:49; katakana:0; kanji:0; Latin:0; digits:0; phonetic hiragana orthography	おれ: plain-to-rough masculine first person	はなし → 話		medium		
1070	TT6A	TT6A/g2/r14	scenario	group 2 @ 0xAF20; record 14	group-compressed	よせふ「ぐっぞー／ ぢぐじょーーっ／」	よせふ「ぐっぞー／ ぢぐじょーーっ／」	yosefu「guzzoo／ jigujooo／」	よせふ「ぐっぞー／ ぢぐじょーーっ／」	Joseph: Damn it! Damn!!	Joseph: Damn it! Damn!!			yes	hiragana:11; katakana:3; kanji:0; Latin:0; digits:0		Source suppresses normal kanji/katakana distinctions; restore only with context		medium		
1071	TT6A	TT6A/g2/r15	scenario	group 2 @ 0xAF20; record 15	group-compressed	…………………………………………	…………………………………………	…………………………………………	…………………………………………	........................	........................			yes	hiragana:0; katakana:0; kanji:0; Latin:0; digits:0			ellipsis carries timing/hesitation tone	low		
1072	TT6A	TT6A/g2/r16	scenario	group 2 @ 0xAF20; record 16	group-compressed	よせふ「それは たべられないぞ」	よせふ「それは たべられないぞ」	yosefu「soreha taberarenaizo」	よせふ「それは たべられないぞ」	Joseph: Not edible.	Joseph: Not edible.			yes	hiragana:13; katakana:0; kanji:0; Latin:0; digits:0; phonetic hiragana orthography	ぞ: forceful assertion or command emphasis	Source suppresses normal kanji/katakana distinctions; restore only with context		medium		
1073	TT6A	TT6A/g2/r17	scenario	group 2 @ 0xAF20; record 17	group-compressed	むだだ	むだだ	mudada	むだだ	No use.	No use.			yes	hiragana:3; katakana:0; kanji:0; Latin:0; digits:0; phonetic hiragana orthography		Source suppresses normal kanji/katakana distinctions; restore only with context		medium		
1074	TT6A	TT6A/g2/r18	scenario	group 2 @ 0xAF20; record 18	group-compressed	くちが とどかない	くちが とどかない	kuchiga todokanai	くちが とどかない	My mouth cannot reach.	My mouth cannot reach.			yes	hiragana:8; katakana:0; kanji:0; Latin:0; digits:0; phonetic hiragana orthography		Source suppresses normal kanji/katakana distinctions; restore only with context		medium		
1075	TT6A	TT6A/g2/r19	scenario	group 2 @ 0xAF20; record 19	group-compressed	{CTRL:0}よせふ「やめろ かしむ／」	⟦CTRL:0⟧ よせふ「やめろ かしむ／」	 / yosefu「yamero kashimu／」	よせふ「やめろ かしむ／」	{CTRL:0}Joseph: Stop, Kashim!	⟦CTRL:0⟧ Joseph: Stop, Kashim!	0	0	yes	hiragana:9; katakana:0; kanji:0; Latin:0; digits:0; phonetic hiragana orthography		Source suppresses normal kanji/katakana distinctions; restore only with context		medium		
1076	TT6A	TT6A/g2/r20	scenario	group 2 @ 0xAF20; record 20	group-compressed	よせふ「それはな けっこんのきねんに{CTRL:0} まりあに あげようと…… くっくく…」{CTRL:2}なみだといっしょに はなみずがたれてくる{CTRL:6}よせふ「ぐぞー／ ぢぐじょー／ ずずずーーっ／」	よせふ「それはな けっこんのきねんに ⟦CTRL:0⟧  まりあに あげようと…… くっくく…」 ⟦CTRL:2⟧ なみだといっしょに はなみずがたれてくる ⟦CTRL:6⟧ よせふ「ぐぞー／ ぢぐじょー／ ずずずーーっ／」	yosefu「sorehana kekkonnokinenni /  mariani ageyouto…… kukkuku…」 / namidatoisshoni hanamizugataretekuru / yosefu「guzoo／ jigujoo／ zuzuzuuu／」	よせふ「それはな けっこんのきねんに まりあに あげようと…… くっくく…」なみだといっしょに はなみずがたれてくるよせふ「ぐぞー／ ぢぐじょー／ ずずずーーっ／」	Joseph: I meant it as{CTRL:0}a gift for Mary...{CTRL:2}Tears and snot run down.{CTRL:6}Joseph: Damn! Sniff!	Joseph: I meant it as ⟦CTRL:0⟧ a gift for Mary... ⟦CTRL:2⟧ Tears and snot run down. ⟦CTRL:6⟧ Joseph: Damn! Sniff!	0,2,6	0,2,6	yes	hiragana:61; katakana:4; kanji:0; Latin:0; digits:0		Source suppresses normal kanji/katakana distinctions; restore only with context	ellipsis carries timing/hesitation tone	medium		
1077	TT6A	TT6A/g2/r21	scenario	group 2 @ 0xAF20; record 21	group-compressed	くびかざりを くわえた	くびかざりを くわえた	kubikazario kuwaeta	くびかざりを くわえた	I took the necklace.	I took the necklace.			yes	hiragana:10; katakana:0; kanji:0; Latin:0; digits:0; phonetic hiragana orthography		Source suppresses normal kanji/katakana distinctions; restore only with context		medium		
1078	TT6A	TT6A/g2/r22	scenario	group 2 @ 0xAF20; record 22	group-compressed	よせふ「こら／」	よせふ「こら／」	yosefu「kora／」	よせふ「こら／」	Joseph: Hey!	Joseph: Hey!			yes	hiragana:5; katakana:0; kanji:0; Latin:0; digits:0; phonetic hiragana orthography		Source suppresses normal kanji/katakana distinctions; restore only with context		medium		
1079	TT6A	TT6A/g2/r23	scenario	group 2 @ 0xAF20; record 23	group-compressed	こどもたちが あつまっている	こどもたちが あつまっている	kodomotachiga atsumatteiru	こどもたちが あつまっている	Children have gathered.	Children have gathered.			yes	hiragana:13; katakana:0; kanji:0; Latin:0; digits:0; phonetic hiragana orthography		こども → 子供		low		
1080	TT6A	TT6A/g2/r24	scenario	group 2 @ 0xAF20; record 24	group-compressed	ちょうろうとこどもたちが たきびにあたっている	ちょうろうとこどもたちが たきびにあたっている	chouroutokodomotachiga takibiniatatteiru	ちょうろうとこどもたちが たきびにあたっている	They warm by the fire.	They warm by the fire.			yes	hiragana:22; katakana:0; kanji:0; Latin:0; digits:0; phonetic hiragana orthography		こども → 子供		low		
1081	TT6A	TT6A/g2/r25	scenario	group 2 @ 0xAF20; record 25	group-compressed	めぼしいものは おちていない	めぼしいものは おちていない	meboshiimonoha ochiteinai	めぼしいものは おちていない	Nothing useful here.	Nothing useful here.			yes	hiragana:13; katakana:0; kanji:0; Latin:0; digits:0; phonetic hiragana orthography		Source suppresses normal kanji/katakana distinctions; restore only with context		medium		
1082	TT6A	TT6A/g2/r26	scenario	group 2 @ 0xAF20; record 26	group-compressed	だれかを まっているようだ	だれかを まっているようだ	darekao matteiruyouda	だれかを まっているようだ	He awaits someone.	He awaits someone.			yes	hiragana:12; katakana:0; kanji:0; Latin:0; digits:0; phonetic hiragana orthography		Source suppresses normal kanji/katakana distinctions; restore only with context		medium		
1083	TT6A	TT6A/g2/r27	scenario	group 2 @ 0xAF20; record 27	group-compressed	ちょうろうのはなしを むちゅうできいている	ちょうろうのはなしを むちゅうできいている	chourounohanashio muchuudekiiteiru	ちょうろうのはなしを むちゅうできいている	They listen, spellbound.	They listen, spellbound.			yes	hiragana:20; katakana:0; kanji:0; Latin:0; digits:0; phonetic hiragana orthography		はなし → 話		low		
1084	TT6A	TT6A/g2/r28	scenario	group 2 @ 0xAF20; record 28	group-compressed	くさのかおりがする	くさのかおりがする	kusanokaorigasuru	くさのかおりがする	The scent of grass.	The scent of grass.			yes	hiragana:9; katakana:0; kanji:0; Latin:0; digits:0; phonetic hiragana orthography		Source suppresses normal kanji/katakana distinctions; restore only with context		medium		
1085	TT6A	TT6A/g2/r29	scenario	group 2 @ 0xAF20; record 29	group-compressed	たきびのけむりが はなのあなにはいってくる{CTRL:0}おれ「ふがが…」	たきびのけむりが はなのあなにはいってくる ⟦CTRL:0⟧ おれ「ふがが…」	takibinokemuriga hananoananihaittekuru / ore「fugaga…」	たきびのけむりが はなのあなにはいってくるおれ「ふがが…」	Smoke fills my nose.{CTRL:0}Me: Mmmph...	Smoke fills my nose. ⟦CTRL:0⟧ Me: Mmmph...	0	0	yes	hiragana:25; katakana:0; kanji:0; Latin:0; digits:0; phonetic hiragana orthography	おれ: plain-to-rough masculine first person	Source suppresses normal kanji/katakana distinctions; restore only with context	ellipsis carries timing/hesitation tone	medium		
1086	TT6A	TT6A/g2/r30	scenario	group 2 @ 0xAF20; record 30	group-compressed	こども「まだかな じいちゃん……」	こども「まだかな じいちゃん……」	kodomo「madakana jiichan……」	こども「まだかな じいちゃん……」	Child: Not yet, Grandpa?	Child: Not yet, Grandpa?			yes	hiragana:12; katakana:0; kanji:0; Latin:0; digits:0; phonetic hiragana orthography	ちゃん: -chan: affection, familiarity, or diminutive tone	こども → 子供	ellipsis carries timing/hesitation tone	medium		
1087	TT6A	TT6A/g2/r31	scenario	group 2 @ 0xAF20; record 31	group-compressed	ちょうろう「いすらえるのれきしは{CTRL:0} ながいさすらいと くるしいたたかいと{CTRL:0} しいたげられたものの かなしみの{CTRL:0} れんぞくじゃった{CTRL:3} ばびろん ぎりしゃ えじぷと そしてろーま……{CTRL:3} いすらえるのしゅじんは つぎつぎとかわったが{CTRL:4} ひとびとのくらしは けっしてよくは{CTRL:4} ならなかったのじゃ{CTRL:3} しかし しんぱいすることはないぞ{CTRL:3} いまにきっと すくいぬしがあらわれる／」	ちょうろう「いすらえるのれきしは ⟦CTRL:0⟧  ながいさすらいと くるしいたたかいと ⟦CTRL:0⟧  しいたげられたものの かなしみの ⟦CTRL:0⟧  れんぞくじゃった ⟦CTRL:3⟧  ばびろん ぎりしゃ えじぷと そしてろーま…… ⟦CTRL:3⟧  いすらえるのしゅじんは つぎつぎとかわったが ⟦CTRL:4⟧  ひとびとのくらしは けっしてよくは ⟦CTRL:4⟧  ならなかったのじゃ ⟦CTRL:3⟧  しかし しんぱいすることはないぞ ⟦CTRL:3⟧  いまにきっと すくいぬしがあらわれる／」	chourou「isuraerunorekishiha /  nagaisasuraito kurushiitatakaito /  shiitageraretamonono kanashimino /  renzokujatta /  babiron girisha ejiputo soshiterooma…… /  isuraerunoshujinha tsugitsugitokawattaga /  hitobitonokurashiha kesshiteyokuha /  naranakattanoja /  shikashi shinpaisurukotohanaizo /  imanikitto sukuinushigaarawareru／」	ちょうろう「いすらえるのれきしは ながいさすらいと くるしいたたかいと しいたげられたものの かなしみの れんぞくじゃった ばびろん ぎりしゃ えじぷと そしてろーま…… いすらえるのしゅじんは つぎつぎとかわったが ひとびとのくらしは けっしてよくは ならなかったのじゃ しかし しんぱいすることはないぞ いまにきっと すくいぬしがあらわれる／」	Elder: Israel's history{CTRL:0}is endless wandering,{CTRL:0}bitter wars, and sorrow{CTRL:0}for the oppressed.{CTRL:3}Babylon, Greece, Egypt,{CTRL:3}then Rome ruled in turn.{CTRL:4}Masters changed. Life{CTRL:4}never grew better.{CTRL:3}But do not despair.{CTRL:3}A savior will appear!	Elder: Israel's history ⟦CTRL:0⟧ is endless wandering, ⟦CTRL:0⟧ bitter wars, and sorrow ⟦CTRL:0⟧ for the oppressed. ⟦CTRL:3⟧ Babylon, Greece, Egypt, ⟦CTRL:3⟧ then Rome ruled in turn. ⟦CTRL:4⟧ Masters changed. Life ⟦CTRL:4⟧ never grew better. ⟦CTRL:3⟧ But do not despair. ⟦CTRL:3⟧ A savior will appear!	0,0,0,3,3,4,4,3,3	0,0,0,3,3,4,4,3,3	yes	hiragana:150; katakana:1; kanji:0; Latin:0; digits:0	じゃ: old-person/western-style copula; context decides voice versus region	ろーま → ローマ (Rome) | れきし → 歴史	ellipsis carries timing/hesitation tone	medium		
1088	TT6A	TT6A/g3/r0	scenario	group 3 @ 0xB248; record 0	group-compressed	"ちょうろう「ふるいよげんしょにも{CTRL:0} はっきりと かかれておるのじゃ／{CTRL:2} ""ゆだやのち・べつれへむより ひとりのたみが{CTRL:0}  あらわれ すくいぬしとならん"" ……と」"	"ちょうろう「ふるいよげんしょにも ⟦CTRL:0⟧  はっきりと かかれておるのじゃ／ ⟦CTRL:2⟧  ""ゆだやのち・べつれへむより ひとりのたみが ⟦CTRL:0⟧   あらわれ すくいぬしとならん"" ……と」"	"chourou「furuiyogenshonimo /  hakkirito kakareteorunoja／ /  ""yudayanochi・betsurehemuyori hitorinotamiga /   araware sukuinushitonaran"" ……to」"	"ちょうろう「ふるいよげんしょにも はっきりと かかれておるのじゃ／ ""ゆだやのち・べつれへむより ひとりのたみが  あらわれ すくいぬしとならん"" ……と」"	"Elder: Old prophecies{CTRL:0}state it very clearly.{CTRL:2}""From Bethlehem in Judah{CTRL:0} shall come our savior."""	"Elder: Old prophecies ⟦CTRL:0⟧ state it very clearly. ⟦CTRL:2⟧ ""From Bethlehem in Judah ⟦CTRL:0⟧  shall come our savior."""	0,2,0	0,2,0	yes	hiragana:62; katakana:1; kanji:0; Latin:0; digits:0	じゃ: old-person/western-style copula; context decides voice versus region	べつれへむ → ベツレヘム (Bethlehem) | よげん → 予言	ellipsis carries timing/hesitation tone	medium		
1089	TT6A	TT6A/g3/r1	scenario	group 3 @ 0xB248; record 1	group-compressed	こども「ん！ なに！」	こども「ん！ なに！」	kodomo「n！ nani！」	こども「ん！ なに！」	Child: Huh? What?!	Child: Huh? What?!			yes	hiragana:6; katakana:0; kanji:0; Latin:0; digits:0; phonetic hiragana orthography		こども → 子供		low		
1090	TT6A	TT6A/g3/r2	scenario	group 3 @ 0xB248; record 2	group-compressed	おれはやっぱり ろばだった……	おれはやっぱり ろばだった……	orehayappari robadatta……	おれはやっぱり ろばだった……	I really was a donkey...	I really was a donkey...			yes	hiragana:12; katakana:0; kanji:0; Latin:0; digits:0; phonetic hiragana orthography	おれ: plain-to-rough masculine first person	Source suppresses normal kanji/katakana distinctions; restore only with context	ellipsis carries timing/hesitation tone	medium		
1091	TT6A	TT6A/g3/r3	scenario	group 3 @ 0xB248; record 3	group-compressed	へいし「よせふというのは おまえか！」{CTRL:1}よせふ「はい」{CTRL:2}へいし「ろーまこうてい・あうぐすとすさまの{CTRL:0} めいにより こせきちょうさをおこなう{CTRL:3} おまえの うまれたとちは！」{CTRL:3}よせふ「べつれへむ ですが……」{CTRL:3}へいし「ならばすぐに べつれへむへいって{CTRL:4} とうろくを おこなうのだ」	へいし「よせふというのは おまえか！」 ⟦CTRL:1⟧ よせふ「はい」 ⟦CTRL:2⟧ へいし「ろーまこうてい・あうぐすとすさまの ⟦CTRL:0⟧  めいにより こせきちょうさをおこなう ⟦CTRL:3⟧  おまえの うまれたとちは！」 ⟦CTRL:3⟧ よせふ「べつれへむ ですが……」 ⟦CTRL:3⟧ へいし「ならばすぐに べつれへむへいって ⟦CTRL:4⟧  とうろくを おこなうのだ」	heishi「yosefutoiunoha omaeka！」 / yosefu「hai」 / heishi「roomakoutei・augusutosusamano /  meiniyori kosekichousaookonau /  omaeno umaretatochiha！」 / yosefu「betsurehemu desuga……」 / heishi「narabasuguni betsurehemuheitte /  tourokuo okonaunoda」	へいし「よせふというのは おまえか！」よせふ「はい」へいし「ろーまこうてい・あうぐすとすさまの めいにより こせきちょうさをおこなう おまえの うまれたとちは！」よせふ「べつれへむ ですが……」へいし「ならばすぐに べつれへむへいって とうろくを おこなうのだ」	Soldier: Are you Joseph?{CTRL:1}Joseph: Yes.{CTRL:2}Soldier: Augustus orders{CTRL:0}a census.{CTRL:3}Where were you born?{CTRL:3}Joseph: In Bethlehem...{CTRL:3}Soldier: Go to Bethlehem{CTRL:4}and register at once.	Soldier: Are you Joseph? ⟦CTRL:1⟧ Joseph: Yes. ⟦CTRL:2⟧ Soldier: Augustus orders ⟦CTRL:0⟧ a census. ⟦CTRL:3⟧ Where were you born? ⟦CTRL:3⟧ Joseph: In Bethlehem... ⟦CTRL:3⟧ Soldier: Go to Bethlehem ⟦CTRL:4⟧ and register at once.	1,2,0,3,3,3,4	1,2,0,3,3,3,4	yes	hiragana:106; katakana:2; kanji:0; Latin:0; digits:0	おまえ: familiar or rough second person; relationship and tone matter | さま: -sama: high respect, worship, status, or irony	べつれへむ → ベツレヘム (Bethlehem) | ろーま → ローマ (Rome) | へいし → 兵士	ellipsis carries timing/hesitation tone	medium		
1092	TT6B	TT6B/g0/r0	scenario	group 0 @ 0xA927; record 0	group-compressed	よせふ「だいじょうぶか まりあ」{CTRL:0}まりあ「ええ なんとか…{CTRL:0} それより かしむが つらそうよ」{CTRL:6}よせふ「なーに こいつはだいじょうぶさ{CTRL:3} みずでものませれば すぐげんきになるって／」	よせふ「だいじょうぶか まりあ」 ⟦CTRL:0⟧ まりあ「ええ なんとか… ⟦CTRL:0⟧  それより かしむが つらそうよ」 ⟦CTRL:6⟧ よせふ「なーに こいつはだいじょうぶさ ⟦CTRL:3⟧  みずでものませれば すぐげんきになるって／」	yosefu「daijoubuka maria」 / maria「ee nantoka… /  soreyori kashimuga tsurasouyo」 / yosefu「naani koitsuhadaijoubusa /  mizudemonomasereba sugugenkininarutte／」	よせふ「だいじょうぶか まりあ」まりあ「ええ なんとか… それより かしむが つらそうよ」よせふ「なーに こいつはだいじょうぶさ みずでものませれば すぐげんきになるって／」	Joseph: Are you well?{CTRL:0}Mary: Yes, somehow...{CTRL:0}but Kashim is suffering.{CTRL:6}Joseph: He will be fine.{CTRL:3}Water will revive him.	Joseph: Are you well? ⟦CTRL:0⟧ Mary: Yes, somehow... ⟦CTRL:0⟧ but Kashim is suffering. ⟦CTRL:6⟧ Joseph: He will be fine. ⟦CTRL:3⟧ Water will revive him.	0,0,6,3	0,0,6,3	yes	hiragana:70; katakana:1; kanji:0; Latin:0; digits:0		だいじょうぶ → 大丈夫 | だいじ → 大事	ellipsis carries timing/hesitation tone	low		
1093	TT6B	TT6B/g0/r1	scenario	group 0 @ 0xA927; record 1	group-compressed	ろばのきも しらないで……	ろばのきも しらないで……	robanokimo shiranaide……	ろばのきも しらないで……	He knows no donkey woes.	He knows no donkey woes.			yes	hiragana:10; katakana:0; kanji:0; Latin:0; digits:0; phonetic hiragana orthography		Source suppresses normal kanji/katakana distinctions; restore only with context	ellipsis carries timing/hesitation tone	medium		
1094	TT6B	TT6B/g0/r2	scenario	group 0 @ 0xA927; record 2	group-compressed	こうりょうとしたけしきが つづいている	こうりょうとしたけしきが つづいている	kouryoutoshitakeshikiga tsuzuiteiru	こうりょうとしたけしきが つづいている	Barren land rolls on.	Barren land rolls on.			yes	hiragana:18; katakana:0; kanji:0; Latin:0; digits:0; phonetic hiragana orthography		Source suppresses normal kanji/katakana distinctions; restore only with context		medium		
1095	TT6B	TT6B/g0/r3	scenario	group 0 @ 0xA927; record 3	group-compressed	ひとり げんきだ	ひとり げんきだ	hitori genkida	ひとり げんきだ	Only he seems cheerful.	Only he seems cheerful.			yes	hiragana:7; katakana:0; kanji:0; Latin:0; digits:0; phonetic hiragana orthography		Source suppresses normal kanji/katakana distinctions; restore only with context		medium		
1096	TT6B	TT6B/g0/r4	scenario	group 0 @ 0xA927; record 4	group-compressed	いがいと おもい	いがいと おもい	igaito omoi	いがいと おもい	Heavier than expected.	Heavier than expected.			yes	hiragana:7; katakana:0; kanji:0; Latin:0; digits:0; phonetic hiragana orthography		Source suppresses normal kanji/katakana distinctions; restore only with context		medium		
1097	TT6B	TT6B/g0/r5	scenario	group 0 @ 0xA927; record 5	group-compressed	こまったかおで おれをみつめている	こまったかおで おれをみつめている	komattakaode oreomitsumeteiru	こまったかおで おれをみつめている	She eyes me, worried.	She eyes me, worried.			yes	hiragana:16; katakana:0; kanji:0; Latin:0; digits:0; phonetic hiragana orthography	おれ: plain-to-rough masculine first person	Source suppresses normal kanji/katakana distinctions; restore only with context		medium		
1098	TT6B	TT6B/g0/r6	scenario	group 0 @ 0xA927; record 6	group-compressed	ふしぶしがいたい… はらがへった…{CTRL:1}のども からからだ……	ふしぶしがいたい… はらがへった… ⟦CTRL:1⟧ のども からからだ……	fushibushigaitai… haragahetta… / nodomo karakarada……	ふしぶしがいたい… はらがへった…のども からからだ……	Aching joints. Hungry...{CTRL:1}my throat is parched...	Aching joints. Hungry... ⟦CTRL:1⟧ my throat is parched...	1	1	yes	hiragana:22; katakana:0; kanji:0; Latin:0; digits:0; phonetic hiragana orthography		からだ → 体	ellipsis carries timing/hesitation tone	low		
1099	TT6B	TT6B/g0/r7	scenario	group 0 @ 0xA927; record 7	group-compressed	おもい つかれた はらへった……{CTRL:0}もう いっぽも あるけない……	おもい つかれた はらへった…… ⟦CTRL:0⟧ もう いっぽも あるけない……	omoi tsukareta harahetta…… / mou ippomo arukenai……	おもい つかれた はらへった……もう いっぽも あるけない……	Heavy, tired, hungry...{CTRL:0}I cannot take one step.	Heavy, tired, hungry... ⟦CTRL:0⟧ I cannot take one step.	0	0	yes	hiragana:23; katakana:0; kanji:0; Latin:0; digits:0; phonetic hiragana orthography		Source suppresses normal kanji/katakana distinctions; restore only with context	ellipsis carries timing/hesitation tone	medium		
1100	TT6B	TT6B/g0/r8	scenario	group 0 @ 0xA927; record 8	group-compressed	まりあ「かしむ／」{CTRL:0}よせふ「おい しっかりしろ／」{CTRL:0}おれ「ひひーん……」	まりあ「かしむ／」 ⟦CTRL:0⟧ よせふ「おい しっかりしろ／」 ⟦CTRL:0⟧ おれ「ひひーん……」	maria「kashimu／」 / yosefu「oi shikkarishiro／」 / ore「hihiin……」	まりあ「かしむ／」よせふ「おい しっかりしろ／」おれ「ひひーん……」	Mary: Kashim!{CTRL:0}Joseph: Stay with us!{CTRL:0}Me: Hee-haw...	Mary: Kashim! ⟦CTRL:0⟧ Joseph: Stay with us! ⟦CTRL:0⟧ Me: Hee-haw...	0,0	0,0	yes	hiragana:22; katakana:1; kanji:0; Latin:0; digits:0	おれ: plain-to-rough masculine first person	Source suppresses normal kanji/katakana distinctions; restore only with context	ellipsis carries timing/hesitation tone	medium		
1101	TT6B	TT6B/g0/r9	scenario	group 0 @ 0xA927; record 9	group-compressed	ろばのじんせいって かなしい……	ろばのじんせいって かなしい……	robanojinseitte kanashii……	ろばのじんせいって かなしい……	A donkey's life is sad.	A donkey's life is sad.			yes	hiragana:13; katakana:0; kanji:0; Latin:0; digits:0; phonetic hiragana orthography		Source suppresses normal kanji/katakana distinctions; restore only with context	ellipsis carries timing/hesitation tone	medium		
1102	TT6B	TT6B/g0/r10	scenario	group 0 @ 0xA927; record 10	group-compressed	よせふ「おかしいなあ……」{CTRL:0}まりあ「どうしたの！」{CTRL:2}よせふ「そろそろ まちが みえてくるはず{CTRL:0} なんだけど…… みちに まよったみたいだ」	よせふ「おかしいなあ……」 ⟦CTRL:0⟧ まりあ「どうしたの！」 ⟦CTRL:2⟧ よせふ「そろそろ まちが みえてくるはず ⟦CTRL:0⟧  なんだけど…… みちに まよったみたいだ」	yosefu「okashiinaa……」 / maria「doushitano！」 / yosefu「sorosoro machiga mietekuruhazu /  nandakedo…… michini mayottamitaida」	よせふ「おかしいなあ……」まりあ「どうしたの！」よせふ「そろそろ まちが みえてくるはず なんだけど…… みちに まよったみたいだ」	Joseph: That is odd...{CTRL:0}Mary: What is it?{CTRL:2}Joseph: Town is near...{CTRL:0}yet we seem lost.	Joseph: That is odd... ⟦CTRL:0⟧ Mary: What is it? ⟦CTRL:2⟧ Joseph: Town is near... ⟦CTRL:0⟧ yet we seem lost.	0,2,0	0,2,0	yes	hiragana:50; katakana:0; kanji:0; Latin:0; digits:0; phonetic hiragana orthography		Source suppresses normal kanji/katakana distinctions; restore only with context	ellipsis carries timing/hesitation tone	medium		
1103	TT6B	TT6B/g0/r11	scenario	group 0 @ 0xA927; record 11	group-compressed	まりあ「みずも しょくりょうも なくなったわ」{CTRL:0}よせふ「まいったな もうすぐひがくれる……」	まりあ「みずも しょくりょうも なくなったわ」 ⟦CTRL:0⟧ よせふ「まいったな もうすぐひがくれる……」	maria「mizumo shokuryoumo nakunattawa」 / yosefu「maittana mousuguhigakureru……」	まりあ「みずも しょくりょうも なくなったわ」よせふ「まいったな もうすぐひがくれる……」	Mary: No food or water.{CTRL:0}Joseph: Dusk is near...	Mary: No food or water. ⟦CTRL:0⟧ Joseph: Dusk is near...	0	0	yes	hiragana:36; katakana:0; kanji:0; Latin:0; digits:0; phonetic hiragana orthography		Source suppresses normal kanji/katakana distinctions; restore only with context	ellipsis carries timing/hesitation tone	medium		
1104	TT6B	TT6B/g0/r12	scenario	group 0 @ 0xA927; record 12	group-compressed	すなぼこりが はなのあなにはいってくる{CTRL:0}おれ「ふがが…」	すなぼこりが はなのあなにはいってくる ⟦CTRL:0⟧ おれ「ふがが…」	sunabokoriga hananoananihaittekuru / ore「fugaga…」	すなぼこりが はなのあなにはいってくるおれ「ふがが…」	Dust fills my nostrils.{CTRL:0}Me: Mmmph...	Dust fills my nostrils. ⟦CTRL:0⟧ Me: Mmmph...	0	0	yes	hiragana:23; katakana:0; kanji:0; Latin:0; digits:0; phonetic hiragana orthography	おれ: plain-to-rough masculine first person	Source suppresses normal kanji/katakana distinctions; restore only with context	ellipsis carries timing/hesitation tone	medium		
1105	TT6B	TT6B/g0/r13	scenario	group 0 @ 0xA927; record 13	group-compressed	くんくん…… お！ くんくん……{CTRL:1}おお／ このこうばしいにおいは ほしくさだ／{CTRL:0}ちかくに いえがあるぞ	くんくん…… お！ くんくん…… ⟦CTRL:1⟧ おお／ このこうばしいにおいは ほしくさだ／ ⟦CTRL:0⟧ ちかくに いえがあるぞ	kunkun…… o！ kunkun…… / oo／ konokoubashiinioiha hoshikusada／ / chikakuni iegaaruzo	くんくん…… お！ くんくん……おお／ このこうばしいにおいは ほしくさだ／ちかくに いえがあるぞ	Sniff... oh! Sniff...{CTRL:1}That rich scent is hay!{CTRL:0}There is a house nearby.	Sniff... oh! Sniff... ⟦CTRL:1⟧ That rich scent is hay! ⟦CTRL:0⟧ There is a house nearby.	1,0	1,0	yes	hiragana:37; katakana:0; kanji:0; Latin:0; digits:0; phonetic hiragana orthography	くん: -kun: familiar/status-marked address, often toward a boy or junior | ぞ: forceful assertion or command emphasis	Source suppresses normal kanji/katakana distinctions; restore only with context	ellipsis carries timing/hesitation tone	high		
1106	TT6B	TT6B/g0/r14	scenario	group 0 @ 0xA927; record 14	group-compressed	ほしくさのあまいかおりが はなをくすぐる	ほしくさのあまいかおりが はなをくすぐる	hoshikusanoamaikaoriga hanaokusuguru	ほしくさのあまいかおりが はなをくすぐる	Sweet hay fills my nose.	Sweet hay fills my nose.			yes	hiragana:19; katakana:0; kanji:0; Latin:0; digits:0; phonetic hiragana orthography		Source suppresses normal kanji/katakana distinctions; restore only with context		medium		
1107	TT6B	TT6B/g0/r15	scenario	group 0 @ 0xA927; record 15	group-compressed	よせふ「どうした！ かしむ…」	よせふ「どうした！ かしむ…」	yosefu「doushita！ kashimu…」	よせふ「どうした！ かしむ…」	Joseph: Kashim, what?!	Joseph: Kashim, what?!			yes	hiragana:10; katakana:0; kanji:0; Latin:0; digits:0; phonetic hiragana orthography		Source suppresses normal kanji/katakana distinctions; restore only with context	ellipsis carries timing/hesitation tone	medium		
1108	TT6B	TT6B/g0/r16	scenario	group 0 @ 0xA927; record 16	group-compressed	よせふ「なに おこってるの！」	よせふ「なに おこってるの！」	yosefu「nani okotteruno！」	よせふ「なに おこってるの！」	Joseph: Why are you mad?	Joseph: Why are you mad?			yes	hiragana:11; katakana:0; kanji:0; Latin:0; digits:0; phonetic hiragana orthography		Source suppresses normal kanji/katakana distinctions; restore only with context		medium		
1109	TT6B	TT6B/g0/r17	scenario	group 0 @ 0xA927; record 17	group-compressed	おれ「ひひーん／」{CTRL:1}よせふ「なに おこってるの！」	おれ「ひひーん／」 ⟦CTRL:1⟧ よせふ「なに おこってるの！」	ore「hihiin／」 / yosefu「nani okotteruno！」	おれ「ひひーん／」よせふ「なに おこってるの！」	Me: Hee-haw!{CTRL:1}Joseph: Why are you mad?	Me: Hee-haw! ⟦CTRL:1⟧ Joseph: Why are you mad?	1	1	yes	hiragana:16; katakana:1; kanji:0; Latin:0; digits:0	おれ: plain-to-rough masculine first person	Source suppresses normal kanji/katakana distinctions; restore only with context		medium		
1110	TT6B	TT6B/g0/r18	scenario	group 0 @ 0xA927; record 18	group-compressed	おれ「ひひーん／ ひひひーん／」{CTRL:1}よせふ「どうしたんだ かしむ／」	おれ「ひひーん／ ひひひーん／」 ⟦CTRL:1⟧ よせふ「どうしたんだ かしむ／」	ore「hihiin／ hihihiin／」 / yosefu「doushitanda kashimu／」	おれ「ひひーん／ ひひひーん／」よせふ「どうしたんだ かしむ／」	Me: Hee-haw! Hee-haw!{CTRL:1}Joseph: What, Kashim?	Me: Hee-haw! Hee-haw! ⟦CTRL:1⟧ Joseph: What, Kashim?	1	1	yes	hiragana:21; katakana:2; kanji:0; Latin:0; digits:0	おれ: plain-to-rough masculine first person	Source suppresses normal kanji/katakana distinctions; restore only with context		medium		
1111	TT6B	TT6B/g0/r19	scenario	group 0 @ 0xA927; record 19	group-compressed	おれ「はあっ はあっ」{CTRL:1}よせふ「あ… そうか みずをやるんだったな{CTRL:0} すまんすまん」{CTRL:6}こしにさげたすいとうの せんをぬいたが……{CTRL:3}おれ「あー もうなかったんだ」{CTRL:4}おれ「ひひーん／」	おれ「はあっ はあっ」 ⟦CTRL:1⟧ よせふ「あ… そうか みずをやるんだったな ⟦CTRL:0⟧  すまんすまん」 ⟦CTRL:6⟧ こしにさげたすいとうの せんをぬいたが…… ⟦CTRL:3⟧ おれ「あー もうなかったんだ」 ⟦CTRL:4⟧ おれ「ひひーん／」	ore「haa hhaa」 / yyosefu「a… souka mizuoyarundattana /  sumansuman」 / koshinisagetasuitouno senonuitaga…… / ore「aa mounakattanda」 / ore「hihiin／」	おれ「はあっ はあっ」よせふ「あ… そうか みずをやるんだったな すまんすまん」こしにさげたすいとうの せんをぬいたが……おれ「あー もうなかったんだ」おれ「ひひーん／」	Me: Pant... pant...{CTRL:1}Joseph: Ah, your water!{CTRL:0}Sorry, I forgot.{CTRL:6}He opens the canteen...{CTRL:3}Me: Oh, it was empty.{CTRL:4}Me: Hee-haw!	Me: Pant... pant... ⟦CTRL:1⟧ Joseph: Ah, your water! ⟦CTRL:0⟧ Sorry, I forgot. ⟦CTRL:6⟧ He opens the canteen... ⟦CTRL:3⟧ Me: Oh, it was empty. ⟦CTRL:4⟧ Me: Hee-haw!	1,0,6,3,4	1,0,6,3,4	yes	hiragana:65; katakana:2; kanji:0; Latin:0; digits:0	おれ: plain-to-rough masculine first person	Source suppresses normal kanji/katakana distinctions; restore only with context	ellipsis carries timing/hesitation tone	medium		
1112	TT6B	TT6B/g0/r20	scenario	group 0 @ 0xA927; record 20	group-compressed	よせふ「みずはないんだ がまんしろ」{CTRL:0}おれ「ぶるる…」	よせふ「みずはないんだ がまんしろ」 ⟦CTRL:0⟧ おれ「ぶるる…」	yosefu「mizuhanainda gamanshiro」 / ore「bururu…」	よせふ「みずはないんだ がまんしろ」おれ「ぶるる…」	Joseph: No water. Wait.{CTRL:0}Me: Brrrr...	Joseph: No water. Wait. ⟦CTRL:0⟧ Me: Brrrr...	0	0	yes	hiragana:20; katakana:0; kanji:0; Latin:0; digits:0; phonetic hiragana orthography	おれ: plain-to-rough masculine first person	Source suppresses normal kanji/katakana distinctions; restore only with context	ellipsis carries timing/hesitation tone	medium		
1113	TT6B	TT6B/g0/r21	scenario	group 0 @ 0xA927; record 21	group-compressed	よせふ「なんだ こいつ…」	よせふ「なんだ こいつ…」	yosefu「nanda koitsu…」	よせふ「なんだ こいつ…」	Joseph: What is wrong?	Joseph: What is wrong?			yes	hiragana:9; katakana:0; kanji:0; Latin:0; digits:0; phonetic hiragana orthography		Source suppresses normal kanji/katakana distinctions; restore only with context	ellipsis carries timing/hesitation tone	medium		
1114	TT6B	TT6B/g0/r22	scenario	group 0 @ 0xA927; record 22	group-compressed	おれ「ひひーん／」{CTRL:1}いちもくさんにかけだした	おれ「ひひーん／」 ⟦CTRL:1⟧ いちもくさんにかけだした	ore「hihiin／」 / ichimokusannikakedashita	おれ「ひひーん／」いちもくさんにかけだした	Me: Hee-haw!{CTRL:1}I race away.	Me: Hee-haw! ⟦CTRL:1⟧ I race away.	1	1	yes	hiragana:17; katakana:1; kanji:0; Latin:0; digits:0	おれ: plain-to-rough masculine first person | さん: -san: ordinary respectful address	Source suppresses normal kanji/katakana distinctions; restore only with context		high		
1115	TT6B	TT6B/g0/r23	scenario	group 0 @ 0xA927; record 23	group-compressed	よせふ「おい／ まて かしむ／」	よせふ「おい／ まて かしむ／」	yosefu「oi／ mate kashimu／」	よせふ「おい／ まて かしむ／」	Joseph: Wait, Kashim!	Joseph: Wait, Kashim!			yes	hiragana:10; katakana:0; kanji:0; Latin:0; digits:0; phonetic hiragana orthography		Source suppresses normal kanji/katakana distinctions; restore only with context		medium		
1116	TT6B	TT6B/g0/r24	scenario	group 0 @ 0xA927; record 24	group-compressed	たすかった……／	たすかった……／	tasukatta……／	たすかった……／	Saved...!	Saved...!			yes	hiragana:5; katakana:0; kanji:0; Latin:0; digits:0; phonetic hiragana orthography		Source suppresses normal kanji/katakana distinctions; restore only with context	ellipsis carries timing/hesitation tone	medium		
1117	TT6B	TT6B/g0/r25	scenario	group 0 @ 0xA927; record 25	group-compressed	ゆうぼくみんの いえだな	ゆうぼくみんの いえだな	yuubokuminno iedana	ゆうぼくみんの いえだな	A nomad's home.	A nomad's home.			yes	hiragana:11; katakana:0; kanji:0; Latin:0; digits:0; phonetic hiragana orthography	ぼく: soft/juvenile masculine first person	Source suppresses normal kanji/katakana distinctions; restore only with context		medium		
1118	TT6B	TT6B/g0/r26	scenario	group 0 @ 0xA927; record 26	group-compressed	きのよさそうな おとこだ	きのよさそうな おとこだ	kinoyosasouna otokoda	きのよさそうな おとこだ	A good-natured man.	A good-natured man.			yes	hiragana:11; katakana:0; kanji:0; Latin:0; digits:0; phonetic hiragana orthography		おとこ → 男		low		
1119	TT6B	TT6B/g0/r27	scenario	group 0 @ 0xA927; record 27	group-compressed	こまったかおを している	こまったかおを している	komattakaoo shiteiru	こまったかおを している	He looks troubled.	He looks troubled.			yes	hiragana:11; katakana:0; kanji:0; Latin:0; digits:0; phonetic hiragana orthography		Source suppresses normal kanji/katakana distinctions; restore only with context		medium		
1120	TT6B	TT6B/g0/r28	scenario	group 0 @ 0xA927; record 28	group-compressed	みょうに おちついている	みょうに おちついている	myouni ochitsuiteiru	みょうに おちついている	He is strangely calm.	He is strangely calm.			yes	hiragana:11; katakana:0; kanji:0; Latin:0; digits:0; phonetic hiragana orthography		Source suppresses normal kanji/katakana distinctions; restore only with context		medium		
1121	TT6B	TT6B/g0/r29	scenario	group 0 @ 0xA927; record 29	group-compressed	らくだ「なんだっぺ！」{CTRL:1}おれ「ほしくさ たべていい！」{CTRL:0}らくだ「ええよ なんぼでもくってけや」	らくだ「なんだっぺ！」 ⟦CTRL:1⟧ おれ「ほしくさ たべていい！」 ⟦CTRL:0⟧ らくだ「ええよ なんぼでもくってけや」	rakuda「nandappe！」 / ore「hoshikusa tabeteii！」 / rakuda「eeyo nanbodemokuttekeya」	らくだ「なんだっぺ！」おれ「ほしくさ たべていい！」らくだ「ええよ なんぼでもくってけや」	Camel: What d'you want?{CTRL:1}Me: Can I eat the hay?{CTRL:0}Camel: Sure, eat away.	Camel: What d'you want? ⟦CTRL:1⟧ Me: Can I eat the hay? ⟦CTRL:0⟧ Camel: Sure, eat away.	1,0	1,0	yes	hiragana:35; katakana:0; kanji:0; Latin:0; digits:0; phonetic hiragana orthography	おれ: plain-to-rough masculine first person	Source suppresses normal kanji/katakana distinctions; restore only with context		medium		
1122	TT6B	TT6B/g0/r30	scenario	group 0 @ 0xA927; record 30	group-compressed	らくだ「おら しょうじきだけがとりえだ」	らくだ「おら しょうじきだけがとりえだ」	rakuda「ora shoujikidakegatorieda」	らくだ「おら しょうじきだけがとりえだ」	Camel: Honesty's my gift	Camel: Honesty's my gift			yes	hiragana:17; katakana:0; kanji:0; Latin:0; digits:0; phonetic hiragana orthography		Source suppresses normal kanji/katakana distinctions; restore only with context		medium		
1123	TT6B	TT6B/g0/r31	scenario	group 0 @ 0xA927; record 31	group-compressed	らくだ「3にんのなかの ひとりは{CTRL:0} ぜったいうそをつかない しょうじきもの{CTRL:2} ひとりは うそしかつかない うそつき{CTRL:6} ひとりは たまにうそをつく{CTRL:4} ちゃらんぽらん だっぺ」	らくだ「3にんのなかの ひとりは ⟦CTRL:0⟧  ぜったいうそをつかない しょうじきもの ⟦CTRL:2⟧  ひとりは うそしかつかない うそつき ⟦CTRL:6⟧  ひとりは たまにうそをつく ⟦CTRL:4⟧  ちゃらんぽらん だっぺ」	rakuda「3ninnonakano hitoriha /  zettaiusootsukanai shoujikimono /  hitoriha usoshikatsukanai usotsuki /  hitoriha tamaniusootsuku /  charanporan dappe」	らくだ「3にんのなかの ひとりは ぜったいうそをつかない しょうじきもの ひとりは うそしかつかない うそつき ひとりは たまにうそをつく ちゃらんぽらん だっぺ」	Camel: Of those three,{CTRL:0}one is always truthful.{CTRL:2}One tells only lies.{CTRL:6}The last lies at times.{CTRL:4}He is unreliable.	Camel: Of those three, ⟦CTRL:0⟧ one is always truthful. ⟦CTRL:2⟧ One tells only lies. ⟦CTRL:6⟧ The last lies at times. ⟦CTRL:4⟧ He is unreliable.	0,2,6,4	0,2,6,4	yes	hiragana:69; katakana:0; kanji:0; Latin:0; digits:1; phonetic hiragana orthography		Source suppresses normal kanji/katakana distinctions; restore only with context	source numerals ['3']; verify dates/counts and Japanese ordering	medium		
1124	TT6B	TT6B/g1/r0	scenario	group 1 @ 0xAC1E; record 0	group-compressed	よせふ「どなたか いらっしゃいますかー！」{CTRL:0}{CTRL:2}……「なんか ごよう！」	よせふ「どなたか いらっしゃいますかー！」 ⟦CTRL:0⟧  ⟦CTRL:2⟧ ……「なんか ごよう！」	yosefu「donataka irasshaimasukaa！」 /  / ……「nanka goyou！」	よせふ「どなたか いらっしゃいますかー！」……「なんか ごよう！」	Joseph: Is anybody home?{CTRL:0}{CTRL:2}Voice: What do you need?	Joseph: Is anybody home? ⟦CTRL:0⟧  ⟦CTRL:2⟧ Voice: What do you need?	0,2	0,2	yes	hiragana:22; katakana:1; kanji:0; Latin:0; digits:0		Source suppresses normal kanji/katakana distinctions; restore only with context	ellipsis carries timing/hesitation tone	medium		
1125	TT6B	TT6B/g1/r1	scenario	group 1 @ 0xAC1E; record 1	group-compressed	よせふ「べつれへむへ いきたいのですが……」	よせふ「べつれへむへ いきたいのですが……」	yosefu「betsurehemuhe ikitainodesuga……」	よせふ「べつれへむへ いきたいのですが……」	Joseph: To Bethlehem...	Joseph: To Bethlehem...			yes	hiragana:17; katakana:0; kanji:0; Latin:0; digits:0; phonetic hiragana orthography		べつれへむ → ベツレヘム (Bethlehem)	ellipsis carries timing/hesitation tone	low		
1126	TT6B	TT6B/g1/r2	scenario	group 1 @ 0xAC1E; record 2	group-compressed	みぎのおとこ「ひがしへ まっすぐいけ」{CTRL:1}まんなかのおとこ「きたへ まっすぐいけ」{CTRL:2}ひだりのおとこ「にしへ まっすぐいけ」	みぎのおとこ「ひがしへ まっすぐいけ」 ⟦CTRL:1⟧ まんなかのおとこ「きたへ まっすぐいけ」 ⟦CTRL:2⟧ ひだりのおとこ「にしへ まっすぐいけ」	miginootoko「higashihe massuguike」 / mannakanootoko「kitahe massuguike」 / hidarinootoko「nishihe massuguike」	みぎのおとこ「ひがしへ まっすぐいけ」まんなかのおとこ「きたへ まっすぐいけ」ひだりのおとこ「にしへ まっすぐいけ」	Right man: Go east.{CTRL:1}Middle man: Go north.{CTRL:2}Left man: Go west.	Right man: Go east. ⟦CTRL:1⟧ Middle man: Go north. ⟦CTRL:2⟧ Left man: Go west.	1,2	1,2	yes	hiragana:49; katakana:0; kanji:0; Latin:0; digits:0; phonetic hiragana orthography		おとこ → 男		low		
1127	TT6B	TT6B/g1/r3	scenario	group 1 @ 0xAC1E; record 3	group-compressed	みぎのおとこ「まんなかのおとこは{CTRL:0} ちゃらんぽらん じゃない」{CTRL:2}まんなかのおとこ「むかってひだりの おとこは{CTRL:0} しょうじきもの じゃない」{CTRL:3}ひだりのおとこ「むかってみぎの おとこは{CTRL:4} うそつき じゃない」	みぎのおとこ「まんなかのおとこは ⟦CTRL:0⟧  ちゃらんぽらん じゃない」 ⟦CTRL:2⟧ まんなかのおとこ「むかってひだりの おとこは ⟦CTRL:0⟧  しょうじきもの じゃない」 ⟦CTRL:3⟧ ひだりのおとこ「むかってみぎの おとこは ⟦CTRL:4⟧  うそつき じゃない」	miginootoko「mannakanootokoha /  charanporan janai」 / mannakanootoko「mukattehidarino otokoha /  shoujikimono janai」 / hidarinootoko「mukattemigino otokoha /  usotsuki janai」	みぎのおとこ「まんなかのおとこは ちゃらんぽらん じゃない」まんなかのおとこ「むかってひだりの おとこは しょうじきもの じゃない」ひだりのおとこ「むかってみぎの おとこは うそつき じゃない」	Right: The middle man{CTRL:0}is not unreliable.{CTRL:2}Middle: The man on left{CTRL:0}is not the honest one.{CTRL:3}Left: The man on right{CTRL:4}is not the liar.	Right: The middle man ⟦CTRL:0⟧ is not unreliable. ⟦CTRL:2⟧ Middle: The man on left ⟦CTRL:0⟧ is not the honest one. ⟦CTRL:3⟧ Left: The man on right ⟦CTRL:4⟧ is not the liar.	0,2,0,3,4	0,2,0,3,4	yes	hiragana:83; katakana:0; kanji:0; Latin:0; digits:0; phonetic hiragana orthography	じゃ: old-person/western-style copula; context decides voice versus region	おとこ → 男		medium		
1128	TT6B	TT6B/g1/r4	scenario	group 1 @ 0xAC1E; record 4	group-compressed	おれ「おー でりしゃす／ ふがが…ふがふが／」	おれ「おー でりしゃす／ ふがが…ふがふが／」	ore「oo derishasu／ fugaga…fugafuga／」	おれ「おー でりしゃす／ ふがが…ふがふが／」	Me: Delicious! Munch!	Me: Delicious! Munch!			yes	hiragana:15; katakana:1; kanji:0; Latin:0; digits:0	おれ: plain-to-rough masculine first person	Source suppresses normal kanji/katakana distinctions; restore only with context	ellipsis carries timing/hesitation tone	medium		
1129	TT6B	TT6B/g1/r5	scenario	group 1 @ 0xAC1E; record 5	group-compressed	よせふ「ちょっとまて かしむ」	よせふ「ちょっとまて かしむ」	yosefu「chottomate kashimu」	よせふ「ちょっとまて かしむ」	Joseph: Wait, Kashim.	Joseph: Wait, Kashim.			yes	hiragana:12; katakana:0; kanji:0; Latin:0; digits:0; phonetic hiragana orthography		Source suppresses normal kanji/katakana distinctions; restore only with context		medium		
1130	TT6B	TT6B/g1/r6	scenario	group 1 @ 0xAC1E; record 6	group-compressed	おれ「ひひーん／」{CTRL:1}よせふ「よし／ おまえをしんじよう」	おれ「ひひーん／」 ⟦CTRL:1⟧ よせふ「よし／ おまえをしんじよう」	ore「hihiin／」 / yosefu「yoshi／ omaeoshinjiyou」	おれ「ひひーん／」よせふ「よし／ おまえをしんじよう」	Me: Hee-haw!{CTRL:1}Joseph: I trust you.	Me: Hee-haw! ⟦CTRL:1⟧ Joseph: I trust you.	1	1	yes	hiragana:19; katakana:1; kanji:0; Latin:0; digits:0	おれ: plain-to-rough masculine first person | おまえ: familiar or rough second person; relationship and tone matter	Source suppresses normal kanji/katakana distinctions; restore only with context		high		
1131	TT6B	TT6B/g1/r7	scenario	group 1 @ 0xAC1E; record 7	group-compressed	うしろを ついてきている	うしろを ついてきている	ushiroo tsuitekiteiru	うしろを ついてきている	They follow behind me.	They follow behind me.			yes	hiragana:11; katakana:0; kanji:0; Latin:0; digits:0; phonetic hiragana orthography		Source suppresses normal kanji/katakana distinctions; restore only with context		medium		
1132	TT6B	TT6B/g1/r8	scenario	group 1 @ 0xAC1E; record 8	group-compressed	なるべく ゆらさないようにしよう	なるべく ゆらさないようにしよう	narubeku yurasanaiyounishiyou	なるべく ゆらさないようにしよう	I must not jostle her.	I must not jostle her.			yes	hiragana:15; katakana:0; kanji:0; Latin:0; digits:0; phonetic hiragana orthography		Source suppresses normal kanji/katakana distinctions; restore only with context		medium		
1133	TT6B	TT6B/g1/r9	scenario	group 1 @ 0xAC1E; record 9	group-compressed	よせふ「たよりになるな かしむは……」{CTRL:0}まりあ「ほんと」	よせふ「たよりになるな かしむは……」 ⟦CTRL:0⟧ まりあ「ほんと」	yosefu「tayorininaruna kashimuha……」 / maria「honto」	よせふ「たよりになるな かしむは……」まりあ「ほんと」	Joseph: Trusty Kashim...{CTRL:0}Mary: Truly.	Joseph: Trusty Kashim... ⟦CTRL:0⟧ Mary: Truly.	0	0	yes	hiragana:20; katakana:0; kanji:0; Latin:0; digits:0; phonetic hiragana orthography		Source suppresses normal kanji/katakana distinctions; restore only with context	ellipsis carries timing/hesitation tone	medium		
1134	TT6B	TT6B/g1/r10	scenario	group 1 @ 0xAC1E; record 10	group-compressed	「ここよりさき べつれへむのまち」{CTRL:0}{CTRL:2}よせふ「やった ついたぞ／」	「ここよりさき べつれへむのまち」 ⟦CTRL:0⟧  ⟦CTRL:2⟧ よせふ「やった ついたぞ／」	「kokoyorisaki betsurehemunomachi」 /  / yosefu「yatta tsuitazo／」	「ここよりさき べつれへむのまち」よせふ「やった ついたぞ／」	"""Bethlehem lies ahead.""{CTRL:0}{CTRL:2}Joseph: We made it!"	"""Bethlehem lies ahead."" ⟦CTRL:0⟧  ⟦CTRL:2⟧ Joseph: We made it!"	0,2	0,2	yes	hiragana:24; katakana:0; kanji:0; Latin:0; digits:0; phonetic hiragana orthography		べつれへむ → ベツレヘム (Bethlehem)		low		
1135	TT6B	TT6B/g1/r11	scenario	group 1 @ 0xAC1E; record 11	group-compressed	いっぽうそのころ よぞらのほしにみちびかれて{CTRL:0}やはり べつれへむをめざす{CTRL:0}3にんの たびびとがいた	いっぽうそのころ よぞらのほしにみちびかれて ⟦CTRL:0⟧ やはり べつれへむをめざす ⟦CTRL:0⟧ 3にんの たびびとがいた	ippousonokoro yozoranohoshinimichibikarete / yahari betsurehemuomezasu / 3ninno tabibitogaita	いっぽうそのころ よぞらのほしにみちびかれてやはり べつれへむをめざす3にんの たびびとがいた	Meanwhile, a star guided{CTRL:0}three travelers toward{CTRL:0}Bethlehem.	Meanwhile, a star guided ⟦CTRL:0⟧ three travelers toward ⟦CTRL:0⟧ Bethlehem.	0,0	0,0	yes	hiragana:43; katakana:0; kanji:0; Latin:0; digits:1; phonetic hiragana orthography		べつれへむ → ベツレヘム (Bethlehem)	source numerals ['3']; verify dates/counts and Japanese ordering	low		
1136	TT6B	TT6B/g1/r12	scenario	group 1 @ 0xAC1E; record 12	group-compressed	……「あそこだ いそごう」	……「あそこだ いそごう」	……「asokoda isogou」	……「あそこだ いそごう」	Man: There! Hurry.	Man: There! Hurry.			yes	hiragana:8; katakana:0; kanji:0; Latin:0; digits:0; phonetic hiragana orthography		Source suppresses normal kanji/katakana distinctions; restore only with context	ellipsis carries timing/hesitation tone	medium		
1137	TT6B	TT6B/g1/r13	scenario	group 1 @ 0xAC1E; record 13	group-compressed	やどや「へやはもう いっぱいだよ」{CTRL:0}よせふ「そこをなんとか…」{CTRL:2}やどや「ないものはないんだ みちばたに ねな」{CTRL:6}よせふ「おねがいです／{CTRL:4} こどもが うまれそうなんですよ」{CTRL:3}やどや「しょうがないなあ{CTRL:4} うまごやでよかったら かしてあげるよ」{CTRL:3}よせふ「ありがとうございます／」	やどや「へやはもう いっぱいだよ」 ⟦CTRL:0⟧ よせふ「そこをなんとか…」 ⟦CTRL:2⟧ やどや「ないものはないんだ みちばたに ねな」 ⟦CTRL:6⟧ よせふ「おねがいです／ ⟦CTRL:4⟧  こどもが うまれそうなんですよ」 ⟦CTRL:3⟧ やどや「しょうがないなあ ⟦CTRL:4⟧  うまごやでよかったら かしてあげるよ」 ⟦CTRL:3⟧ よせふ「ありがとうございます／」	yadoya「heyahamou ippaidayo」 / yosefu「sokoonantoka…」 / yadoya「naimonohanainda michibatani nena」 / yosefu「onegaidesu／ /  kodomoga umaresounandesuyo」 / yadoya「shouganainaa /  umagoyadeyokattara kashiteageruyo」 / yosefu「arigatougozaimasu／」	やどや「へやはもう いっぱいだよ」よせふ「そこをなんとか…」やどや「ないものはないんだ みちばたに ねな」よせふ「おねがいです／ こどもが うまれそうなんですよ」やどや「しょうがないなあ うまごやでよかったら かしてあげるよ」よせふ「ありがとうございます／」	Innkeeper: We are full.{CTRL:0}Joseph: Please...{CTRL:2}Innkeeper: Sleep outside{CTRL:6}Joseph: Please!{CTRL:4}Her baby is due now.{CTRL:3}Innkeeper: Very well.{CTRL:4}You may use the stable.{CTRL:3}Joseph: Thank you!	Innkeeper: We are full. ⟦CTRL:0⟧ Joseph: Please... ⟦CTRL:2⟧ Innkeeper: Sleep outside ⟦CTRL:6⟧ Joseph: Please! ⟦CTRL:4⟧ Her baby is due now. ⟦CTRL:3⟧ Innkeeper: Very well. ⟦CTRL:4⟧ You may use the stable. ⟦CTRL:3⟧ Joseph: Thank you!	0,2,6,4,3,4,3	0,2,6,4,3,4,3	yes	hiragana:107; katakana:0; kanji:0; Latin:0; digits:0; phonetic hiragana orthography	やで: strong Kansai-style copula/emphasis	こども → 子供	ellipsis carries timing/hesitation tone	medium		
1138	TT6B	TT6B/g1/r14	scenario	group 1 @ 0xAC1E; record 14	group-compressed	……「ここのようですな」{CTRL:1}……「やっとついた……」	……「ここのようですな」 ⟦CTRL:1⟧ ……「やっとついた……」	……「kokonoyoudesuna」 / ……「yattotsuita……」	……「ここのようですな」……「やっとついた……」	Man: This is the place.{CTRL:1}Man: Here at last...	Man: This is the place. ⟦CTRL:1⟧ Man: Here at last...	1	1	yes	hiragana:14; katakana:0; kanji:0; Latin:0; digits:0; phonetic hiragana orthography		Source suppresses normal kanji/katakana distinctions; restore only with context	ellipsis carries timing/hesitation tone	medium		
1139	TT6B	TT6B/g1/r15	scenario	group 1 @ 0xAC1E; record 15	group-compressed	けっこうひろいが ふけつ／	けっこうひろいが ふけつ／	kekkouhiroiga fuketsu／	けっこうひろいが ふけつ／	Spacious, but filthy!	Spacious, but filthy!			yes	hiragana:11; katakana:0; kanji:0; Latin:0; digits:0; phonetic hiragana orthography		Source suppresses normal kanji/katakana distinctions; restore only with context		medium		
1140	TT6B	TT6B/g1/r16	scenario	group 1 @ 0xAC1E; record 16	group-compressed	まりあのかみを やさしくなでている	まりあのかみを やさしくなでている	marianokamio yasashikunadeteiru	まりあのかみを やさしくなでている	He strokes Mary's hair.	He strokes Mary's hair.			yes	hiragana:16; katakana:0; kanji:0; Latin:0; digits:0; phonetic hiragana orthography		Source suppresses normal kanji/katakana distinctions; restore only with context		medium		
1141	TT6B	TT6B/g1/r17	scenario	group 1 @ 0xAC1E; record 17	group-compressed	つきあかりをあびた そのかおは{CTRL:0}てんしのように うつくしい	つきあかりをあびた そのかおは ⟦CTRL:0⟧ てんしのように うつくしい	tsukiakarioabita sonokaoha / tenshinoyouni utsukushii	つきあかりをあびた そのかおはてんしのように うつくしい	Moonlight on her face.{CTRL:0}Lovely as an angel.	Moonlight on her face. ⟦CTRL:0⟧ Lovely as an angel.	0	0	yes	hiragana:26; katakana:0; kanji:0; Latin:0; digits:0; phonetic hiragana orthography		Source suppresses normal kanji/katakana distinctions; restore only with context		medium		
1142	TT6B	TT6B/g1/r18	scenario	group 1 @ 0xAC1E; record 18	group-compressed	ほしくさが やまもりになっている	ほしくさが やまもりになっている	hoshikusaga yamamorininatteiru	ほしくさが やまもりになっている	Hay is piled high.	Hay is piled high.			yes	hiragana:15; katakana:0; kanji:0; Latin:0; digits:0; phonetic hiragana orthography		Source suppresses normal kanji/katakana distinctions; restore only with context		medium		
1143	TT6B	TT6B/g1/r19	scenario	group 1 @ 0xAC1E; record 19	group-compressed	ほしくさは もうない	ほしくさは もうない	hoshikusaha mounai	ほしくさは もうない	No hay remains.	No hay remains.			yes	hiragana:9; katakana:0; kanji:0; Latin:0; digits:0; phonetic hiragana orthography		Source suppresses normal kanji/katakana distinctions; restore only with context		medium		
1144	TT6B	TT6B/g1/r20	scenario	group 1 @ 0xAC1E; record 20	group-compressed	めすうまだ…… けっこう ちゃーみんぐ／	めすうまだ…… けっこう ちゃーみんぐ／	mesuumada…… kekkou chaamingu／	めすうまだ…… けっこう ちゃーみんぐ／	A mare. Quite charming!	A mare. Quite charming!			yes	hiragana:14; katakana:1; kanji:0; Latin:0; digits:0		Source suppresses normal kanji/katakana distinctions; restore only with context	ellipsis carries timing/hesitation tone	medium		
1145	TT6B	TT6B/g1/r21	scenario	group 1 @ 0xAC1E; record 21	group-compressed	めがきょろきょろして おちつきがない	めがきょろきょろして おちつきがない	megakyorokyoroshite ochitsukiganai	めがきょろきょろして おちつきがない	Her eyes dart around.	Her eyes dart around.			yes	hiragana:17; katakana:0; kanji:0; Latin:0; digits:0; phonetic hiragana orthography		Source suppresses normal kanji/katakana distinctions; restore only with context		medium		
1146	TT6B	TT6B/g1/r22	scenario	group 1 @ 0xAC1E; record 22	group-compressed	とっつきにくそうな やつだな{CTRL:0}うし「あーーんだ もんくあっか」	とっつきにくそうな やつだな ⟦CTRL:0⟧ うし「あーーんだ もんくあっか」	tottsukinikusouna yatsudana / ushi「aaanda monkuakka」	とっつきにくそうな やつだなうし「あーーんだ もんくあっか」	He looks unfriendly.{CTRL:0}Cow: You got a problem?	He looks unfriendly. ⟦CTRL:0⟧ Cow: You got a problem?	0	0	yes	hiragana:24; katakana:2; kanji:0; Latin:0; digits:0		Source suppresses normal kanji/katakana distinctions; restore only with context		medium		
1147	TT6B	TT6B/g1/r23	scenario	group 1 @ 0xAC1E; record 23	group-compressed	うーーん これはまちがいなく……{CTRL:0}うし「くそは くそだべー」	うーーん これはまちがいなく…… ⟦CTRL:0⟧ うし「くそは くそだべー」	uuun korehamachigainaku…… / ushi「kusoha kusodabee」	うーーん これはまちがいなく……うし「くそは くそだべー」	This can only be...{CTRL:0}Cow: Dung is dung.	This can only be... ⟦CTRL:0⟧ Cow: Dung is dung.	0	0	yes	hiragana:20; katakana:3; kanji:0; Latin:0; digits:0	だべ: Tohoku/rural-coded conjectural ending	Source suppresses normal kanji/katakana distinctions; restore only with context	ellipsis carries timing/hesitation tone	medium		
1148	TT6B	TT6B/g1/r24	scenario	group 1 @ 0xAC1E; record 24	group-compressed	おれ「ひひーん」	おれ「ひひーん」	ore「hihiin」	おれ「ひひーん」	Me: Hee-haw.	Me: Hee-haw.			yes	hiragana:5; katakana:1; kanji:0; Latin:0; digits:0	おれ: plain-to-rough masculine first person	Source suppresses normal kanji/katakana distinctions; restore only with context		medium		
1149	TT6B	TT6B/g1/r25	scenario	group 1 @ 0xAC1E; record 25	group-compressed	めすうま「ろーまがなにさ／ そのうちに{CTRL:0} おちぶれるときが きっとくるわ」	めすうま「ろーまがなにさ／ そのうちに ⟦CTRL:0⟧  おちぶれるときが きっとくるわ」	mesuuma「roomagananisa／ sonouchini /  ochiburerutokiga kittokuruwa」	めすうま「ろーまがなにさ／ そのうちに おちぶれるときが きっとくるわ」	Mare: Rome? Who cares?{CTRL:0}Its downfall will come.	Mare: Rome? Who cares? ⟦CTRL:0⟧ Its downfall will come.	0	0	yes	hiragana:29; katakana:1; kanji:0; Latin:0; digits:0		ろーま → ローマ (Rome)		low		
1150	TT6B	TT6B/g1/r26	scenario	group 1 @ 0xAC1E; record 26	group-compressed	めすうま「なれなれしく しないでね{CTRL:0} あなたとは みぶんがちがうんだから」	めすうま「なれなれしく しないでね ⟦CTRL:0⟧  あなたとは みぶんがちがうんだから」	mesuuma「narenareshiku shinaidene /  anatatoha mibungachigaundakara」	めすうま「なれなれしく しないでね あなたとは みぶんがちがうんだから」	Mare: Keep away from me.{CTRL:0}Our social ranks differ.	Mare: Keep away from me. ⟦CTRL:0⟧ Our social ranks differ.	0	0	yes	hiragana:31; katakana:0; kanji:0; Latin:0; digits:0; phonetic hiragana orthography		Source suppresses normal kanji/katakana distinctions; restore only with context		medium		
1151	TT6B	TT6B/g1/r27	scenario	group 1 @ 0xAC1E; record 27	group-compressed	"ひつじ「とおい ひがしのくににはな……{CTRL:0} ""まふうじのつぼ"" というなの{CTRL:0} あくまをとじこめる うつわがあるそうじゃ」"	"ひつじ「とおい ひがしのくににはな…… ⟦CTRL:0⟧  ""まふうじのつぼ"" というなの ⟦CTRL:0⟧  あくまをとじこめる うつわがあるそうじゃ」"	"hitsuji「tooi higashinokuninihana…… /  ""mafuujinotsubo"" toiunano /  akumaotojikomeru utsuwagaarusouja」"	"ひつじ「とおい ひがしのくににはな…… ""まふうじのつぼ"" というなの あくまをとじこめる うつわがあるそうじゃ」"	Sheep: Far in the East{CTRL:0}is a Magic-Sealing Jar{CTRL:0}said to imprison devils.	Sheep: Far in the East ⟦CTRL:0⟧ is a Magic-Sealing Jar ⟦CTRL:0⟧ said to imprison devils.	0,0	0,0	yes	hiragana:46; katakana:0; kanji:0; Latin:0; digits:0; phonetic hiragana orthography	じゃ: old-person/western-style copula; context decides voice versus region	あくま → 悪魔	ellipsis carries timing/hesitation tone	medium		
1152	TT6B	TT6B/g1/r28	scenario	group 1 @ 0xAC1E; record 28	group-compressed	ひつじ「ぎもんは あらゆるちえの かぎとなる{CTRL:0} ……あらぶの ふるいことわざじゃ」	ひつじ「ぎもんは あらゆるちえの かぎとなる ⟦CTRL:0⟧  ……あらぶの ふるいことわざじゃ」	hitsuji「gimonha arayuruchieno kagitonaru /  ……arabuno furuikotowazaja」	ひつじ「ぎもんは あらゆるちえの かぎとなる ……あらぶの ふるいことわざじゃ」	Sheep: Doubt is the key{CTRL:0}to wisdom. Arab proverb.	Sheep: Doubt is the key ⟦CTRL:0⟧ to wisdom. Arab proverb.	0	0	yes	hiragana:32; katakana:0; kanji:0; Latin:0; digits:0; phonetic hiragana orthography	じゃ: old-person/western-style copula; context decides voice versus region	Source suppresses normal kanji/katakana distinctions; restore only with context	ellipsis carries timing/hesitation tone	medium		
1153	TT6B	TT6B/g1/r29	scenario	group 1 @ 0xAC1E; record 29	group-compressed	ひつじ「あのな… こんなことしっちょるか！」	ひつじ「あのな… こんなことしっちょるか！」	hitsuji「anona… konnakotoshitchoruka！」	ひつじ「あのな… こんなことしっちょるか！」	Sheep: Do you know this?	Sheep: Do you know this?			yes	hiragana:17; katakana:0; kanji:0; Latin:0; digits:0; phonetic hiragana orthography		Source suppresses normal kanji/katakana distinctions; restore only with context	ellipsis carries timing/hesitation tone	medium		
1154	TT6B	TT6B/g1/r30	scenario	group 1 @ 0xAC1E; record 30	group-compressed	{CTRL:0}{CTRL:0}へびにそそのかされ えばが くちにしたものは！	⟦CTRL:0⟧  ⟦CTRL:0⟧ へびにそそのかされ えばが くちにしたものは！	 /  / hebinisosonokasare ebaga kuchinishitamonoha！	へびにそそのかされ えばが くちにしたものは！	{CTRL:0}{CTRL:0}What did Eve eat?	⟦CTRL:0⟧  ⟦CTRL:0⟧ What did Eve eat?	0,0	0,0	yes	hiragana:20; katakana:0; kanji:0; Latin:0; digits:0; phonetic hiragana orthography		Source suppresses normal kanji/katakana distinctions; restore only with context		medium		
1155	TT6B	TT6B/g1/r31	scenario	group 1 @ 0xAC1E; record 31	group-compressed	ひつじ「せいかいじゃ ならばこれはどうだ！」	ひつじ「せいかいじゃ ならばこれはどうだ！」	hitsuji「seikaija narabakorehadouda！」	ひつじ「せいかいじゃ ならばこれはどうだ！」	Sheep: Right. Next one!	Sheep: Right. Next one!			yes	hiragana:18; katakana:0; kanji:0; Latin:0; digits:0; phonetic hiragana orthography	じゃ: old-person/western-style copula; context decides voice versus region	Source suppresses normal kanji/katakana distinctions; restore only with context		medium		
1156	TT6B	TT6B/g2/r0	scenario	group 2 @ 0xAF60; record 0	group-compressed	{CTRL:0}{CTRL:0}ゆだやきょうがみとめる ただひとつのかみ とは！	⟦CTRL:0⟧  ⟦CTRL:0⟧ ゆだやきょうがみとめる ただひとつのかみ とは！	 /  / yudayakyougamitomeru tadahitotsunokami toha！	ゆだやきょうがみとめる ただひとつのかみ とは！	{CTRL:0}{CTRL:0}Judaism's sole God?	⟦CTRL:0⟧  ⟦CTRL:0⟧ Judaism's sole God?	0,0	0,0	yes	hiragana:21; katakana:0; kanji:0; Latin:0; digits:0; phonetic hiragana orthography		Source suppresses normal kanji/katakana distinctions; restore only with context		medium		
1157	TT6B	TT6B/g2/r1	scenario	group 2 @ 0xAF60; record 1	group-compressed	{CTRL:0}{CTRL:0}もーぜが いすらえるびとをひきつれて{CTRL:0}だっしゅつした くには！	⟦CTRL:0⟧  ⟦CTRL:0⟧ もーぜが いすらえるびとをひきつれて ⟦CTRL:0⟧ だっしゅつした くには！	 /  / moozega isuraerubitoohikitsurete / dasshutsushita kuniha！	もーぜが いすらえるびとをひきつれてだっしゅつした くには！	{CTRL:0}{CTRL:0}Moses led Israelites out{CTRL:0}of which country?	⟦CTRL:0⟧  ⟦CTRL:0⟧ Moses led Israelites out ⟦CTRL:0⟧ of which country?	0,0,0	0,0,0	yes	hiragana:26; katakana:1; kanji:0; Latin:0; digits:0		Source suppresses normal kanji/katakana distinctions; restore only with context		medium		
1158	TT6B	TT6B/g2/r2	scenario	group 2 @ 0xAF60; record 2	group-compressed	{CTRL:0}{CTRL:0}えるされむに けんらんごうかなしんでんを{CTRL:0}つくった ゆだやのおうは！	⟦CTRL:0⟧  ⟦CTRL:0⟧ えるされむに けんらんごうかなしんでんを ⟦CTRL:0⟧ つくった ゆだやのおうは！	 /  / erusaremuni kenrangoukanashindeno / tsukutta yudayanoouha！	えるされむに けんらんごうかなしんでんをつくった ゆだやのおうは！	{CTRL:0}{CTRL:0}Which Jewish king built{CTRL:0}Jerusalem's temple?	⟦CTRL:0⟧  ⟦CTRL:0⟧ Which Jewish king built ⟦CTRL:0⟧ Jerusalem's temple?	0,0,0	0,0,0	yes	hiragana:30; katakana:0; kanji:0; Latin:0; digits:0; phonetic hiragana orthography		えるされむ → エルサレム (Jerusalem)		low		
1159	TT6B	TT6B/g2/r3	scenario	group 2 @ 0xAF60; record 3	group-compressed	{CTRL:0}{CTRL:0}すくいぬしを しめす「あぶらを そそがれたもの」{CTRL:0}という いみのことばは！	⟦CTRL:0⟧  ⟦CTRL:0⟧ すくいぬしを しめす「あぶらを そそがれたもの」 ⟦CTRL:0⟧ という いみのことばは！	 /  / sukuinushio shimesu「aburao sosogaretamono」 / toiu iminokotobaha！	すくいぬしを しめす「あぶらを そそがれたもの」という いみのことばは！	"{CTRL:0}{CTRL:0}What word for Savior{CTRL:0}means ""anointed one""?"	"⟦CTRL:0⟧  ⟦CTRL:0⟧ What word for Savior ⟦CTRL:0⟧ means ""anointed one""?"	0,0,0	0,0,0	yes	hiragana:30; katakana:0; kanji:0; Latin:0; digits:0; phonetic hiragana orthography		ことば → 言葉		low		
1160	TT6B	TT6B/g2/r4	scenario	group 2 @ 0xAF60; record 4	group-compressed	ひつじ「せいかいじゃ{CTRL:1} ぜんもんせいかいとは やるもんじゃ」	ひつじ「せいかいじゃ ⟦CTRL:1⟧  ぜんもんせいかいとは やるもんじゃ」	hitsuji「seikaija /  zenmonseikaitoha yarumonja」	ひつじ「せいかいじゃ ぜんもんせいかいとは やるもんじゃ」	Sheep: Correct!{CTRL:1}Every answer was right.	Sheep: Correct! ⟦CTRL:1⟧ Every answer was right.	1	1	yes	hiragana:25; katakana:0; kanji:0; Latin:0; digits:0; phonetic hiragana orthography	じゃ: old-person/western-style copula; context decides voice versus region	Source suppresses normal kanji/katakana distinctions; restore only with context		medium		
1161	TT6B	TT6B/g2/r5	scenario	group 2 @ 0xAF60; record 5	group-compressed	ひつじ「あほ」	ひつじ「あほ」	hitsuji「aho」	ひつじ「あほ」	Sheep: Fool.	Sheep: Fool.			yes	hiragana:5; katakana:0; kanji:0; Latin:0; digits:0; phonetic hiragana orthography		Source suppresses normal kanji/katakana distinctions; restore only with context		medium		
1162	TT6B	TT6B/g2/r6	scenario	group 2 @ 0xAF60; record 6	group-compressed	うし「むずかしいこたぁ わがんねーけどよーー{CTRL:0} なーんか とんでもねえことが おこりそうだなー{CTRL:2} やせいの かんってやつだべかなーー」	うし「むずかしいこたぁ わがんねーけどよーー ⟦CTRL:0⟧  なーんか とんでもねえことが おこりそうだなー ⟦CTRL:2⟧  やせいの かんってやつだべかなーー」	ushi「muzukashiikotaa waganneekedoyooo /  naanka tondemoneekotoga okorisoudanaa /  yaseino kantteyatsudabekanaaa」	うし「むずかしいこたぁ わがんねーけどよーー なーんか とんでもねえことが おこりそうだなー やせいの かんってやつだべかなーー」	Cow: Dunno much, but{CTRL:0}something big is coming.{CTRL:2}Must be animal instinct.	Cow: Dunno much, but ⟦CTRL:0⟧ something big is coming. ⟦CTRL:2⟧ Must be animal instinct.	0,2	0,2	yes	hiragana:50; katakana:7; kanji:0; Latin:0; digits:0	だべ: Tohoku/rural-coded conjectural ending	Source suppresses normal kanji/katakana distinctions; restore only with context		medium		
1163	TT6B	TT6B/g2/r7	scenario	group 2 @ 0xAF60; record 7	group-compressed	うし「なぁーーんちゅーか{CTRL:1} かぁーーんちゅーか{CTRL:2} はっきりいって{CTRL:6} はええはなしがよぉーー」	うし「なぁーーんちゅーか ⟦CTRL:1⟧  かぁーーんちゅーか ⟦CTRL:2⟧  はっきりいって ⟦CTRL:6⟧  はええはなしがよぉーー」	ushi「naaaanchuuka /  kaaaanchuuka /  hakkiriitte /  haeehanashigayoooo」	うし「なぁーーんちゅーか かぁーーんちゅーか はっきりいって はええはなしがよぉーー」	Cow: How can I put it...{CTRL:1}what can I say...{CTRL:2}to be clear...{CTRL:6}long story short...	Cow: How can I put it... ⟦CTRL:1⟧ what can I say... ⟦CTRL:2⟧ to be clear... ⟦CTRL:6⟧ long story short...	1,2,6	1,2,6	yes	hiragana:30; katakana:8; kanji:0; Latin:0; digits:0		はなし → 話		low		
1164	TT6B	TT6B/g2/r8	scenario	group 2 @ 0xAF60; record 8	group-compressed	な なんてかったるいやつだ……	な なんてかったるいやつだ……	na nantekattaruiyatsuda……	な なんてかったるいやつだ……	Wh-what a tedious guy...	Wh-what a tedious guy...			yes	hiragana:12; katakana:0; kanji:0; Latin:0; digits:0; phonetic hiragana orthography		Source suppresses normal kanji/katakana distinctions; restore only with context	ellipsis carries timing/hesitation tone	medium		
1165	TT6B	TT6B/g2/r9	scenario	group 2 @ 0xAF60; record 9	group-compressed	ただでさえ はらいっぱいで{CTRL:0}ねむたくなってるときに……	ただでさえ はらいっぱいで ⟦CTRL:0⟧ ねむたくなってるときに……	tadadesae haraippaide / nemutakunatterutokini……	ただでさえ はらいっぱいでねむたくなってるときに……	I am full already,{CTRL:0}and getting sleepy...	I am full already, ⟦CTRL:0⟧ and getting sleepy...	0	0	yes	hiragana:23; katakana:0; kanji:0; Latin:0; digits:0; phonetic hiragana orthography		Source suppresses normal kanji/katakana distinctions; restore only with context	ellipsis carries timing/hesitation tone	medium		
1166	TT6B	TT6B/g2/r10	scenario	group 2 @ 0xAF60; record 10	group-compressed	たくさんいるわりに しずかだ	たくさんいるわりに しずかだ	takusaniruwarini shizukada	たくさんいるわりに しずかだ	Many animals, yet quiet.	Many animals, yet quiet.			yes	hiragana:13; katakana:0; kanji:0; Latin:0; digits:0; phonetic hiragana orthography		Source suppresses normal kanji/katakana distinctions; restore only with context		medium		
1167	TT6B	TT6B/g2/r11	scenario	group 2 @ 0xAF60; record 11	group-compressed	よせふ「がんばれ まりあ」{CTRL:0}まりあ「ええ……」	よせふ「がんばれ まりあ」 ⟦CTRL:0⟧ まりあ「ええ……」	yosefu「ganbare maria」 / maria「ee……」	よせふ「がんばれ まりあ」まりあ「ええ……」	Joseph: Be strong, Mary.{CTRL:0}Mary: Yes...	Joseph: Be strong, Mary. ⟦CTRL:0⟧ Mary: Yes...	0	0	yes	hiragana:15; katakana:0; kanji:0; Latin:0; digits:0; phonetic hiragana orthography		Source suppresses normal kanji/katakana distinctions; restore only with context	ellipsis carries timing/hesitation tone	medium		
1168	TT6B	TT6B/g2/r12	scenario	group 2 @ 0xAF60; record 12	group-compressed	よせふ「かみさま どうかぶじに……」	よせふ「かみさま どうかぶじに……」	yosefu「kamisama doukabujini……」	よせふ「かみさま どうかぶじに……」	Joseph: God, save her.	Joseph: God, save her.			yes	hiragana:13; katakana:0; kanji:0; Latin:0; digits:0; phonetic hiragana orthography	さま: -sama: high respect, worship, status, or irony	かみさま → 神様	ellipsis carries timing/hesitation tone	medium		
1169	TT6B	TT6B/g2/r13	scenario	group 2 @ 0xAF60; record 13	group-compressed	なにを！	なにを！	nanio！	なにを！	What?!	What?!			yes	hiragana:3; katakana:0; kanji:0; Latin:0; digits:0; phonetic hiragana orthography		Source suppresses normal kanji/katakana distinctions; restore only with context		medium		
1170	TT6B	TT6B/g2/r14	scenario	group 2 @ 0xAF60; record 14	group-compressed	めすうま「ちょっと／	めすうま「ちょっと／	mesuuma「chotto／	めすうま「ちょっと／	Mare: Hey!	Mare: Hey!			yes	hiragana:8; katakana:0; kanji:0; Latin:0; digits:0; phonetic hiragana orthography		Source suppresses normal kanji/katakana distinctions; restore only with context		medium		
1171	TT6B	TT6B/g2/r15	scenario	group 2 @ 0xAF60; record 15	group-compressed	{CTRL:0} かってに たべないでくれる！」	⟦CTRL:0⟧  かってに たべないでくれる！」	 /  katteni tabenaidekureru！」	 かってに たべないでくれる！」	{CTRL:0}Do not eat it unasked!	⟦CTRL:0⟧ Do not eat it unasked!	0	0	yes	hiragana:12; katakana:0; kanji:0; Latin:0; digits:0; phonetic hiragana orthography		Source suppresses normal kanji/katakana distinctions; restore only with context		medium		
1172	TT6B	TT6B/g2/r16	scenario	group 2 @ 0xAF60; record 16	group-compressed	めすうま「いいわよ たべても」	めすうま「いいわよ たべても」	mesuuma「iiwayo tabetemo」	めすうま「いいわよ たべても」	Mare: You may eat it.	Mare: You may eat it.			yes	hiragana:12; katakana:0; kanji:0; Latin:0; digits:0; phonetic hiragana orthography		Source suppresses normal kanji/katakana distinctions; restore only with context		medium		
1173	TT6B	TT6B/g2/r17	scenario	group 2 @ 0xAF60; record 17	group-compressed	{CTRL:0}おれ「おー でりしゃす／ ふがが…ふがふが／」	⟦CTRL:0⟧ おれ「おー でりしゃす／ ふがが…ふがふが／」	 / ore「oo derishasu／ fugaga…fugafuga／」	おれ「おー でりしゃす／ ふがが…ふがふが／」	{CTRL:0}Me: Delicious! Munch!	⟦CTRL:0⟧ Me: Delicious! Munch!	0	0	yes	hiragana:15; katakana:1; kanji:0; Latin:0; digits:0	おれ: plain-to-rough masculine first person	Source suppresses normal kanji/katakana distinctions; restore only with context	ellipsis carries timing/hesitation tone	medium		
1174	TT6B	TT6B/g2/r18	scenario	group 2 @ 0xAF60; record 18	group-compressed	めすうま「ちびちびたべてないで いっぺんに{CTRL:0} どーんといきなさいよ どーんと／」{CTRL:2}おれ「は はい…」	めすうま「ちびちびたべてないで いっぺんに ⟦CTRL:0⟧  どーんといきなさいよ どーんと／」 ⟦CTRL:2⟧ おれ「は はい…」	mesuuma「chibichibitabetenaide ippenni /  doontoikinasaiyo doonto／」 / ore「ha hai…」	めすうま「ちびちびたべてないで いっぺんに どーんといきなさいよ どーんと／」おれ「は はい…」	Mare: Do not nibble.{CTRL:0}Eat it all at once!{CTRL:2}Me: Y-yes...	Mare: Do not nibble. ⟦CTRL:0⟧ Eat it all at once! ⟦CTRL:2⟧ Me: Y-yes...	0,2	0,2	yes	hiragana:36; katakana:2; kanji:0; Latin:0; digits:0	おれ: plain-to-rough masculine first person	Source suppresses normal kanji/katakana distinctions; restore only with context	ellipsis carries timing/hesitation tone	medium		
1175	TT6B	TT6B/g2/r19	scenario	group 2 @ 0xAF60; record 19	group-compressed	おれ「ががががっ／ はぐはぐっ／」	おれ「ががががっ／ はぐはぐっ／」	ore「gagagaga／ hhaguhagu／」	おれ「ががががっ／ はぐはぐっ／」	Me: Chomp! Munch, munch!	Me: Chomp! Munch, munch!			yes	hiragana:12; katakana:0; kanji:0; Latin:0; digits:0; phonetic hiragana orthography	おれ: plain-to-rough masculine first person	Source suppresses normal kanji/katakana distinctions; restore only with context		medium		
1176	TT6B	TT6B/g2/r20	scenario	group 2 @ 0xAF60; record 20	group-compressed	おれ「ごちそうさまでした」	おれ「ごちそうさまでした」	ore「gochisousamadeshita」	おれ「ごちそうさまでした」	Me: Thanks for the meal.	Me: Thanks for the meal.			yes	hiragana:11; katakana:0; kanji:0; Latin:0; digits:0; phonetic hiragana orthography	おれ: plain-to-rough masculine first person	Source suppresses normal kanji/katakana distinctions; restore only with context		medium		
1177	TT6B	TT6B/g2/r21	scenario	group 2 @ 0xAF60; record 21	group-compressed	はらいっぱいで もうくえない	はらいっぱいで もうくえない	haraippaide moukuenai	はらいっぱいで もうくえない	I am too full to eat.	I am too full to eat.			yes	hiragana:13; katakana:0; kanji:0; Latin:0; digits:0; phonetic hiragana orthography		Source suppresses normal kanji/katakana distinctions; restore only with context		medium		
1178	TT6B	TT6B/g2/r22	scenario	group 2 @ 0xAF60; record 22	group-compressed	うし「そりゃ くえねえど」	うし「そりゃ くえねえど」	ushi「sorya kueneedo」	うし「そりゃ くえねえど」	Cow: Not edible.	Cow: Not edible.			yes	hiragana:10; katakana:0; kanji:0; Latin:0; digits:0; phonetic hiragana orthography		Source suppresses normal kanji/katakana distinctions; restore only with context		medium		
1179	TT6B	TT6B/g2/r23	scenario	group 2 @ 0xAF60; record 23	group-compressed	{CTRL:0}おれ「うむ たしかに…」	⟦CTRL:0⟧ おれ「うむ たしかに…」	 / ore「umu tashikani…」	おれ「うむ たしかに…」	{CTRL:0}Me: Indeed...	⟦CTRL:0⟧ Me: Indeed...	0	0	yes	hiragana:8; katakana:0; kanji:0; Latin:0; digits:0; phonetic hiragana orthography	おれ: plain-to-rough masculine first person	Source suppresses normal kanji/katakana distinctions; restore only with context	ellipsis carries timing/hesitation tone	medium		
1180	TT6B	TT6B/g2/r24	scenario	group 2 @ 0xAF60; record 24	group-compressed	めすうま「げんき いいのね」	めすうま「げんき いいのね」	mesuuma「genki iinone」	めすうま「げんき いいのね」	Mare: You are lively.	Mare: You are lively.			yes	hiragana:11; katakana:0; kanji:0; Latin:0; digits:0; phonetic hiragana orthography		Source suppresses normal kanji/katakana distinctions; restore only with context		medium		
1181	TT6B	TT6B/g2/r25	scenario	group 2 @ 0xAF60; record 25	group-compressed	あしが とどかない	あしが とどかない	ashiga todokanai	あしが とどかない	My legs cannot reach.	My legs cannot reach.			yes	hiragana:8; katakana:0; kanji:0; Latin:0; digits:0; phonetic hiragana orthography		Source suppresses normal kanji/katakana distinctions; restore only with context		medium		
1182	TT6B	TT6B/g2/r26	scenario	group 2 @ 0xAF60; record 26	group-compressed	おれ「でへへへー」{CTRL:1}めすうま「……」	おれ「でへへへー」 ⟦CTRL:1⟧ めすうま「……」	ore「dehehehee」 / mesuuma「……」	おれ「でへへへー」めすうま「……」	Me: Heh heh heh...{CTRL:1}Mare: ...	Me: Heh heh heh... ⟦CTRL:1⟧ Mare: ...	1	1	yes	hiragana:10; katakana:1; kanji:0; Latin:0; digits:0	おれ: plain-to-rough masculine first person	Source suppresses normal kanji/katakana distinctions; restore only with context	ellipsis carries timing/hesitation tone	medium		
1183	TT6B	TT6B/g2/r27	scenario	group 2 @ 0xAF60; record 27	group-compressed	めすうま「ありがとう」	めすうま「ありがとう」	mesuuma「arigatou」	めすうま「ありがとう」	Mare: Thank you.	Mare: Thank you.			yes	hiragana:9; katakana:0; kanji:0; Latin:0; digits:0; phonetic hiragana orthography		Source suppresses normal kanji/katakana distinctions; restore only with context		medium		
1184	TT6B	TT6B/g2/r28	scenario	group 2 @ 0xAF60; record 28	group-compressed	めすうま「あら わかる！ これ… えるされむで{CTRL:0} はやりの かっとなのよ ふふふ…」	めすうま「あら わかる！ これ… えるされむで ⟦CTRL:0⟧  はやりの かっとなのよ ふふふ…」	mesuuma「ara wakaru！ kore… erusaremude /  hayarino kattonanoyo fufufu…」	めすうま「あら わかる！ これ… えるされむで はやりの かっとなのよ ふふふ…」	Mare: You noticed? This{CTRL:0}cut is hot in Jerusalem.	Mare: You noticed? This ⟦CTRL:0⟧ cut is hot in Jerusalem.	0	0	yes	hiragana:30; katakana:0; kanji:0; Latin:0; digits:0; phonetic hiragana orthography		えるされむ → エルサレム (Jerusalem) | わかる → 分かる	ellipsis carries timing/hesitation tone	low		
1185	TT6B	TT6B/g2/r29	scenario	group 2 @ 0xAF60; record 29	group-compressed	おれ「ひひーん／」{CTRL:1}めすうま「……」	おれ「ひひーん／」 ⟦CTRL:1⟧ めすうま「……」	ore「hihiin／」 / mesuuma「……」	おれ「ひひーん／」めすうま「……」	Me: Hee-haw!{CTRL:1}Mare: ...	Me: Hee-haw! ⟦CTRL:1⟧ Mare: ...	1	1	yes	hiragana:9; katakana:1; kanji:0; Latin:0; digits:0	おれ: plain-to-rough masculine first person	Source suppresses normal kanji/katakana distinctions; restore only with context	ellipsis carries timing/hesitation tone	medium		
1186	TT6C	TT6C/g0/r0	scenario	group 0 @ 0xAD24; record 0	group-compressed	……「やったぞ おとこのこだ／」{CTRL:0}……「あなた……」	……「やったぞ おとこのこだ／」 ⟦CTRL:0⟧ ……「あなた……」	……「yattazo otokonokoda／」 / ……「anata……」	……「やったぞ おとこのこだ／」……「あなた……」	Man: A boy! We did it!{CTRL:0}Woman: My dear...	Man: A boy! We did it! ⟦CTRL:0⟧ Woman: My dear...	0	0	yes	hiragana:13; katakana:0; kanji:0; Latin:0; digits:0; phonetic hiragana orthography		おとこのこ → 男の子	ellipsis carries timing/hesitation tone	low		
1187	TT6C	TT6C/g0/r1	scenario	group 0 @ 0xAD24; record 1	group-compressed	ん／！ なんだ	ん／！ なんだ	n／！ nanda	ん／！ なんだ	Huh?! What now?	Huh?! What now?			yes	hiragana:4; katakana:0; kanji:0; Latin:0; digits:0; phonetic hiragana orthography		Source suppresses normal kanji/katakana distinctions; restore only with context		medium		
1188	TT6C	TT6C/g0/r2	scenario	group 0 @ 0xAD24; record 2	group-compressed	"あくま「ながいあいだの くつじょくをたえて{CTRL:0} わしはよみがえり そして かこへもどってきた{CTRL:2} あのときのふくしゅうを はたしに……」{CTRL:6}よせふ「……」{CTRL:3}ばるたざーる「そうはいかないぞ あくまよ」{CTRL:4}あくま「！」{CTRL:3}めるきおーる「われわれは おまえのくることを{CTRL:4} よちしていた…… すくいぬしのいのちをねらう{CTRL:4} じゃあくなるものの そんざいを……」{CTRL:3}あくま「なんだと／！」{CTRL:3}かすぱる「ふたたびやみのなかへ まいもどるがよい{CTRL:4} この ""まふうじのつぼ"" へ／」"	"あくま「ながいあいだの くつじょくをたえて ⟦CTRL:0⟧  わしはよみがえり そして かこへもどってきた ⟦CTRL:2⟧  あのときのふくしゅうを はたしに……」 ⟦CTRL:6⟧ よせふ「……」 ⟦CTRL:3⟧ ばるたざーる「そうはいかないぞ あくまよ」 ⟦CTRL:4⟧ あくま「！」 ⟦CTRL:3⟧ めるきおーる「われわれは おまえのくることを ⟦CTRL:4⟧  よちしていた…… すくいぬしのいのちをねらう ⟦CTRL:4⟧  じゃあくなるものの そんざいを……」 ⟦CTRL:3⟧ あくま「なんだと／！」 ⟦CTRL:3⟧ かすぱる「ふたたびやみのなかへ まいもどるがよい ⟦CTRL:4⟧  この ""まふうじのつぼ"" へ／」"	"akuma「nagaiaidano kutsujokuotaete /  washihayomigaeri soshite kakohemodottekita /  anotokinofukushuuo hatashini……」 / yosefu「……」 / barutazaaru「souhaikanaizo akumayo」 / akuma「！」 / merukiooru「warewareha omaenokurukotoo /  yochishiteita…… sukuinushinoinochionerau /  jaakunarumonono sonzaio……」 / akuma「nandato／！」 / kasuparu「futatabiyaminonakahe maimodorugayoi /  kono ""mafuujinotsubo"" he／」"	"あくま「ながいあいだの くつじょくをたえて わしはよみがえり そして かこへもどってきた あのときのふくしゅうを はたしに……」よせふ「……」ばるたざーる「そうはいかないぞ あくまよ」あくま「！」めるきおーる「われわれは おまえのくることを よちしていた…… すくいぬしのいのちをねらう じゃあくなるものの そんざいを……」あくま「なんだと／！」かすぱる「ふたたびやみのなかへ まいもどるがよい この ""まふうじのつぼ"" へ／」"	Devil: Long I endured{CTRL:0}humiliation. Reborn, I{CTRL:2}went back for revenge!{CTRL:6}Joseph: ...{CTRL:3}Balthazar: No, Devil.{CTRL:4}Devil: !{CTRL:3}Melchior: We foresaw{CTRL:4}your coming, evil one.{CTRL:4}You want the savior dead{CTRL:3}Devil: What?!{CTRL:3}Caspar: Back to darkness{CTRL:4}inside this Sealing Jar!	Devil: Long I endured ⟦CTRL:0⟧ humiliation. Reborn, I ⟦CTRL:2⟧ went back for revenge! ⟦CTRL:6⟧ Joseph: ... ⟦CTRL:3⟧ Balthazar: No, Devil. ⟦CTRL:4⟧ Devil: ! ⟦CTRL:3⟧ Melchior: We foresaw ⟦CTRL:4⟧ your coming, evil one. ⟦CTRL:4⟧ You want the savior dead ⟦CTRL:3⟧ Devil: What?! ⟦CTRL:3⟧ Caspar: Back to darkness ⟦CTRL:4⟧ inside this Sealing Jar!	0,2,6,3,4,3,4,4,3,3,4	0,2,6,3,4,3,4,4,3,3,4	yes	hiragana:168; katakana:2; kanji:0; Latin:0; digits:0	わし: elderly or authoritative masculine first person; character voice, not necessarily regional | おまえ: familiar or rough second person; relationship and tone matter | じゃ: old-person/western-style copula; context decides voice versus region	あくま → 悪魔 | いのち → 命 | かこ → 過去	ellipsis carries timing/hesitation tone	medium		
1189	TT6C	TT6C/g0/r3	scenario	group 0 @ 0xAD24; record 3	group-compressed	ゆかにおいたつぼに てをのばしたとき……{CTRL:0}あくま「うごくな／」	ゆかにおいたつぼに てをのばしたとき…… ⟦CTRL:0⟧ あくま「うごくな／」	yukanioitatsuboni teonobashitatoki…… / akuma「ugokuna／」	ゆかにおいたつぼに てをのばしたとき……あくま「うごくな／」	He reaches for the jar.{CTRL:0}Devil: Do not move!	He reaches for the jar. ⟦CTRL:0⟧ Devil: Do not move!	0	0	yes	hiragana:24; katakana:0; kanji:0; Latin:0; digits:0; phonetic hiragana orthography		あくま → 悪魔	ellipsis carries timing/hesitation tone	low		
1190	TT6C	TT6C/g0/r4	scenario	group 0 @ 0xAD24; record 4	group-compressed	{CTRL:0}{CTRL:0}とつぜんほのおがたちのぼり つぼをつつみこんだ	⟦CTRL:0⟧  ⟦CTRL:0⟧ とつぜんほのおがたちのぼり つぼをつつみこんだ	 /  / totsuzenhonoogatachinobori tsubootsutsumikonda	とつぜんほのおがたちのぼり つぼをつつみこんだ	{CTRL:0}{CTRL:0}Flames engulfed the jar.	⟦CTRL:0⟧  ⟦CTRL:0⟧ Flames engulfed the jar.	0,0	0,0	yes	hiragana:22; katakana:0; kanji:0; Latin:0; digits:0; phonetic hiragana orthography		Source suppresses normal kanji/katakana distinctions; restore only with context		medium		
1191	TT6C	TT6C/g0/r5	scenario	group 0 @ 0xAD24; record 5	group-compressed	あくま「わしのまりょくに かなうものなどいない{CTRL:1} たよりの すくいぬしとやらは{CTRL:0} まだ あかんぼうなのだからな……」	あくま「わしのまりょくに かなうものなどいない ⟦CTRL:1⟧  たよりの すくいぬしとやらは ⟦CTRL:0⟧  まだ あかんぼうなのだからな……」	akuma「washinomaryokuni kanaumononadoinai /  tayorino sukuinushitoyaraha /  mada akanbounanodakarana……」	あくま「わしのまりょくに かなうものなどいない たよりの すくいぬしとやらは まだ あかんぼうなのだからな……」	Devil: None rival me!{CTRL:1}Your precious savior{CTRL:0}is still only a baby...	Devil: None rival me! ⟦CTRL:1⟧ Your precious savior ⟦CTRL:0⟧ is still only a baby...	1,0	1,0	yes	hiragana:47; katakana:0; kanji:0; Latin:0; digits:0; phonetic hiragana orthography	わし: elderly or authoritative masculine first person; character voice, not necessarily regional	あくま → 悪魔	ellipsis carries timing/hesitation tone	medium		
1192	TT6C	TT6C/g0/r6	scenario	group 0 @ 0xAD24; record 6	group-compressed	おれには きづいてない……／{CTRL:1}よーーし……／	おれには きづいてない……／ ⟦CTRL:1⟧ よーーし……／	oreniha kizuitenai……／ / yoooshi……／	おれには きづいてない……／よーーし……／	He has not noticed me!{CTRL:1}All right...!	He has not noticed me! ⟦CTRL:1⟧ All right...!	1	1	yes	hiragana:12; katakana:2; kanji:0; Latin:0; digits:0	おれ: plain-to-rough masculine first person	Source suppresses normal kanji/katakana distinctions; restore only with context	ellipsis carries timing/hesitation tone	medium		
1193	TT6C	TT6C/g0/r7	scenario	group 0 @ 0xAD24; record 7	group-compressed	おれ「ひひーーん／」{CTRL:1}あくまのしりに おもいきりかみついた	おれ「ひひーーん／」 ⟦CTRL:1⟧ あくまのしりに おもいきりかみついた	ore「hihiiin／」 / akumanoshirini omoikirikamitsuita	おれ「ひひーーん／」あくまのしりに おもいきりかみついた	Me: Hee-haw!{CTRL:1}I bite the Devil's rear.	Me: Hee-haw! ⟦CTRL:1⟧ I bite the Devil's rear.	1	1	yes	hiragana:22; katakana:2; kanji:0; Latin:0; digits:0	おれ: plain-to-rough masculine first person	あくま → 悪魔		medium		
1194	TT6C	TT6C/g0/r8	scenario	group 0 @ 0xAD24; record 8	group-compressed	{CTRL:0}{CTRL:0}あくま「ぎゃっ／」{CTRL:0}よせふ「かしむ／」{CTRL:4}{CTRL:4}ほのおがきえた／	⟦CTRL:0⟧  ⟦CTRL:0⟧ あくま「ぎゃっ／」 ⟦CTRL:0⟧ よせふ「かしむ／」 ⟦CTRL:4⟧  ⟦CTRL:4⟧ ほのおがきえた／	 /  / akuma「gya／」 / yyosefu「kashimu／」 /  / honoogakieta／	あくま「ぎゃっ／」よせふ「かしむ／」ほのおがきえた／	{CTRL:0}{CTRL:0}Devil: Gyaaah!{CTRL:0}Joseph: Kashim!{CTRL:4}{CTRL:4}The flames vanish!	⟦CTRL:0⟧  ⟦CTRL:0⟧ Devil: Gyaaah! ⟦CTRL:0⟧ Joseph: Kashim! ⟦CTRL:4⟧  ⟦CTRL:4⟧ The flames vanish!	0,0,0,4,4	0,0,0,4,4	yes	hiragana:19; katakana:0; kanji:0; Latin:0; digits:0; phonetic hiragana orthography		あくま → 悪魔		low		
1195	TT6C	TT6C/g0/r9	scenario	group 0 @ 0xAD24; record 9	group-compressed	まりあ「つぼを／」	まりあ「つぼを／」	maria「tsuboo／」	まりあ「つぼを／」	Mary: The jar!	Mary: The jar!			yes	hiragana:6; katakana:0; kanji:0; Latin:0; digits:0; phonetic hiragana orthography		Source suppresses normal kanji/katakana distinctions; restore only with context		medium		
1196	TT6C	TT6C/g0/r10	scenario	group 0 @ 0xAD24; record 10	group-compressed	あくま「じゃまをするな／／」	あくま「じゃまをするな／／」	akuma「jamaosuruna／／」	あくま「じゃまをするな／／」	Devil: Do not interfere!	Devil: Do not interfere!			yes	hiragana:10; katakana:0; kanji:0; Latin:0; digits:0; phonetic hiragana orthography	じゃ: old-person/western-style copula; context decides voice versus region	あくま → 悪魔		medium		
1197	TT6C	TT6C/g0/r11	scenario	group 0 @ 0xAD24; record 11	group-compressed	{CTRL:0}おれ「ぎゃひーーーん／／」	⟦CTRL:0⟧ おれ「ぎゃひーーーん／／」	 / ore「gyahiiiin／／」	おれ「ぎゃひーーーん／／」	{CTRL:0}Me: Gya-heee-haw!!	⟦CTRL:0⟧ Me: Gya-heee-haw!!	0	0	yes	hiragana:6; katakana:3; kanji:0; Latin:0; digits:0	おれ: plain-to-rough masculine first person	Source suppresses normal kanji/katakana distinctions; restore only with context		medium		
1198	TT6C	TT6C/g0/r12	scenario	group 0 @ 0xAD24; record 12	group-compressed	かすぱる「あくまよ しりぞけ／」{CTRL:0}あくま「／／」	かすぱる「あくまよ しりぞけ／」 ⟦CTRL:0⟧ あくま「／／」	kasuparu「akumayo shirizoke／」 / akuma「／／」	かすぱる「あくまよ しりぞけ／」あくま「／／」	Caspar: Begone, Devil!{CTRL:0}Devil: !!	Caspar: Begone, Devil! ⟦CTRL:0⟧ Devil: !!	0	0	yes	hiragana:15; katakana:0; kanji:0; Latin:0; digits:0; phonetic hiragana orthography		あくま → 悪魔		low		
1199	TT6C	TT6C/g0/r13	scenario	group 0 @ 0xAD24; record 13	group-compressed	よせふ「……ど どうなったんだ！」{CTRL:0}かすぱる「だいじょうぶ あれはぬけがらです{CTRL:0} あくまは そのつぼのなかですよ」{CTRL:6}めるきおーる「とにかく ここをでましょう{CTRL:3} どこか あたたかいところへ……」	よせふ「……ど どうなったんだ！」 ⟦CTRL:0⟧ かすぱる「だいじょうぶ あれはぬけがらです ⟦CTRL:0⟧  あくまは そのつぼのなかですよ」 ⟦CTRL:6⟧ めるきおーる「とにかく ここをでましょう ⟦CTRL:3⟧  どこか あたたかいところへ……」	yosefu「……do dounattanda！」 / kasuparu「daijoubu arehanukegaradesu /  akumaha sonotsubononakadesuyo」 / merukiooru「tonikaku kokoodemashou /  dokoka atatakaitokorohe……」	よせふ「……ど どうなったんだ！」かすぱる「だいじょうぶ あれはぬけがらです あくまは そのつぼのなかですよ」めるきおーる「とにかく ここをでましょう どこか あたたかいところへ……」	Joseph: W-what happened?{CTRL:0}Caspar: Merely a shell.{CTRL:0}The Devil is in the jar.{CTRL:6}Melchior: Let us leave.{CTRL:3}Find somewhere warm...	Joseph: W-what happened? ⟦CTRL:0⟧ Caspar: Merely a shell. ⟦CTRL:0⟧ The Devil is in the jar. ⟦CTRL:6⟧ Melchior: Let us leave. ⟦CTRL:3⟧ Find somewhere warm...	0,0,6,3	0,0,6,3	yes	hiragana:73; katakana:1; kanji:0; Latin:0; digits:0		だいじょうぶ → 大丈夫 | あくま → 悪魔	ellipsis carries timing/hesitation tone	low		
1200	TT6C	TT6C/g0/r14	scenario	group 0 @ 0xAD24; record 14	group-compressed	う うーん……	う うーん……	u uun……	う うーん……	U-ughhh...	U-ughhh...			yes	hiragana:3; katakana:1; kanji:0; Latin:0; digits:0		Source suppresses normal kanji/katakana distinctions; restore only with context	ellipsis carries timing/hesitation tone	medium		
1201	TT6C	TT6C/g0/r15	scenario	group 0 @ 0xAD24; record 15	group-compressed	おれ「まて／」	おれ「まて／」	ore「mate／」	おれ「まて／」	Me: Wait!	Me: Wait!			yes	hiragana:4; katakana:0; kanji:0; Latin:0; digits:0; phonetic hiragana orthography	おれ: plain-to-rough masculine first person	Source suppresses normal kanji/katakana distinctions; restore only with context		medium		
1202	TT6C	TT6C/g0/r16	scenario	group 0 @ 0xAD24; record 16	group-compressed	{CTRL:0}よせふ「ひゃっ／」{CTRL:2}かすぱる「まさか……」{CTRL:6}おれ「おれはあくまじゃない つぼのなかにもいない{CTRL:3} あくまはそのあかんぼうに のりうつったんだ／」{CTRL:3}まりあ「……」{CTRL:4}よせふ「……」	⟦CTRL:0⟧ よせふ「ひゃっ／」 ⟦CTRL:2⟧ かすぱる「まさか……」 ⟦CTRL:6⟧ おれ「おれはあくまじゃない つぼのなかにもいない ⟦CTRL:3⟧  あくまはそのあかんぼうに のりうつったんだ／」 ⟦CTRL:3⟧ まりあ「……」 ⟦CTRL:4⟧ よせふ「……」	 / yosefu「hya／」 / kkasuparu「masaka……」 / ore「orehaakumajanai tsubononakanimoinai /  akumahasonoakanbouni noriutsuttanda／」 / maria「……」 / yosefu「……」	よせふ「ひゃっ／」かすぱる「まさか……」おれ「おれはあくまじゃない つぼのなかにもいない あくまはそのあかんぼうに のりうつったんだ／」まりあ「……」よせふ「……」	{CTRL:0}Joseph: Aah!{CTRL:2}Caspar: It cannot be...{CTRL:6}Me: Not me, nor the jar!{CTRL:3}He possessed that baby!{CTRL:3}Mary: ...{CTRL:4}Joseph: ...	⟦CTRL:0⟧ Joseph: Aah! ⟦CTRL:2⟧ Caspar: It cannot be... ⟦CTRL:6⟧ Me: Not me, nor the jar! ⟦CTRL:3⟧ He possessed that baby! ⟦CTRL:3⟧ Mary: ... ⟦CTRL:4⟧ Joseph: ...	0,2,6,3,3,4	0,2,6,3,3,4	yes	hiragana:61; katakana:0; kanji:0; Latin:0; digits:0; phonetic hiragana orthography	おれ: plain-to-rough masculine first person | じゃ: old-person/western-style copula; context decides voice versus region	あくま → 悪魔	ellipsis carries timing/hesitation tone	medium		
1203	TT6C	TT6C/g0/r17	scenario	group 0 @ 0xAD24; record 17	group-compressed	あくま「じゃまをするな こぞう／」{CTRL:1}まりあ「／」	あくま「じゃまをするな こぞう／」 ⟦CTRL:1⟧ まりあ「／」	akuma「jamaosuruna kozou／」 / maria「／」	あくま「じゃまをするな こぞう／」まりあ「／」	Devil: Stop, boy!{CTRL:1}Mary: !	Devil: Stop, boy! ⟦CTRL:1⟧ Mary: !	1	1	yes	hiragana:16; katakana:0; kanji:0; Latin:0; digits:0; phonetic hiragana orthography	じゃ: old-person/western-style copula; context decides voice versus region	あくま → 悪魔		medium		
1204	TT6C	TT6C/g0/r18	scenario	group 0 @ 0xAD24; record 18	group-compressed	あくま「このからだは わしがもらった{CTRL:1} かみのことあくまの うつくしいゆうごうが{CTRL:0} いま かんせいしたのだ／」	あくま「このからだは わしがもらった ⟦CTRL:1⟧  かみのことあくまの うつくしいゆうごうが ⟦CTRL:0⟧  いま かんせいしたのだ／」	akuma「konokaradaha washigamoratta /  kaminokotoakumano utsukushiiyuugouga /  ima kanseishitanoda／」	あくま「このからだは わしがもらった かみのことあくまの うつくしいゆうごうが いま かんせいしたのだ／」	Devil: This form is mine{CTRL:1}God's child and Devil{CTRL:0}are beautifully fused!	Devil: This form is mine ⟦CTRL:1⟧ God's child and Devil ⟦CTRL:0⟧ are beautifully fused!	1,0	1,0	yes	hiragana:45; katakana:0; kanji:0; Latin:0; digits:0; phonetic hiragana orthography	わし: elderly or authoritative masculine first person; character voice, not necessarily regional	あくま → 悪魔 | からだ → 体 | かみ → 神/紙/髪		medium		
1205	TT6C	TT6C/g0/r19	scenario	group 0 @ 0xAD24; record 19	group-compressed	おれ「くたばれ あくま／」{CTRL:1}あくま「けけけ…… そうかんたんに いくかな！」	おれ「くたばれ あくま／」 ⟦CTRL:1⟧ あくま「けけけ…… そうかんたんに いくかな！」	ore「kutabare akuma／」 / akuma「kekeke…… soukantanni ikukana！」	おれ「くたばれ あくま／」あくま「けけけ…… そうかんたんに いくかな！」	Me: Die, Devil!{CTRL:1}Devil: Heh... not easy!	Me: Die, Devil! ⟦CTRL:1⟧ Devil: Heh... not easy!	1	1	yes	hiragana:26; katakana:0; kanji:0; Latin:0; digits:0; phonetic hiragana orthography	おれ: plain-to-rough masculine first person	あくま → 悪魔	ellipsis carries timing/hesitation tone	medium		
1206	TT6C	TT6C/g0/r20	scenario	group 0 @ 0xAD24; record 20	group-compressed	すべてが おわった……{CTRL:1}これでなにもかも もとのままだ……	すべてが おわった…… ⟦CTRL:1⟧ これでなにもかも もとのままだ……	subetega owatta…… / koredenanimokamo motonomamada……	すべてが おわった……これでなにもかも もとのままだ……	It is all over...{CTRL:1}all is restored...	It is all over... ⟦CTRL:1⟧ all is restored...	1	1	yes	hiragana:22; katakana:0; kanji:0; Latin:0; digits:0; phonetic hiragana orthography		Source suppresses normal kanji/katakana distinctions; restore only with context	ellipsis carries timing/hesitation tone	medium		
1207	TT6C	TT6C/g0/r21	scenario	group 0 @ 0xAD24; record 21	group-compressed	けっこうひろいが ふけつ／	けっこうひろいが ふけつ／	kekkouhiroiga fuketsu／	けっこうひろいが ふけつ／	Spacious, but filthy!	Spacious, but filthy!			yes	hiragana:11; katakana:0; kanji:0; Latin:0; digits:0; phonetic hiragana orthography		Source suppresses normal kanji/katakana distinctions; restore only with context		medium		
1208	TT6C	TT6C/g0/r22	scenario	group 0 @ 0xAD24; record 22	group-compressed	だれかくる……	だれかくる……	darekakuru……	だれかくる……	Someone is coming...	Someone is coming...			yes	hiragana:5; katakana:0; kanji:0; Latin:0; digits:0; phonetic hiragana orthography		Source suppresses normal kanji/katakana distinctions; restore only with context	ellipsis carries timing/hesitation tone	medium		
1209	TT6C	TT6C/g0/r23	scenario	group 0 @ 0xAD24; record 23	group-compressed	よせふ「あ あなたがたは……」{CTRL:1}かすぱる「ひがしのくにより まいりました{CTRL:0} せんせいじゅつしに ござります」{CTRL:6}ばるたざーる「かみのこを ひとめおがみに…」{CTRL:3}めるきおーる「ほしにみちびかれて まいりました」	よせふ「あ あなたがたは……」 ⟦CTRL:1⟧ かすぱる「ひがしのくにより まいりました ⟦CTRL:0⟧  せんせいじゅつしに ござります」 ⟦CTRL:6⟧ ばるたざーる「かみのこを ひとめおがみに…」 ⟦CTRL:3⟧ めるきおーる「ほしにみちびかれて まいりました」	yosefu「a anatagataha……」 / kasuparu「higashinokuniyori mairimashita /  senseijutsushini gozarimasu」 / barutazaaru「kaminokoo hitomeogamini…」 / merukiooru「hoshinimichibikarete mairimashita」	よせふ「あ あなたがたは……」かすぱる「ひがしのくにより まいりました せんせいじゅつしに ござります」ばるたざーる「かみのこを ひとめおがみに…」めるきおーる「ほしにみちびかれて まいりました」	Joseph: W-who are you...{CTRL:1}Caspar: From the East.{CTRL:0}We are astrologers.{CTRL:6}We came to worship him.{CTRL:3}Melchior: A star led us.	Joseph: W-who are you... ⟦CTRL:1⟧ Caspar: From the East. ⟦CTRL:0⟧ We are astrologers. ⟦CTRL:6⟧ We came to worship him. ⟦CTRL:3⟧ Melchior: A star led us.	1,0,6,3	1,0,6,3	yes	hiragana:79; katakana:2; kanji:0; Latin:0; digits:0	です/ます: polite register	せんせい → 先生 | かみ → 神/紙/髪	ellipsis carries timing/hesitation tone	medium		
1210	TT6C	TT6C/g0/r24	scenario	group 0 @ 0xAD24; record 24	group-compressed	さっきまでのさわぎが うそのようだ	さっきまでのさわぎが うそのようだ	sakkimadenosawagiga usonoyouda	さっきまでのさわぎが うそのようだ	The uproar seems unreal.	The uproar seems unreal.			yes	hiragana:16; katakana:0; kanji:0; Latin:0; digits:0; phonetic hiragana orthography		Source suppresses normal kanji/katakana distinctions; restore only with context		medium		
1211	TT6C	TT6C/g0/r25	scenario	group 0 @ 0xAD24; record 25	group-compressed	めをほそめて あかんぼうをみている	めをほそめて あかんぼうをみている	meohosomete akanbouomiteiru	めをほそめて あかんぼうをみている	He gazes at the baby.	He gazes at the baby.			yes	hiragana:16; katakana:0; kanji:0; Latin:0; digits:0; phonetic hiragana orthography		Source suppresses normal kanji/katakana distinctions; restore only with context		medium		
1212	TT6C	TT6C/g0/r26	scenario	group 0 @ 0xAD24; record 26	group-compressed	ぽかんと くちをあけている	ぽかんと くちをあけている	pokanto kuchioaketeiru	ぽかんと くちをあけている	He stares, mouth agape.	He stares, mouth agape.			yes	hiragana:12; katakana:0; kanji:0; Latin:0; digits:0; phonetic hiragana orthography		Source suppresses normal kanji/katakana distinctions; restore only with context		medium		
1213	TT6C	TT6C/g0/r27	scenario	group 0 @ 0xAD24; record 27	group-compressed	いとしげに あかんぼうをだいている	いとしげに あかんぼうをだいている	itoshigeni akanbouodaiteiru	いとしげに あかんぼうをだいている	She cradles the baby.	She cradles the baby.			yes	hiragana:16; katakana:0; kanji:0; Latin:0; digits:0; phonetic hiragana orthography		Source suppresses normal kanji/katakana distinctions; restore only with context		medium		
1214	TT6C	TT6C/g0/r28	scenario	group 0 @ 0xAD24; record 28	group-compressed	すやすやと ねむっている{CTRL:1}よせふ「てんしの おつげどおり{CTRL:0} でーもんと なづけよう」	すやすやと ねむっている ⟦CTRL:1⟧ よせふ「てんしの おつげどおり ⟦CTRL:0⟧  でーもんと なづけよう」	suyasuyato nemutteiru / yosefu「tenshino otsugedoori /  deemonto nazukeyou」	すやすやと ねむっているよせふ「てんしの おつげどおり でーもんと なづけよう」	The baby sleeps soundly.{CTRL:1}Joseph: The angel said{CTRL:0}we shall call him Demon.	The baby sleeps soundly. ⟦CTRL:1⟧ Joseph: The angel said ⟦CTRL:0⟧ we shall call him Demon.	1,0	1,0	yes	hiragana:33; katakana:1; kanji:0; Latin:0; digits:0		Source suppresses normal kanji/katakana distinctions; restore only with context		medium		
1215	TT6C	TT6C/g0/r29	scenario	group 0 @ 0xAD24; record 29	group-compressed	しんみょうなかおで あかんぼうをながめている	しんみょうなかおで あかんぼうをながめている	shinmyounakaode akanbouonagameteiru	しんみょうなかおで あかんぼうをながめている	He studies the baby.	He studies the baby.			yes	hiragana:21; katakana:0; kanji:0; Latin:0; digits:0; phonetic hiragana orthography		Source suppresses normal kanji/katakana distinctions; restore only with context		medium		
1216	TT6C	TT6C/g0/r30	scenario	group 0 @ 0xAD24; record 30	group-compressed	じぶんのからだを じっくりみるなんて{CTRL:0}はじめてだ	じぶんのからだを じっくりみるなんて ⟦CTRL:0⟧ はじめてだ	jibunnokaradao jikkurimirunante / hajimeteda	じぶんのからだを じっくりみるなんてはじめてだ	My first good look{CTRL:0}at my own body.	My first good look ⟦CTRL:0⟧ at my own body.	0	0	yes	hiragana:22; katakana:0; kanji:0; Latin:0; digits:0; phonetic hiragana orthography		からだ → 体		low		
1217	TT6C	TT6C/g0/r31	scenario	group 0 @ 0xAD24; record 31	group-compressed	やっぱしいいなあ じぶんのからだは……	やっぱしいいなあ じぶんのからだは……	yappashiiinaa jibunnokaradaha……	やっぱしいいなあ じぶんのからだは……	My own body is best.	My own body is best.			yes	hiragana:16; katakana:0; kanji:0; Latin:0; digits:0; phonetic hiragana orthography		からだ → 体	ellipsis carries timing/hesitation tone	low		
1218	TT6C	TT6C/g1/r0	scenario	group 1 @ 0xB083; record 0	group-compressed	うめきごえを あげている	うめきごえを あげている	umekigoeo ageteiru	うめきごえを あげている	He is groaning.	He is groaning.			yes	hiragana:11; katakana:0; kanji:0; Latin:0; digits:0; phonetic hiragana orthography		Source suppresses normal kanji/katakana distinctions; restore only with context		medium		
1219	TT6C	TT6C/g1/r1	scenario	group 1 @ 0xB083; record 1	group-compressed	おしりが ちょっといたいほかは{CTRL:0}べつじょうない{CTRL:2}こしに たいむべるとをまいている	おしりが ちょっといたいほかは ⟦CTRL:0⟧ べつじょうない ⟦CTRL:2⟧ こしに たいむべるとをまいている	oshiriga chottoitaihokaha / betsujounai / koshini taimuberutoomaiteiru	おしりが ちょっといたいほかはべつじょうないこしに たいむべるとをまいている	Only my rear is sore.{CTRL:0}Otherwise, I am fine.{CTRL:2}The Time Belt is on me.	Only my rear is sore. ⟦CTRL:0⟧ Otherwise, I am fine. ⟦CTRL:2⟧ The Time Belt is on me.	0,2	0,2	yes	hiragana:36; katakana:0; kanji:0; Latin:0; digits:0; phonetic hiragana orthography		たいむ → タイム | べると → ベルト		low		
1220	TT6C	TT6C/g1/r2	scenario	group 1 @ 0xB083; record 2	group-compressed	みたところ ふつうのべるとだ	みたところ ふつうのべるとだ	mitatokoro futsuunoberutoda	みたところ ふつうのべるとだ	An ordinary belt.	An ordinary belt.			yes	hiragana:13; katakana:0; kanji:0; Latin:0; digits:0; phonetic hiragana orthography		べると → ベルト		low		
1221	TT6C	TT6C/g1/r3	scenario	group 1 @ 0xB083; record 3	group-compressed	あのなかに あくまが……	あのなかに あくまが……	anonakani akumaga……	あのなかに あくまが……	The Devil is in there...	The Devil is in there...			yes	hiragana:9; katakana:0; kanji:0; Latin:0; digits:0; phonetic hiragana orthography		あくま → 悪魔	ellipsis carries timing/hesitation tone	low		
1222	TT6C	TT6C/g1/r4	scenario	group 1 @ 0xB083; record 4	group-compressed	だれもいない	だれもいない	daremoinai	だれもいない	Nobody is here.	Nobody is here.			yes	hiragana:6; katakana:0; kanji:0; Latin:0; digits:0; phonetic hiragana orthography		Source suppresses normal kanji/katakana distinctions; restore only with context		medium		
1223	TT6C	TT6C/g1/r5	scenario	group 1 @ 0xB083; record 5	group-compressed	おれ「ひひーーん／」	おれ「ひひーーん／」	ore「hihiiin／」	おれ「ひひーーん／」	Me: Hee-haw!	Me: Hee-haw!			yes	hiragana:5; katakana:2; kanji:0; Latin:0; digits:0	おれ: plain-to-rough masculine first person	Source suppresses normal kanji/katakana distinctions; restore only with context		medium		
1224	TT6C	TT6C/g1/r6	scenario	group 1 @ 0xB083; record 6	group-compressed	たくさんいるわりに みょうにしずかだ	たくさんいるわりに みょうにしずかだ	takusaniruwarini myounishizukada	たくさんいるわりに みょうにしずかだ	Many animals. So quiet.	Many animals. So quiet.			yes	hiragana:17; katakana:0; kanji:0; Latin:0; digits:0; phonetic hiragana orthography		Source suppresses normal kanji/katakana distinctions; restore only with context		medium		
1225	TT6C	TT6C/g1/r7	scenario	group 1 @ 0xB083; record 7	group-compressed	…………………………………………	…………………………………………	…………………………………………	…………………………………………	........................	........................			yes	hiragana:0; katakana:0; kanji:0; Latin:0; digits:0			ellipsis carries timing/hesitation tone	low		
1226	TT6C	TT6C/g1/r8	scenario	group 1 @ 0xB083; record 8	group-compressed	かすぱる「これは ささげものにござります{CTRL:0} どうか おうけとりいただきますよう……」	かすぱる「これは ささげものにござります ⟦CTRL:0⟧  どうか おうけとりいただきますよう……」	kasuparu「koreha sasagemononigozarimasu /  douka ouketoriitadakimasuyou……」	かすぱる「これは ささげものにござります どうか おうけとりいただきますよう……」	Caspar: These are gifts.{CTRL:0}Please accept them...	Caspar: These are gifts. ⟦CTRL:0⟧ Please accept them...	0	0	yes	hiragana:34; katakana:0; kanji:0; Latin:0; digits:0; phonetic hiragana orthography		Source suppresses normal kanji/katakana distinctions; restore only with context	ellipsis carries timing/hesitation tone	medium		
1227	TT6C	TT6C/g1/r9	scenario	group 1 @ 0xB083; record 9	group-compressed	よせふ「ありがとうございます でーもんも{CTRL:0} きっと よろこんでいますよ」{CTRL:2}めるきおーる「でーもん！」{CTRL:0}ばるたざーる「なんですかな そのふきつな{CTRL:4} なまえは……」{CTRL:3}よせふ「え！ いや… でも てんしさまが……」{CTRL:4}{CTRL:3}……「ふきつなものか もっともふさわしい なだ」	よせふ「ありがとうございます でーもんも ⟦CTRL:0⟧  きっと よろこんでいますよ」 ⟦CTRL:2⟧ めるきおーる「でーもん！」 ⟦CTRL:0⟧ ばるたざーる「なんですかな そのふきつな ⟦CTRL:4⟧  なまえは……」 ⟦CTRL:3⟧ よせふ「え！ いや… でも てんしさまが……」 ⟦CTRL:4⟧  ⟦CTRL:3⟧ ……「ふきつなものか もっともふさわしい なだ」	yosefu「arigatougozaimasu deemonmo /  kitto yorokondeimasuyo」 / merukiooru「deemon！」 / barutazaaru「nandesukana sonofukitsuna /  namaeha……」 / yosefu「e！ iya… demo tenshisamaga……」 /  / ……「fukitsunamonoka mottomofusawashii nada」	よせふ「ありがとうございます でーもんも きっと よろこんでいますよ」めるきおーる「でーもん！」ばるたざーる「なんですかな そのふきつな なまえは……」よせふ「え！ いや… でも てんしさまが……」……「ふきつなものか もっともふさわしい なだ」	Joseph: Thank you. Demon{CTRL:0}will be so delighted.{CTRL:2}Melchior: Demon?!{CTRL:0}Balthazar: An ominous{CTRL:4}name that is...{CTRL:3}Joseph: But the angel...{CTRL:4}{CTRL:3}Voice: The perfect name.	Joseph: Thank you. Demon ⟦CTRL:0⟧ will be so delighted. ⟦CTRL:2⟧ Melchior: Demon?! ⟦CTRL:0⟧ Balthazar: An ominous ⟦CTRL:4⟧ name that is... ⟦CTRL:3⟧ Joseph: But the angel... ⟦CTRL:4⟧  ⟦CTRL:3⟧ Voice: The perfect name.	0,2,0,4,3,4,3	0,2,0,4,3,4,3	yes	hiragana:90; katakana:4; kanji:0; Latin:0; digits:0	わし: elderly or authoritative masculine first person; character voice, not necessarily regional | さま: -sama: high respect, worship, status, or irony	なまえ → 名前	ellipsis carries timing/hesitation tone	medium		
1228	TT6C	TT6C/g1/r10	scenario	group 1 @ 0xB083; record 10	group-compressed	で でたでた……／{CTRL:0}{CTRL:2}よせふ「てんしさま／」{CTRL:6}あくま「たまのような みどりごに かみも{CTRL:4} よろこんでおられる{CTRL:3} さっそく せんれいをさずけよう{CTRL:4} さあ でーもんをこちらへ……」	で でたでた……／ ⟦CTRL:0⟧  ⟦CTRL:2⟧ よせふ「てんしさま／」 ⟦CTRL:6⟧ あくま「たまのような みどりごに かみも ⟦CTRL:4⟧  よろこんでおられる ⟦CTRL:3⟧  さっそく せんれいをさずけよう ⟦CTRL:4⟧  さあ でーもんをこちらへ……」	de detadeta……／ /  / yosefu「tenshisama／」 / akuma「tamanoyouna midorigoni kamimo /  yorokondeorareru /  sassoku senreiosazukeyou /  saa deemonokochirahe……」	で でたでた……／よせふ「てんしさま／」あくま「たまのような みどりごに かみも よろこんでおられる さっそく せんれいをさずけよう さあ でーもんをこちらへ……」	H-he appeared again...!{CTRL:0}{CTRL:2}Joseph: Angel!{CTRL:6}Devil: God delights in{CTRL:4}this beautiful infant.{CTRL:3}Let me baptize him now.{CTRL:4}Bring Demon to me...	H-he appeared again...! ⟦CTRL:0⟧  ⟦CTRL:2⟧ Joseph: Angel! ⟦CTRL:6⟧ Devil: God delights in ⟦CTRL:4⟧ this beautiful infant. ⟦CTRL:3⟧ Let me baptize him now. ⟦CTRL:4⟧ Bring Demon to me...	0,2,6,4,3,4	0,2,6,4,3,4	yes	hiragana:63; katakana:1; kanji:0; Latin:0; digits:0	さま: -sama: high respect, worship, status, or irony	あくま → 悪魔 | かみ → 神/紙/髪	ellipsis carries timing/hesitation tone	medium		
1229	TT6C	TT6C/g1/r11	scenario	group 1 @ 0xB083; record 11	group-compressed	まりあ「……」{CTRL:1}よせふ「どうしたまりあ はやくてんしさまに…」{CTRL:0}まりあ「わたしません……」{CTRL:0}あくま「なに！」{CTRL:3}まりあ「あなたはてんしじゃない そのめをみれば{CTRL:4} わかります／」{CTRL:3}あくま「……」	まりあ「……」 ⟦CTRL:1⟧ よせふ「どうしたまりあ はやくてんしさまに…」 ⟦CTRL:0⟧ まりあ「わたしません……」 ⟦CTRL:0⟧ あくま「なに！」 ⟦CTRL:3⟧ まりあ「あなたはてんしじゃない そのめをみれば ⟦CTRL:4⟧  わかります／」 ⟦CTRL:3⟧ あくま「……」	maria「……」 / yosefu「doushitamaria hayakutenshisamani…」 / maria「watashimasen……」 / akuma「nani！」 / maria「anatahatenshijanai sonomeomireba /  wakarimasu／」 / akuma「……」	まりあ「……」よせふ「どうしたまりあ はやくてんしさまに…」まりあ「わたしません……」あくま「なに！」まりあ「あなたはてんしじゃない そのめをみれば わかります／」あくま「……」	Mary: ...{CTRL:1}Joseph: Give him over.{CTRL:0}Mary: I will not.{CTRL:0}Devil: What?!{CTRL:3}Mary: You are no angel.{CTRL:4}I see it in your eyes!{CTRL:3}Devil: ...	Mary: ... ⟦CTRL:1⟧ Joseph: Give him over. ⟦CTRL:0⟧ Mary: I will not. ⟦CTRL:0⟧ Devil: What?! ⟦CTRL:3⟧ Mary: You are no angel. ⟦CTRL:4⟧ I see it in your eyes! ⟦CTRL:3⟧ Devil: ...	1,0,0,3,4,3	1,0,0,3,4,3	yes	hiragana:65; katakana:0; kanji:0; Latin:0; digits:0; phonetic hiragana orthography	じゃ: old-person/western-style copula; context decides voice versus region | さま: -sama: high respect, worship, status, or irony	あくま → 悪魔	ellipsis carries timing/hesitation tone	medium		
1230	TT6C	TT6C/g1/r12	scenario	group 1 @ 0xB083; record 12	group-compressed	ばるたざーる「あくま だな……」{CTRL:0}よせふ「あくま／！」{CTRL:2}あくま「……かわいそうな やつらだ{CTRL:6} おとなしくだまされていれば しななくて{CTRL:4} すんだものを……」{CTRL:3}まりあ「なぜ このこを……！」{CTRL:3}あくま「ききたいか！ ならばおしえてやる{CTRL:4} わしとそのあかんぼうとの いんねんを……」	ばるたざーる「あくま だな……」 ⟦CTRL:0⟧ よせふ「あくま／！」 ⟦CTRL:2⟧ あくま「……かわいそうな やつらだ ⟦CTRL:6⟧  おとなしくだまされていれば しななくて ⟦CTRL:4⟧  すんだものを……」 ⟦CTRL:3⟧ まりあ「なぜ このこを……！」 ⟦CTRL:3⟧ あくま「ききたいか！ ならばおしえてやる ⟦CTRL:4⟧  わしとそのあかんぼうとの いんねんを……」	barutazaaru「akuma dana……」 / yosefu「akuma／！」 / akuma「……kawaisouna yatsurada /  otonashikudamasareteireba shinanakute /  sundamonoo……」 / maria「naze konokoo……！」 / akuma「kikitaika！ narabaoshieteyaru /  washitosonoakanboutono inneno……」	ばるたざーる「あくま だな……」よせふ「あくま／！」あくま「……かわいそうな やつらだ おとなしくだまされていれば しななくて すんだものを……」まりあ「なぜ このこを……！」あくま「ききたいか！ ならばおしえてやる わしとそのあかんぼうとの いんねんを……」	Balthazar: A devil...{CTRL:0}Joseph: A devil?!{CTRL:2}Devil: Poor fools.{CTRL:6}Had you stayed deceived,{CTRL:4}you would have lived...{CTRL:3}Mary: Why my child?!{CTRL:3}Devil: You wish to know?{CTRL:4}Then hear our history...	Balthazar: A devil... ⟦CTRL:0⟧ Joseph: A devil?! ⟦CTRL:2⟧ Devil: Poor fools. ⟦CTRL:6⟧ Had you stayed deceived, ⟦CTRL:4⟧ you would have lived... ⟦CTRL:3⟧ Mary: Why my child?! ⟦CTRL:3⟧ Devil: You wish to know? ⟦CTRL:4⟧ Then hear our history...	0,2,6,4,3,3,4	0,2,6,4,3,3,4	yes	hiragana:96; katakana:1; kanji:0; Latin:0; digits:0	わし: elderly or authoritative masculine first person; character voice, not necessarily regional	あくま → 悪魔 | おとな → 大人	ellipsis carries timing/hesitation tone	medium		
1231	TT6C	TT6C/g1/r13	scenario	group 1 @ 0xB083; record 13	group-compressed	なにを！	なにを！	nanio！	なにを！	What?!	What?!			yes	hiragana:3; katakana:0; kanji:0; Latin:0; digits:0; phonetic hiragana orthography		Source suppresses normal kanji/katakana distinctions; restore only with context		medium		
1232	TT6C	TT6C/g1/r14	scenario	group 1 @ 0xB083; record 14	group-compressed	ばっくるをあけると なかが{CTRL:0}こんとろーるぱねるに なっている{CTRL:2}ひょうじすくりーんと たっちせんさーの{CTRL:0}きーがある	ばっくるをあけると なかが ⟦CTRL:0⟧ こんとろーるぱねるに なっている ⟦CTRL:2⟧ ひょうじすくりーんと たっちせんさーの ⟦CTRL:0⟧ きーがある	bakkuruoakeruto nakaga / kontoroorupaneruni natteiru / hyoujisukuriinto tatchisensaano / kiigaaru	ばっくるをあけると なかがこんとろーるぱねるに なっているひょうじすくりーんと たっちせんさーのきーがある	Open the buckle to find{CTRL:0}a control panel inside.{CTRL:2}It has a display and{CTRL:0}touch-sensitive keys.	Open the buckle to find ⟦CTRL:0⟧ a control panel inside. ⟦CTRL:2⟧ It has a display and ⟦CTRL:0⟧ touch-sensitive keys.	0,2,0	0,2,0	yes	hiragana:46; katakana:4; kanji:0; Latin:0; digits:0		Source suppresses normal kanji/katakana distinctions; restore only with context		medium		
1233	TT6C	TT6C/g1/r15	scenario	group 1 @ 0xB083; record 15	group-compressed	おれ「ああ… やっともどれるんだ……」{CTRL:1}おれは ふるえるゆびで しんちょうに{CTRL:0}きーを おしていった{CTRL:6}1995ねんの 9がつ25にち{CTRL:3}あくまがでるまえの あの はくぶつかんへ……	おれ「ああ… やっともどれるんだ……」 ⟦CTRL:1⟧ おれは ふるえるゆびで しんちょうに ⟦CTRL:0⟧ きーを おしていった ⟦CTRL:6⟧ 1995ねんの 9がつ25にち ⟦CTRL:3⟧ あくまがでるまえの あの はくぶつかんへ……	ore「aa… yattomodorerunda……」 / oreha furueruyubide shinchouni / kiio oshiteitta / 1995nenno 9gatsu25nichi / akumagaderumaeno ano hakubutsukanhe……	おれ「ああ… やっともどれるんだ……」おれは ふるえるゆびで しんちょうにきーを おしていった1995ねんの 9がつ25にちあくまがでるまえの あの はくぶつかんへ……	Me: I can return!{CTRL:1}With a trembling finger,{CTRL:0}I press each key.{CTRL:6}September 25, 1995.{CTRL:3}To museum, pre-Devil.	Me: I can return! ⟦CTRL:1⟧ With a trembling finger, ⟦CTRL:0⟧ I press each key. ⟦CTRL:6⟧ September 25, 1995. ⟦CTRL:3⟧ To museum, pre-Devil.	1,0,6,3	1,0,6,3	yes	hiragana:62; katakana:1; kanji:0; Latin:0; digits:7	おれ: plain-to-rough masculine first person	はくぶつかん → 博物館 | あくま → 悪魔	source numerals ['1995', '9', '25']; verify dates/counts and Japanese ordering | ellipsis carries timing/hesitation tone	medium		
1234	TT6C	TT6C/g1/r16	scenario	group 1 @ 0xB083; record 16	group-compressed	……「あのとき… といっても いまからかぞえれば{CTRL:0} 30ねんごのことだ{CTRL:2} わしは しゅぎょうをつんでいたこいつのまえに{CTRL:0} あらわれ ゆうわくをこころみた」	……「あのとき… といっても いまからかぞえれば ⟦CTRL:0⟧  30ねんごのことだ ⟦CTRL:2⟧  わしは しゅぎょうをつんでいたこいつのまえに ⟦CTRL:0⟧  あらわれ ゆうわくをこころみた」	……「anotoki… toittemo imakarakazoereba /  30nengonokotoda /  washiha shugyouotsundeitakoitsunomaeni /  araware yuuwakuokokoromita」	……「あのとき… といっても いまからかぞえれば 30ねんごのことだ わしは しゅぎょうをつんでいたこいつのまえに あらわれ ゆうわくをこころみた」	Voice: Back then...{CTRL:0}thirty years from now.{CTRL:2}I appeared as he trained{CTRL:0}and tried to tempt him.	Voice: Back then... ⟦CTRL:0⟧ thirty years from now. ⟦CTRL:2⟧ I appeared as he trained ⟦CTRL:0⟧ and tried to tempt him.	0,2,0	0,2,0	yes	hiragana:60; katakana:0; kanji:0; Latin:0; digits:2; phonetic hiragana orthography	わし: elderly or authoritative masculine first person; character voice, not necessarily regional	こころ → 心	source numerals ['30']; verify dates/counts and Japanese ordering | ellipsis carries timing/hesitation tone	medium		
1235	TT6C	TT6C/g1/r17	scenario	group 1 @ 0xB083; record 17	group-compressed	あくま「さぞかし はらがへったことだろう{CTRL:0} しゅぎょうなどやめて うえをみたすがいい{CTRL:2} もし おまえがかみのこなら ここにあるいしを{CTRL:0} ぱんに かえられるはずだ」{CTRL:3}いえす「ひとはぱんのみで いきているのではない{CTRL:4} かみのことばによって いきるのだ」	あくま「さぞかし はらがへったことだろう ⟦CTRL:0⟧  しゅぎょうなどやめて うえをみたすがいい ⟦CTRL:2⟧  もし おまえがかみのこなら ここにあるいしを ⟦CTRL:0⟧  ぱんに かえられるはずだ」 ⟦CTRL:3⟧ いえす「ひとはぱんのみで いきているのではない ⟦CTRL:4⟧  かみのことばによって いきるのだ」	akuma「sazokashi haragahettakotodarou /  shugyounadoyamete ueomitasugaii /  moshi omaegakaminokonara kokoniaruishio /  panni kaerareruhazuda」 / iesu「hitohapannomide ikiteirunodehanai /  kaminokotobaniyotte ikirunoda」	あくま「さぞかし はらがへったことだろう しゅぎょうなどやめて うえをみたすがいい もし おまえがかみのこなら ここにあるいしを ぱんに かえられるはずだ」いえす「ひとはぱんのみで いきているのではない かみのことばによって いきるのだ」	Devil: Hungry, are you?{CTRL:0}Quit training. Eat.{CTRL:2}If you are God's child,{CTRL:0}turn stone into bread.{CTRL:3}Jesus: Man lives not on{CTRL:4}bread, by God's word.	Devil: Hungry, are you? ⟦CTRL:0⟧ Quit training. Eat. ⟦CTRL:2⟧ If you are God's child, ⟦CTRL:0⟧ turn stone into bread. ⟦CTRL:3⟧ Jesus: Man lives not on ⟦CTRL:4⟧ bread, by God's word.	0,2,0,3,4	0,2,0,3,4	yes	hiragana:104; katakana:0; kanji:0; Latin:0; digits:0; phonetic hiragana orthography	おまえ: familiar or rough second person; relationship and tone matter	いえす → イエス (Jesus or 'yes'; context is essential) | あくま → 悪魔 | ことば → 言葉 | いきる → 生きる | ひと → 人 | かみ → 神/紙/髪		medium		
1236	TT6C	TT6C/g1/r18	scenario	group 1 @ 0xB083; record 18	group-compressed	あくま「みろ／ このすばらしいながめを{CTRL:1} わしのまえにひれふし ちゅうせいをちかえば{CTRL:0} このせかいのすべてを きさまにやろう{CTRL:6} どうだ ふりなとりひきではあるまい！」	あくま「みろ／ このすばらしいながめを ⟦CTRL:1⟧  わしのまえにひれふし ちゅうせいをちかえば ⟦CTRL:0⟧  このせかいのすべてを きさまにやろう ⟦CTRL:6⟧  どうだ ふりなとりひきではあるまい！」	akuma「miro／ konosubarashiinagameo /  washinomaenihirefushi chuuseiochikaeba /  konosekainosubeteo kisamaniyarou /  douda furinatorihikidehaarumai！」	あくま「みろ／ このすばらしいながめを わしのまえにひれふし ちゅうせいをちかえば このせかいのすべてを きさまにやろう どうだ ふりなとりひきではあるまい！」	Devil: Behold the view!{CTRL:1}Bow and swear loyalty,{CTRL:0}all the world is yours.{CTRL:6}A fair bargain, yes?	Devil: Behold the view! ⟦CTRL:1⟧ Bow and swear loyalty, ⟦CTRL:0⟧ all the world is yours. ⟦CTRL:6⟧ A fair bargain, yes?	1,0,6	1,0,6	yes	hiragana:69; katakana:0; kanji:0; Latin:0; digits:0; phonetic hiragana orthography	わし: elderly or authoritative masculine first person; character voice, not necessarily regional | きさま: hostile/contemptuous second person in modern usage | まい: literary negative intention or conjecture	せかい → 世界 | あくま → 悪魔		medium		
1237	TT6C	TT6C/g1/r19	scenario	group 1 @ 0xB083; record 19	group-compressed	いえす「せいしょには かみのみにつかえよ と{CTRL:0} かかれている／ なんびとたりとも{CTRL:0} わたしのこころを うごかすことはできない／」{CTRL:6}あくま「うぬぬ…／」	いえす「せいしょには かみのみにつかえよ と ⟦CTRL:0⟧  かかれている／ なんびとたりとも ⟦CTRL:0⟧  わたしのこころを うごかすことはできない／」 ⟦CTRL:6⟧ あくま「うぬぬ…／」	iesu「seishoniha kaminominitsukaeyo to /  kakareteiru／ nanbitotaritomo /  watashinokokoroo ugokasukotohadekinai／」 / akuma「ununu…／」	いえす「せいしょには かみのみにつかえよ と かかれている／ なんびとたりとも わたしのこころを うごかすことはできない／」あくま「うぬぬ…／」	Jesus: Scripture says{CTRL:0}serve God alone.{CTRL:0}None can sway my heart!{CTRL:6}Devil: Grrr...!	Jesus: Scripture says ⟦CTRL:0⟧ serve God alone. ⟦CTRL:0⟧ None can sway my heart! ⟦CTRL:6⟧ Devil: Grrr...!	0,0,6	0,0,6	yes	hiragana:58; katakana:0; kanji:0; Latin:0; digits:0; phonetic hiragana orthography	ぬ: literary/archaic negative	いえす → イエス (Jesus or 'yes'; context is essential) | せいしょ → 聖書 | あくま → 悪魔 | こころ → 心 | かみ → 神/紙/髪	ellipsis carries timing/hesitation tone	medium		
1238	TT6C	TT6C/g1/r20	scenario	group 1 @ 0xB083; record 20	group-compressed	いえす「あくまよ しりぞけ／{CTRL:0} せいなる このつぼにはいり ふかきぬまのそこに{CTRL:0} みをしずめるがよい／」{CTRL:6}あくま「やや やめろ／ やめないか／{CTRL:4} うわあーーーっ／／」	いえす「あくまよ しりぞけ／ ⟦CTRL:0⟧  せいなる このつぼにはいり ふかきぬまのそこに ⟦CTRL:0⟧  みをしずめるがよい／」 ⟦CTRL:6⟧ あくま「やや やめろ／ やめないか／ ⟦CTRL:4⟧  うわあーーーっ／／」	iesu「akumayo shirizoke／ /  seinaru konotsubonihairi fukakinumanosokoni /  mioshizumerugayoi／」 / akuma「yaya yamero／ yamenaika／ /  uwaaaaa／／」	いえす「あくまよ しりぞけ／ せいなる このつぼにはいり ふかきぬまのそこに みをしずめるがよい／」あくま「やや やめろ／ やめないか／ うわあーーーっ／／」	Jesus: Begone, Devil!{CTRL:0}Enter this holy jar and{CTRL:0}sink in the deep swamp!{CTRL:6}Devil: S-stop! Stop it!{CTRL:4}Aaaaaaah!!	Jesus: Begone, Devil! ⟦CTRL:0⟧ Enter this holy jar and ⟦CTRL:0⟧ sink in the deep swamp! ⟦CTRL:6⟧ Devil: S-stop! Stop it! ⟦CTRL:4⟧ Aaaaaaah!!	0,0,6,4	0,0,6,4	yes	hiragana:58; katakana:3; kanji:0; Latin:0; digits:0		いえす → イエス (Jesus or 'yes'; context is essential) | あくま → 悪魔		medium		
1239	TT6C	TT6C/g1/r21	scenario	group 1 @ 0xB083; record 21	group-compressed	{CTRL:0}あれ／！	⟦CTRL:0⟧ あれ／！	 / are／！	あれ／！	{CTRL:0}What?!	⟦CTRL:0⟧ What?!	0	0	yes	hiragana:2; katakana:0; kanji:0; Latin:0; digits:0; phonetic hiragana orthography		Source suppresses normal kanji/katakana distinctions; restore only with context		medium		
1240	TT6C	TT6C/g1/r22	scenario	group 1 @ 0xB083; record 22	group-compressed	きぎは かれ たてものはくずれおちて{CTRL:0}がれきのやまを きずいている	きぎは かれ たてものはくずれおちて ⟦CTRL:0⟧ がれきのやまを きずいている	kigiha kare tatemonohakuzureochite / garekinoyamao kizuiteiru	きぎは かれ たてものはくずれおちてがれきのやまを きずいている	Dead trees. Ruins pile{CTRL:0}in heaps of rubble.	Dead trees. Ruins pile ⟦CTRL:0⟧ in heaps of rubble.	0	0	yes	hiragana:29; katakana:0; kanji:0; Latin:0; digits:0; phonetic hiragana orthography		Source suppresses normal kanji/katakana distinctions; restore only with context		medium		
1241	TT6C	TT6C/g1/r23	scenario	group 1 @ 0xB083; record 23	group-compressed	いちめんに しろいはいが しきつめられている	いちめんに しろいはいが しきつめられている	ichimenni shiroihaiga shikitsumerareteiru	いちめんに しろいはいが しきつめられている	White ash covers all.	White ash covers all.			yes	hiragana:20; katakana:0; kanji:0; Latin:0; digits:0; phonetic hiragana orthography		Source suppresses normal kanji/katakana distinctions; restore only with context		medium		
1242	TT6C	TT6C/g1/r24	scenario	group 1 @ 0xB083; record 24	group-compressed	1995 9 25 とうきょう{CTRL:1}まちがいない……	1995 9 25 とうきょう ⟦CTRL:1⟧ まちがいない……	1995 9 25 toukyou / machigainai……	1995 9 25 とうきょうまちがいない……	Tokyo, Sept. 25, 1995{CTRL:1}There is no doubt...	Tokyo, Sept. 25, 1995 ⟦CTRL:1⟧ There is no doubt...	1	1	yes	hiragana:11; katakana:0; kanji:0; Latin:0; digits:7; phonetic hiragana orthography		とうきょう → 東京	source numerals ['1995', '9', '25']; verify dates/counts and Japanese ordering | ellipsis carries timing/hesitation tone	low		
1243	TT6C	TT6C/g1/r25	scenario	group 1 @ 0xB083; record 25	group-compressed	ちかしつへの かいだんがつづいている	ちかしつへの かいだんがつづいている	chikashitsuheno kaidangatsuzuiteiru	ちかしつへの かいだんがつづいている	Stairs lead underground.	Stairs lead underground.			yes	hiragana:17; katakana:0; kanji:0; Latin:0; digits:0; phonetic hiragana orthography		Source suppresses normal kanji/katakana distinctions; restore only with context		medium		
1244	TT6C	TT6C/g1/r26	scenario	group 1 @ 0xB083; record 26	group-compressed	ねずみいっぴき いやしない	ねずみいっぴき いやしない	nezumiippiki iyashinai	ねずみいっぴき いやしない	Not a rat lives here.	Not a rat lives here.			yes	hiragana:12; katakana:0; kanji:0; Latin:0; digits:0; phonetic hiragana orthography		Source suppresses normal kanji/katakana distinctions; restore only with context		medium		
1245	TT6C	TT6C/g1/r27	scenario	group 1 @ 0xB083; record 27	group-compressed	あしもとのはいを はらうと……	あしもとのはいを はらうと……	ashimotonohaio harauto……	あしもとのはいを はらうと……	I brush away the ash...	I brush away the ash...			yes	hiragana:12; katakana:0; kanji:0; Latin:0; digits:0; phonetic hiragana orthography		Source suppresses normal kanji/katakana distinctions; restore only with context	ellipsis carries timing/hesitation tone	medium		
1246	TT6C	TT6C/g1/r28	scenario	group 1 @ 0xB083; record 28	group-compressed	{CTRL:0}なんだこりゃ…… まんほーるの ふたかな……！	⟦CTRL:0⟧ なんだこりゃ…… まんほーるの ふたかな……！	 / nandakorya…… manhooruno futakana……！	なんだこりゃ…… まんほーるの ふたかな……！	{CTRL:0}What is this? A manhole?	⟦CTRL:0⟧ What is this? A manhole?	0	0	yes	hiragana:15; katakana:1; kanji:0; Latin:0; digits:0		Source suppresses normal kanji/katakana distinctions; restore only with context	ellipsis carries timing/hesitation tone	medium		
1247	TT6C	TT6C/g1/r29	scenario	group 1 @ 0xB083; record 29	group-compressed	お！ うごくぞ……	お！ うごくぞ……	o！ ugokuzo……	お！ うごくぞ……	Oh! It moves...	Oh! It moves...			yes	hiragana:5; katakana:0; kanji:0; Latin:0; digits:0; phonetic hiragana orthography	ぞ: forceful assertion or command emphasis	Source suppresses normal kanji/katakana distinctions; restore only with context	ellipsis carries timing/hesitation tone	medium		
1248	TT6C	TT6C/g1/r30	scenario	group 1 @ 0xB083; record 30	group-compressed	なかに ふかいあながあいている	なかに ふかいあながあいている	nakani fukaianagaaiteiru	なかに ふかいあながあいている	A deep hole lies within.	A deep hole lies within.			yes	hiragana:14; katakana:0; kanji:0; Latin:0; digits:0; phonetic hiragana orthography		Source suppresses normal kanji/katakana distinctions; restore only with context		medium		
1249	TT6C	TT6C/g1/r31	scenario	group 1 @ 0xB083; record 31	group-compressed	いっぽ あるきだしたとたん{CTRL:0}なにかにつまづいた{CTRL:2}{CTRL:0}おれ「あた／」	いっぽ あるきだしたとたん ⟦CTRL:0⟧ なにかにつまづいた ⟦CTRL:2⟧  ⟦CTRL:0⟧ おれ「あた／」	ippo arukidashitatotan / nanikanitsumazuita /  / ore「ata／」	いっぽ あるきだしたとたんなにかにつまづいたおれ「あた／」	On my very first step,{CTRL:0}I trip over something.{CTRL:2}{CTRL:0}Me: Ouch!	On my very first step, ⟦CTRL:0⟧ I trip over something. ⟦CTRL:2⟧  ⟦CTRL:0⟧ Me: Ouch!	0,2,0	0,2,0	yes	hiragana:25; katakana:0; kanji:0; Latin:0; digits:0; phonetic hiragana orthography	おれ: plain-to-rough masculine first person	Source suppresses normal kanji/katakana distinctions; restore only with context		medium		
1250	TT6C	TT6C/g2/r0	scenario	group 2 @ 0xB4E2; record 0	group-compressed	なんか ここがきになる	なんか ここがきになる	nanka kokogakininaru	なんか ここがきになる	Something feels wrong.	Something feels wrong.			yes	hiragana:10; katakana:0; kanji:0; Latin:0; digits:0; phonetic hiragana orthography		Source suppresses normal kanji/katakana distinctions; restore only with context		medium		
1251	TT6C	TT6C/g2/r1	scenario	group 2 @ 0xB4E2; record 1	group-compressed	いったいのじんこつと のーとがある	いったいのじんこつと のーとがある	ittainojinkotsuto nootogaaru	いったいのじんこつと のーとがある	A skeleton and notebook.	A skeleton and notebook.			yes	hiragana:15; katakana:1; kanji:0; Latin:0; digits:0		Source suppresses normal kanji/katakana distinctions; restore only with context		medium		
1252	TT6C	TT6C/g2/r2	scenario	group 2 @ 0xB4E2; record 2	group-compressed	へやのすみに おおきながくぶちがたてられている{CTRL:0}なにかの えだな……	へやのすみに おおきながくぶちがたてられている ⟦CTRL:0⟧ なにかの えだな……	heyanosumini ookinagakubuchigataterareteiru / nanikano edana……	へやのすみに おおきながくぶちがたてられているなにかの えだな……	A large frame stands.{CTRL:0}It holds a painting...	A large frame stands. ⟦CTRL:0⟧ It holds a painting...	0	0	yes	hiragana:29; katakana:0; kanji:0; Latin:0; digits:0; phonetic hiragana orthography		Source suppresses normal kanji/katakana distinctions; restore only with context	ellipsis carries timing/hesitation tone	medium		
1253	TT6C	TT6C/g2/r3	scenario	group 2 @ 0xB4E2; record 3	group-compressed	「あくまのしょうぞう」	「あくまのしょうぞう」	「akumanoshouzou」	「あくまのしょうぞう」	"""Portrait of the Devil"""	"""Portrait of the Devil"""			yes	hiragana:9; katakana:0; kanji:0; Latin:0; digits:0; phonetic hiragana orthography		あくま → 悪魔		low		
1254	TT6C	TT6C/g2/r4	scenario	group 2 @ 0xB4E2; record 4	group-compressed	{CTRL:0}{CTRL:0}な… なんてこった……{CTRL:0}これは きりすとじゃないか……／{CTRL:3}……てことは あのときあくまがはいったのは{CTRL:4}つぼのなかじゃなくて……{CTRL:3}あかんぼう／！	⟦CTRL:0⟧  ⟦CTRL:0⟧ な… なんてこった…… ⟦CTRL:0⟧ これは きりすとじゃないか……／ ⟦CTRL:3⟧ ……てことは あのときあくまがはいったのは ⟦CTRL:4⟧ つぼのなかじゃなくて…… ⟦CTRL:3⟧ あかんぼう／！	 /  / na… nantekotta…… / koreha kirisutojanaika……／ / ……tekotoha anotokiakumagahaittanoha / tsubononakajanakute…… / akanbou／！	な… なんてこった……これは きりすとじゃないか……／……てことは あのときあくまがはいったのはつぼのなかじゃなくて……あかんぼう／！	{CTRL:0}{CTRL:0}N-no... it cannot be...{CTRL:0}This is Christ!{CTRL:3}Then the Devil entered{CTRL:4}not the jar, but...{CTRL:3}the infant?!	⟦CTRL:0⟧  ⟦CTRL:0⟧ N-no... it cannot be... ⟦CTRL:0⟧ This is Christ! ⟦CTRL:3⟧ Then the Devil entered ⟦CTRL:4⟧ not the jar, but... ⟦CTRL:3⟧ the infant?!	0,0,0,3,4,3	0,0,0,3,4,3	yes	hiragana:52; katakana:0; kanji:0; Latin:0; digits:0; phonetic hiragana orthography	じゃ: old-person/western-style copula; context decides voice versus region	きりすと → キリスト (Christ) | あくま → 悪魔	ellipsis carries timing/hesitation tone	medium		
1255	TT6C	TT6C/g2/r5	scenario	group 2 @ 0xB4E2; record 5	group-compressed	みぎてのほねに えんぴつがはさまっている{CTRL:1}かいているとちゅうで こときれたのだろう	みぎてのほねに えんぴつがはさまっている ⟦CTRL:1⟧ かいているとちゅうで こときれたのだろう	migitenohoneni enpitsugahasamatteiru / kaiteirutochuude kotokiretanodarou	みぎてのほねに えんぴつがはさまっているかいているとちゅうで こときれたのだろう	A pencil is in its hand.{CTRL:1}He died while writing.	A pencil is in its hand. ⟦CTRL:1⟧ He died while writing.	1	1	yes	hiragana:38; katakana:0; kanji:0; Latin:0; digits:0; phonetic hiragana orthography		Source suppresses normal kanji/katakana distinctions; restore only with context		medium		
1256	TT6C	TT6C/g2/r6	scenario	group 2 @ 0xB4E2; record 6	group-compressed	「 もう みずもしょくりょうも なくなった{CTRL:1} そとへでる きりょくもない{CTRL:2} いつか だれかが わたしをはっけんして{CTRL:0} くれることをしんじて このぶんをのこす{CTRL:4}{CTRL:3}  30ねんいじょうも つづいた{CTRL:4} だい2じせかいたいせんは かくばくだんの{CTRL:4} きゃっちぼーるで ついにぴりおどをうった{CTRL:3} われわれじんるいは あくまのゆうわくを{CTRL:4} はねのけることが できなかったのだ{CTRL:3}  だが のこされたじんるいよ あきらめるな{CTRL:3} そのうちに きゅうせいしゅがあらわれる{CTRL:3} かみのこが あくまをほうむるときが{CTRL:4} かならずやってくる{CTRL:3} けっしてあきらめてはいけない かみのこがきっと{CTRL:4}{CTRL:3}…………そこまでで おわっている	「 もう みずもしょくりょうも なくなった ⟦CTRL:1⟧  そとへでる きりょくもない ⟦CTRL:2⟧  いつか だれかが わたしをはっけんして ⟦CTRL:0⟧  くれることをしんじて このぶんをのこす ⟦CTRL:4⟧  ⟦CTRL:3⟧   30ねんいじょうも つづいた ⟦CTRL:4⟧  だい2じせかいたいせんは かくばくだんの ⟦CTRL:4⟧  きゃっちぼーるで ついにぴりおどをうった ⟦CTRL:3⟧  われわれじんるいは あくまのゆうわくを ⟦CTRL:4⟧  はねのけることが できなかったのだ ⟦CTRL:3⟧   だが のこされたじんるいよ あきらめるな ⟦CTRL:3⟧  そのうちに きゅうせいしゅがあらわれる ⟦CTRL:3⟧  かみのこが あくまをほうむるときが ⟦CTRL:4⟧  かならずやってくる ⟦CTRL:3⟧  けっしてあきらめてはいけない かみのこがきっと ⟦CTRL:4⟧  ⟦CTRL:3⟧ …………そこまでで おわっている	「 mou mizumoshokuryoumo nakunatta /  sotohederu kiryokumonai /  itsuka darekaga watashiohakkenshite /  kurerukotooshinjite konobunonokosu /  /   30nenijoumo tsuzuita /  dai2jisekaitaisenha kakubakudanno /  kyatchiboorude tsuinipiriodooutta /  warewarejinruiha akumanoyuuwakuo /  hanenokerukotoga dekinakattanoda /   daga nokosaretajinruiyo akirameruna /  sonouchini kyuuseishugaarawareru /  kaminokoga akumaohoumurutokiga /  kanarazuyattekuru /  kesshiteakirametehaikenai kaminokogakitto /  / …………sokomadede owatteiru	「 もう みずもしょくりょうも なくなった そとへでる きりょくもない いつか だれかが わたしをはっけんして くれることをしんじて このぶんをのこす  30ねんいじょうも つづいた だい2じせかいたいせんは かくばくだんの きゃっちぼーるで ついにぴりおどをうった われわれじんるいは あくまのゆうわくを はねのけることが できなかったのだ  だが のこされたじんるいよ あきらめるな そのうちに きゅうせいしゅがあらわれる かみのこが あくまをほうむるときが かならずやってくる けっしてあきらめてはいけない かみのこがきっと…………そこまでで おわっている	"""No food or water.{CTRL:1}No strength to go out.{CTRL:2}I leave this note so{CTRL:0}someone may find me.{CTRL:4}{CTRL:3}For over thirty years,{CTRL:4}World War II continued,{CTRL:4}nuclear war ended it.{CTRL:3}Humanity failed to spurn{CTRL:4}the Devil's temptation.{CTRL:3}Survivors, do not quit.{CTRL:3}A savior shall appear.{CTRL:3}God's child will one day{CTRL:4}bury the Devil forever.{CTRL:3}Never yield. God's child{CTRL:4}{CTRL:3}... The note ends there."	"""No food or water. ⟦CTRL:1⟧ No strength to go out. ⟦CTRL:2⟧ I leave this note so ⟦CTRL:0⟧ someone may find me. ⟦CTRL:4⟧  ⟦CTRL:3⟧ For over thirty years, ⟦CTRL:4⟧ World War II continued, ⟦CTRL:4⟧ nuclear war ended it. ⟦CTRL:3⟧ Humanity failed to spurn ⟦CTRL:4⟧ the Devil's temptation. ⟦CTRL:3⟧ Survivors, do not quit. ⟦CTRL:3⟧ A savior shall appear. ⟦CTRL:3⟧ God's child will one day ⟦CTRL:4⟧ bury the Devil forever. ⟦CTRL:3⟧ Never yield. God's child ⟦CTRL:4⟧  ⟦CTRL:3⟧ ... The note ends there."	1,2,0,4,3,4,4,3,4,3,3,3,4,3,4,3	1,2,0,4,3,4,4,3,4,3,3,3,4,3,4,3	yes	hiragana:239; katakana:1; kanji:0; Latin:0; digits:3		せかい → 世界 | あくま → 悪魔 | かみ → 神/紙/髪	source numerals ['30', '2']; verify dates/counts and Japanese ordering | ellipsis carries timing/hesitation tone	medium		
1257	TT6C	TT6C/g2/r7	scenario	group 2 @ 0xB4E2; record 7	group-compressed	もどるんだ／ あのうまごやへ／	もどるんだ／ あのうまごやへ／	modorunda／ anoumagoyahe／	もどるんだ／ あのうまごやへ／	Back to the stable!	Back to the stable!			yes	hiragana:12; katakana:0; kanji:0; Latin:0; digits:0; phonetic hiragana orthography		Source suppresses normal kanji/katakana distinctions; restore only with context		medium		
1258	TT6C	TT6C/g2/r8	scenario	group 2 @ 0xB4E2; record 8	group-compressed	まだ なにかありそうだ	まだ なにかありそうだ	mada nanikaarisouda	まだ なにかありそうだ	There must be more.	There must be more.			yes	hiragana:10; katakana:0; kanji:0; Latin:0; digits:0; phonetic hiragana orthography		Source suppresses normal kanji/katakana distinctions; restore only with context		medium		
1259	TT6C	TT6C/g2/r9	scenario	group 2 @ 0xB4E2; record 9	group-compressed	ほかに することがある	ほかに することがある	hokani surukotogaaru	ほかに することがある	Other work comes first.	Other work comes first.			yes	hiragana:10; katakana:0; kanji:0; Latin:0; digits:0; phonetic hiragana orthography		Source suppresses normal kanji/katakana distinctions; restore only with context		medium		
1260	TT6C	TT6C/g2/r10	scenario	group 2 @ 0xB4E2; record 10	group-compressed	あくま「きさまに ほんとうのわしがわかるか！」	あくま「きさまに ほんとうのわしがわかるか！」	akuma「kisamani hontounowashigawakaruka！」	あくま「きさまに ほんとうのわしがわかるか！」	Devil: Know the real me?	Devil: Know the real me?			yes	hiragana:19; katakana:0; kanji:0; Latin:0; digits:0; phonetic hiragana orthography	わし: elderly or authoritative masculine first person; character voice, not necessarily regional | きさま: hostile/contemptuous second person in modern usage	ほんとう → 本当 | あくま → 悪魔 | わかる → 分かる		medium		
1261	TT6C	TT6C/g2/r11	scenario	group 2 @ 0xB4E2; record 11	group-compressed	あくま「ばーかめ／」	あくま「ばーかめ／」	akuma「baakame／」	あくま「ばーかめ／」	Devil: Fool!	Devil: Fool!			yes	hiragana:6; katakana:1; kanji:0; Latin:0; digits:0		あくま → 悪魔		low		
1262	TT6C	TT6C/g2/r12	scenario	group 2 @ 0xB4E2; record 12	group-compressed	あくま「ほほう… よくわかったな{CTRL:1} どうだ！ つまらぬことはやめて{CTRL:0} わしと てをくまんか！{CTRL:6} たにんのようなきが せんのだ」{CTRL:3}おれ「うるさい／」	あくま「ほほう… よくわかったな ⟦CTRL:1⟧  どうだ！ つまらぬことはやめて ⟦CTRL:0⟧  わしと てをくまんか！ ⟦CTRL:6⟧  たにんのようなきが せんのだ」 ⟦CTRL:3⟧ おれ「うるさい／」	akuma「hohou… yokuwakattana /  douda！ tsumaranukotohayamete /  washito teokumanka！ /  taninnoyounakiga sennoda」 / ore「urusai／」	あくま「ほほう… よくわかったな どうだ！ つまらぬことはやめて わしと てをくまんか！ たにんのようなきが せんのだ」おれ「うるさい／」	Devil: So you know me.{CTRL:1}End this foolish fight.{CTRL:0}Come and join with me.{CTRL:6}I feel we're much alike.{CTRL:3}Me: Shut up!	Devil: So you know me. ⟦CTRL:1⟧ End this foolish fight. ⟦CTRL:0⟧ Come and join with me. ⟦CTRL:6⟧ I feel we're much alike. ⟦CTRL:3⟧ Me: Shut up!	1,0,6,3	1,0,6,3	yes	hiragana:54; katakana:0; kanji:0; Latin:0; digits:0; phonetic hiragana orthography	わし: elderly or authoritative masculine first person; character voice, not necessarily regional | おれ: plain-to-rough masculine first person	あくま → 悪魔	ellipsis carries timing/hesitation tone	medium		
1263	TT6C	TT6C/g2/r13	scenario	group 2 @ 0xB4E2; record 13	group-compressed	あくま「きさまらにんげんは ほんとうは{CTRL:0} さべつやあらそいが だいすきなのだ{CTRL:2} たてまえをすてて ほんのうのままにいきてみろ{CTRL:6} わしこそが きゅうせいしゅだ」{CTRL:3}おれ「だまれ／ だまれ／ だまれ／／」	あくま「きさまらにんげんは ほんとうは ⟦CTRL:0⟧  さべつやあらそいが だいすきなのだ ⟦CTRL:2⟧  たてまえをすてて ほんのうのままにいきてみろ ⟦CTRL:6⟧  わしこそが きゅうせいしゅだ」 ⟦CTRL:3⟧ おれ「だまれ／ だまれ／ だまれ／／」	akuma「kisamaraningenha hontouha /  sabetsuyaarasoiga daisukinanoda /  tatemaeosutete honnounomamaniikitemiro /  washikosoga kyuuseishuda」 / ore「damare／ damare／ damare／／」	あくま「きさまらにんげんは ほんとうは さべつやあらそいが だいすきなのだ たてまえをすてて ほんのうのままにいきてみろ わしこそが きゅうせいしゅだ」おれ「だまれ／ だまれ／ だまれ／／」	Devil: Humans truly love{CTRL:0}prejudice and conflict.{CTRL:2}Drop pretense. Live by{CTRL:6}instinct. I'm the savior{CTRL:3}Me: Shut up! Shut! Shut!	Devil: Humans truly love ⟦CTRL:0⟧ prejudice and conflict. ⟦CTRL:2⟧ Drop pretense. Live by ⟦CTRL:6⟧ instinct. I'm the savior ⟦CTRL:3⟧ Me: Shut up! Shut! Shut!	0,2,6,3	0,2,6,3	yes	hiragana:78; katakana:0; kanji:0; Latin:0; digits:0; phonetic hiragana orthography	わし: elderly or authoritative masculine first person; character voice, not necessarily regional | おれ: plain-to-rough masculine first person | きさま: hostile/contemptuous second person in modern usage	ほんとう → 本当 | あくま → 悪魔		medium		
1264	TT6C	TT6C/g2/r14	scenario	group 2 @ 0xB4E2; record 14	group-compressed	あくま「うぬぬ…／ どうして……」{CTRL:1}おれ「おまえなんか ちっともこわくない／{CTRL:0} おまえのやれることは せいぜいまぼろしを{CTRL:0} みせることぐらいじゃないか」{CTRL:3}あくま「ふん… きさまになにがわかる／」{CTRL:3}おれ「わかるさ／ おまえや おまえのてさきが{CTRL:4} やったことは みんなこのめで みてきたんだ／」{CTRL:3}あくま「でたらめをいうな／」	あくま「うぬぬ…／ どうして……」 ⟦CTRL:1⟧ おれ「おまえなんか ちっともこわくない／ ⟦CTRL:0⟧  おまえのやれることは せいぜいまぼろしを ⟦CTRL:0⟧  みせることぐらいじゃないか」 ⟦CTRL:3⟧ あくま「ふん… きさまになにがわかる／」 ⟦CTRL:3⟧ おれ「わかるさ／ おまえや おまえのてさきが ⟦CTRL:4⟧  やったことは みんなこのめで みてきたんだ／」 ⟦CTRL:3⟧ あくま「でたらめをいうな／」	akuma「ununu…／ doushite……」 / ore「omaenanka chittomokowakunai／ /  omaenoyarerukotoha seizeimaboroshio /  miserukotoguraijanaika」 / akuma「fun… kisamaninanigawakaru／」 / ore「wakarusa／ omaeya omaenotesakiga /  yattakotoha minnakonomede mitekitanda／」 / akuma「detarameoiuna／」	あくま「うぬぬ…／ どうして……」おれ「おまえなんか ちっともこわくない／ おまえのやれることは せいぜいまぼろしを みせることぐらいじゃないか」あくま「ふん… きさまになにがわかる／」おれ「わかるさ／ おまえや おまえのてさきが やったことは みんなこのめで みてきたんだ／」あくま「でたらめをいうな／」	Devil: Grr...! Why...?{CTRL:1}Me: I do not fear you!{CTRL:0}All you can ever do is{CTRL:0}show people illusions.{CTRL:3}Devil: What do you know?{CTRL:3}Me: I saw all that you{CTRL:4}and your servants did!{CTRL:3}Devil: You are lying!	Devil: Grr...! Why...? ⟦CTRL:1⟧ Me: I do not fear you! ⟦CTRL:0⟧ All you can ever do is ⟦CTRL:0⟧ show people illusions. ⟦CTRL:3⟧ Devil: What do you know? ⟦CTRL:3⟧ Me: I saw all that you ⟦CTRL:4⟧ and your servants did! ⟦CTRL:3⟧ Devil: You are lying!	1,0,0,3,3,4,3	1,0,0,3,3,4,3	yes	hiragana:122; katakana:0; kanji:0; Latin:0; digits:0; phonetic hiragana orthography	おれ: plain-to-rough masculine first person | きさま: hostile/contemptuous second person in modern usage | おまえ: familiar or rough second person; relationship and tone matter | じゃ: old-person/western-style copula; context decides voice versus region | ぬ: literary/archaic negative	あくま → 悪魔 | わかる → 分かる	ellipsis carries timing/hesitation tone	medium		
1265	TT6C	TT6C/g2/r15	scenario	group 2 @ 0xB4E2; record 15	group-compressed	あくま「なんでもしっていると いうなら{CTRL:0} わしのしつもんにこたえてみろ／」	あくま「なんでもしっていると いうなら ⟦CTRL:0⟧  わしのしつもんにこたえてみろ／」	akuma「nandemoshitteiruto iunara /  washinoshitsumonnikotaetemiro／」	あくま「なんでもしっていると いうなら わしのしつもんにこたえてみろ／」	Devil: If you know all,{CTRL:0}answer my questions!	Devil: If you know all, ⟦CTRL:0⟧ answer my questions!	0	0	yes	hiragana:31; katakana:0; kanji:0; Latin:0; digits:0; phonetic hiragana orthography	わし: elderly or authoritative masculine first person; character voice, not necessarily regional	あくま → 悪魔		medium		
1266	TT6C	TT6C/g2/r16	scenario	group 2 @ 0xB4E2; record 16	group-compressed	はくぶつかんにあった てんじひんのかずは！	はくぶつかんにあった てんじひんのかずは！	hakubutsukanniatta tenjihinnokazuha！	はくぶつかんにあった てんじひんのかずは！	How many exhibits?	How many exhibits?			yes	hiragana:19; katakana:0; kanji:0; Latin:0; digits:0; phonetic hiragana orthography		はくぶつかん → 博物館		low		
1267	TT6C	TT6C/g2/r17	scenario	group 2 @ 0xB4E2; record 17	group-compressed	はくぶつかんをつくった ろうじんのなは！	はくぶつかんをつくった ろうじんのなは！	hakubutsukanotsukutta roujinnonaha！	はくぶつかんをつくった ろうじんのなは！	Who built the museum?	Who built the museum?			yes	hiragana:18; katakana:0; kanji:0; Latin:0; digits:0; phonetic hiragana orthography		はくぶつかん → 博物館		low		
1268	TT6C	TT6C/g2/r18	scenario	group 2 @ 0xB4E2; record 18	group-compressed	ぴえーるの しょくぎょうは！	ぴえーるの しょくぎょうは！	pieeruno shokugyouha！	ぴえーるの しょくぎょうは！	What was Pierre's job?	What was Pierre's job?			yes	hiragana:11; katakana:1; kanji:0; Latin:0; digits:0		Source suppresses normal kanji/katakana distinctions; restore only with context		medium		
1269	TT6C	TT6C/g2/r19	scenario	group 2 @ 0xB4E2; record 19	group-compressed	だんしゃくの にょうぼうのなは！	だんしゃくの にょうぼうのなは！	danshakuno nyoubounonaha！	だんしゃくの にょうぼうのなは！	Name the Baron's wife.	Name the Baron's wife.			yes	hiragana:14; katakana:0; kanji:0; Latin:0; digits:0; phonetic hiragana orthography		Source suppresses normal kanji/katakana distinctions; restore only with context		medium		
1270	TT6C	TT6C/g2/r20	scenario	group 2 @ 0xB4E2; record 20	group-compressed	どいつないにある とうぼうそしきのなは！	どいつないにある とうぼうそしきのなは！	doitsunainiaru toubousoshikinonaha！	どいつないにある とうぼうそしきのなは！	German escape group?	German escape group?			yes	hiragana:18; katakana:0; kanji:0; Latin:0; digits:0; phonetic hiragana orthography		どいつ → ドイツ (Germany)		low		
1271	TT6C	TT6C/g2/r21	scenario	group 2 @ 0xB4E2; record 21	group-compressed	くーがーたちが こっきょうをこえて{CTRL:0}でたくには！	くーがーたちが こっきょうをこえて ⟦CTRL:0⟧ でたくには！	kuugaatachiga kokkyouokoete / detakuniha！	くーがーたちが こっきょうをこえてでたくには！	Where did Cougar's group{CTRL:0}cross the border into?	Where did Cougar's group ⟦CTRL:0⟧ cross the border into?	0	0	yes	hiragana:19; katakana:2; kanji:0; Latin:0; digits:0		Source suppresses normal kanji/katakana distinctions; restore only with context		medium		
1272	TT6C	TT6C/g2/r22	scenario	group 2 @ 0xB4E2; record 22	group-compressed	せきにきく やくそうは！	せきにきく やくそうは！	sekinikiku yakusouha！	せきにきく やくそうは！	What herb cures coughs?	What herb cures coughs?			yes	hiragana:10; katakana:0; kanji:0; Latin:0; digits:0; phonetic hiragana orthography		Source suppresses normal kanji/katakana distinctions; restore only with context		medium		
1273	TT6C	TT6C/g2/r23	scenario	group 2 @ 0xB4E2; record 23	group-compressed	よみのくににいた ばんにんは！	よみのくににいた ばんにんは！	yominokuniniita banninha！	よみのくににいた ばんにんは！	Who guarded Hades?	Who guarded Hades?			yes	hiragana:13; katakana:0; kanji:0; Latin:0; digits:0; phonetic hiragana orthography		Source suppresses normal kanji/katakana distinctions; restore only with context		medium		
1274	TT6C	TT6C/g2/r24	scenario	group 2 @ 0xB4E2; record 24	group-compressed	まいやーのうじょうの かちくごやにいた{CTRL:0}じいさんのなは！	まいやーのうじょうの かちくごやにいた ⟦CTRL:0⟧ じいさんのなは！	maiyaanoujouno kachikugoyaniita / jiisannonaha！	まいやーのうじょうの かちくごやにいたじいさんのなは！	Who was in Meyer's{CTRL:0}livestock shed?	Who was in Meyer's ⟦CTRL:0⟧ livestock shed?	0	0	yes	hiragana:24; katakana:1; kanji:0; Latin:0; digits:0	さん: -san: ordinary respectful address	Source suppresses normal kanji/katakana distinctions; restore only with context		medium		
1275	TT6C	TT6C/g2/r25	scenario	group 2 @ 0xB4E2; record 25	group-compressed	りんかーんたちが かわをわたるときに{CTRL:0}じゃました どうぶつは！	りんかーんたちが かわをわたるときに ⟦CTRL:0⟧ じゃました どうぶつは！	rinkaantachiga kawaowatarutokini / jamashita doubutsuha！	りんかーんたちが かわをわたるときにじゃました どうぶつは！	Which animals blocked{CTRL:0}their river crossing?	Which animals blocked ⟦CTRL:0⟧ their river crossing?	0	0	yes	hiragana:26; katakana:1; kanji:0; Latin:0; digits:0	じゃ: old-person/western-style copula; context decides voice versus region	りんかーん → リンカーン (Lincoln)		medium		
1276	TT6C	TT6C/g2/r26	scenario	group 2 @ 0xB4E2; record 26	group-compressed	まりあがよせふに おくったものは	まりあがよせふに おくったものは	mariagayosefuni okuttamonoha	まりあがよせふに おくったものは	Mary's gift to Joseph?	Mary's gift to Joseph?			yes	hiragana:15; katakana:0; kanji:0; Latin:0; digits:0; phonetic hiragana orthography		Source suppresses normal kanji/katakana distinctions; restore only with context		medium		
1277	TT6C	TT6C/g2/r27	scenario	group 2 @ 0xB4E2; record 27	group-compressed	まりあがこどもをうんだ ばしょは！	まりあがこどもをうんだ ばしょは！	mariagakodomoounda bashoha！	まりあがこどもをうんだ ばしょは！	Mary gave birth where?	Mary gave birth where?			yes	hiragana:15; katakana:0; kanji:0; Latin:0; digits:0; phonetic hiragana orthography		こども → 子供		low		
1278	TT6C	TT6C/g2/r28	scenario	group 2 @ 0xB4E2; record 28	group-compressed	つぎのうち あくまとけいやくを{CTRL:0}かわしていないものは！	つぎのうち あくまとけいやくを ⟦CTRL:0⟧ かわしていないものは！	tsuginouchi akumatokeiyakuo / kawashiteinaimonoha！	つぎのうち あくまとけいやくをかわしていないものは！	Which one never made{CTRL:0}a pact with the Devil?	Which one never made ⟦CTRL:0⟧ a pact with the Devil?	0	0	yes	hiragana:24; katakana:0; kanji:0; Latin:0; digits:0; phonetic hiragana orthography	わし: elderly or authoritative masculine first person; character voice, not necessarily regional	あくま → 悪魔		medium		
1279	TT6C	TT6C/g2/r29	scenario	group 2 @ 0xB4E2; record 29	group-compressed	つぎのうち かみのこでないものは！	つぎのうち かみのこでないものは！	tsuginouchi kaminokodenaimonoha！	つぎのうち かみのこでないものは！	Who is not God's child?	Who is not God's child?			yes	hiragana:15; katakana:0; kanji:0; Latin:0; digits:0; phonetic hiragana orthography		かみ → 神/紙/髪		medium		
1280	TT6C	TT6C/g2/r30	scenario	group 2 @ 0xB4E2; record 30	group-compressed	あくま「くそぉ…… おあそびはもう おわりだ／」	あくま「くそぉ…… おあそびはもう おわりだ／」	akuma「kusoo…… oasobihamou owarida／」	あくま「くそぉ…… おあそびはもう おわりだ／」	Devil: Playtime is over!	Devil: Playtime is over!			yes	hiragana:17; katakana:0; kanji:0; Latin:0; digits:0; phonetic hiragana orthography		あくま → 悪魔	ellipsis carries timing/hesitation tone	low		
1281	TT6C	TT6C/g2/r31	scenario	group 2 @ 0xB4E2; record 31	group-compressed	あくま「ほんとうのわしが わかるか！」	あくま「ほんとうのわしが わかるか！」	akuma「hontounowashiga wakaruka！」	あくま「ほんとうのわしが わかるか！」	Devil: Know the real me?	Devil: Know the real me?			yes	hiragana:15; katakana:0; kanji:0; Latin:0; digits:0; phonetic hiragana orthography	わし: elderly or authoritative masculine first person; character voice, not necessarily regional	ほんとう → 本当 | あくま → 悪魔 | わかる → 分かる		medium		
1282	TT6C	TT6C/g3/r0	scenario	group 3 @ 0xB8FE; record 0	group-compressed	あくま「しねぇ／」	あくま「しねぇ／」	akuma「shinee／」	あくま「しねぇ／」	Devil: Die!	Devil: Die!			yes	hiragana:6; katakana:0; kanji:0; Latin:0; digits:0; phonetic hiragana orthography		あくま → 悪魔		low		
1283	TT6C	TT6C/g3/r1	scenario	group 3 @ 0xB8FE; record 1	group-compressed	{CTRL:0}おれ「うわあああーーーっ／／」	⟦CTRL:0⟧ おれ「うわあああーーーっ／／」	 / ore「uwaaaaaaa／／」	おれ「うわあああーーーっ／／」	{CTRL:0}Me: Aaaaaaah!!	⟦CTRL:0⟧ Me: Aaaaaaah!!	0	0	yes	hiragana:8; katakana:3; kanji:0; Latin:0; digits:0	おれ: plain-to-rough masculine first person	Source suppresses normal kanji/katakana distinctions; restore only with context		medium		
1284	TT6C	TT6C/g3/r2	scenario	group 3 @ 0xB8FE; record 2	group-compressed	あたまのなかで さっきよんだことばが{CTRL:0}くりかえしくりかえし きこえてくる	あたまのなかで さっきよんだことばが ⟦CTRL:0⟧ くりかえしくりかえし きこえてくる	atamanonakade sakkiyondakotobaga / kurikaeshikurikaeshi kikoetekuru	あたまのなかで さっきよんだことばがくりかえしくりかえし きこえてくる	The words I just read{CTRL:0}echo again and again.	The words I just read ⟦CTRL:0⟧ echo again and again.	0	0	yes	hiragana:33; katakana:0; kanji:0; Latin:0; digits:0; phonetic hiragana orthography		ことば → 言葉		low		
1285	TT6C	TT6C/g3/r3	scenario	group 3 @ 0xB8FE; record 3	group-compressed	かみのこが あくまをほうむるときが{CTRL:0}かならずやってくる{CTRL:2}けっしてあきらめてはいけない かみのこがきっと…{CTRL:6}かみのこがきっと……{CTRL:3}かみのこが……／{CTRL:3}かみのこが……／{CTRL:3}かみのこが……／	かみのこが あくまをほうむるときが ⟦CTRL:0⟧ かならずやってくる ⟦CTRL:2⟧ けっしてあきらめてはいけない かみのこがきっと… ⟦CTRL:6⟧ かみのこがきっと…… ⟦CTRL:3⟧ かみのこが……／ ⟦CTRL:3⟧ かみのこが……／ ⟦CTRL:3⟧ かみのこが……／	kaminokoga akumaohoumurutokiga / kanarazuyattekuru / kesshiteakirametehaikenai kaminokogakitto… / kaminokogakitto…… / kaminokoga……／ / kaminokoga……／ / kaminokoga……／	かみのこが あくまをほうむるときがかならずやってくるけっしてあきらめてはいけない かみのこがきっと…かみのこがきっと……かみのこが……／かみのこが……／かみのこが……／	God's child will one day{CTRL:0}bury the Devil forever.{CTRL:2}Never yield. God's child{CTRL:6}God's child will...{CTRL:3}God's child...!{CTRL:3}God's child...!{CTRL:3}God's child...!	God's child will one day ⟦CTRL:0⟧ bury the Devil forever. ⟦CTRL:2⟧ Never yield. God's child ⟦CTRL:6⟧ God's child will... ⟦CTRL:3⟧ God's child...! ⟦CTRL:3⟧ God's child...! ⟦CTRL:3⟧ God's child...!	0,2,6,3,3,3	0,2,6,3,3,3	yes	hiragana:70; katakana:0; kanji:0; Latin:0; digits:0; phonetic hiragana orthography		あくま → 悪魔 | かみ → 神/紙/髪	ellipsis carries timing/hesitation tone	medium		
1286	TT6C	TT6C/g3/r4	scenario	group 3 @ 0xB8FE; record 4	group-compressed	ちからをくれ／ かみのこよ／{CTRL:1}かみからさずかった おまえのちからで{CTRL:0}あくまを おいだしてくれ／{CTRL:6}かみのこよ／ めをさましてたたかえ／{CTRL:3}すくいぬし いえす・きりすとよ／	ちからをくれ／ かみのこよ／ ⟦CTRL:1⟧ かみからさずかった おまえのちからで ⟦CTRL:0⟧ あくまを おいだしてくれ／ ⟦CTRL:6⟧ かみのこよ／ めをさましてたたかえ／ ⟦CTRL:3⟧ すくいぬし いえす・きりすとよ／	chikaraokure／ kaminokoyo／ / kamikarasazukatta omaenochikarade / akumao oidashitekure／ / kaminokoyo／ meosamashitetatakae／ / sukuinushi iesu・kirisutoyo／	ちからをくれ／ かみのこよ／かみからさずかった おまえのちからであくまを おいだしてくれ／かみのこよ／ めをさましてたたかえ／すくいぬし いえす・きりすとよ／	God's child, lend power!{CTRL:1}Use your sacred power{CTRL:0}to drive out the Devil!{CTRL:6}Wake and fight, savior!{CTRL:3}Savior Jesus Christ!	God's child, lend power! ⟦CTRL:1⟧ Use your sacred power ⟦CTRL:0⟧ to drive out the Devil! ⟦CTRL:6⟧ Wake and fight, savior! ⟦CTRL:3⟧ Savior Jesus Christ!	1,0,6,3	1,0,6,3	yes	hiragana:67; katakana:1; kanji:0; Latin:0; digits:0	おまえ: familiar or rough second person; relationship and tone matter	きりすと → キリスト (Christ) | いえす → イエス (Jesus or 'yes'; context is essential) | あくま → 悪魔 | かみ → 神/紙/髪		medium		
1287	TT6C	TT6C/g3/r5	scenario	group 3 @ 0xB8FE; record 5	group-compressed	あくま「う… ぐぐ…／{CTRL:1} ぐあーーーっ／／」	あくま「う… ぐぐ…／ ⟦CTRL:1⟧  ぐあーーーっ／／」	akuma「u… gugu…／ /  guaaaa／／」	あくま「う… ぐぐ…／ ぐあーーーっ／／」	Devil: Ugh... grrr...!{CTRL:1}Gyaaaaaah!!	Devil: Ugh... grrr...! ⟦CTRL:1⟧ Gyaaaaaah!!	1	1	yes	hiragana:9; katakana:3; kanji:0; Latin:0; digits:0		あくま → 悪魔	ellipsis carries timing/hesitation tone	low		
1288	TT6C	TT6C/g3/r6	scenario	group 3 @ 0xB8FE; record 6	group-compressed	おれ「あくまよ しりぞけ／」	おれ「あくまよ しりぞけ／」	ore「akumayo shirizoke／」	おれ「あくまよ しりぞけ／」	Me: Begone, Devil!	Me: Begone, Devil!			yes	hiragana:10; katakana:0; kanji:0; Latin:0; digits:0; phonetic hiragana orthography	おれ: plain-to-rough masculine first person	あくま → 悪魔		medium		
1289	TT6C	TT6C/g3/r7	scenario	group 3 @ 0xB8FE; record 7	group-compressed	あくま「ぎゃあああーーーっ／／」	あくま「ぎゃあああーーーっ／／」	akuma「gyaaaaaaa／／」	あくま「ぎゃあああーーーっ／／」	Devil: Gyaaaaaaah!!	Devil: Gyaaaaaaah!!			yes	hiragana:9; katakana:3; kanji:0; Latin:0; digits:0		あくま → 悪魔		low		
1290	TT6C	TT6C/g3/r8	scenario	group 3 @ 0xB8FE; record 8	group-compressed	まりあ「ありがとうございました」{CTRL:0}よせふ「おかげさまで でーもんのいのちも……」{CTRL:2}おれ「でーもんじゃないよ」{CTRL:0}よせふ「あ… そうでした えーと……」{CTRL:3}おれ「いえす」{CTRL:3}まりあ・よせふ「いえす……」{CTRL:3}おれ「そう いえす・きりすとだ」	まりあ「ありがとうございました」 ⟦CTRL:0⟧ よせふ「おかげさまで でーもんのいのちも……」 ⟦CTRL:2⟧ おれ「でーもんじゃないよ」 ⟦CTRL:0⟧ よせふ「あ… そうでした えーと……」 ⟦CTRL:3⟧ おれ「いえす」 ⟦CTRL:3⟧ まりあ・よせふ「いえす……」 ⟦CTRL:3⟧ おれ「そう いえす・きりすとだ」	maria「arigatougozaimashita」 / yosefu「okagesamade deemonnoinochimo……」 / ore「deemonjanaiyo」 / yosefu「a… soudeshita eeto……」 / ore「iesu」 / maria・yosefu「iesu……」 / ore「sou iesu・kirisutoda」	まりあ「ありがとうございました」よせふ「おかげさまで でーもんのいのちも……」おれ「でーもんじゃないよ」よせふ「あ… そうでした えーと……」おれ「いえす」まりあ・よせふ「いえす……」おれ「そう いえす・きりすとだ」	Mary: Thank you so much.{CTRL:0}Joseph: You saved him...{CTRL:2}Me: He is not Demon.{CTRL:0}Joseph: Ah, yes. Well...{CTRL:3}Me: Jesus.{CTRL:3}Both: Jesus...{CTRL:3}Me: Yes. Jesus Christ.	Mary: Thank you so much. ⟦CTRL:0⟧ Joseph: You saved him... ⟦CTRL:2⟧ Me: He is not Demon. ⟦CTRL:0⟧ Joseph: Ah, yes. Well... ⟦CTRL:3⟧ Me: Jesus. ⟦CTRL:3⟧ Both: Jesus... ⟦CTRL:3⟧ Me: Yes. Jesus Christ.	0,2,0,3,3,3	0,2,0,3,3,3	yes	hiragana:78; katakana:5; kanji:0; Latin:0; digits:0	おれ: plain-to-rough masculine first person | じゃ: old-person/western-style copula; context decides voice versus region	きりすと → キリスト (Christ) | いえす → イエス (Jesus or 'yes'; context is essential) | いのち → 命	ellipsis carries timing/hesitation tone	high		
1291	TT6C	TT6C/g3/r9	scenario	group 3 @ 0xB8FE; record 9	group-compressed	だいじに そだててくれよ{CTRL:0}おれたちのみらいが かかってるんだからな……	だいじに そだててくれよ ⟦CTRL:0⟧ おれたちのみらいが かかってるんだからな……	daijini sodatetekureyo / oretachinomiraiga kakatterundakarana……	だいじに そだててくれよおれたちのみらいが かかってるんだからな……	Raise him carefully.{CTRL:0}Our future rests on him.	Raise him carefully. ⟦CTRL:0⟧ Our future rests on him.	0	0	yes	hiragana:30; katakana:0; kanji:0; Latin:0; digits:0; phonetic hiragana orthography	おれ: plain-to-rough masculine first person	みらい → 未来 | だいじ → 大事	ellipsis carries timing/hesitation tone	medium		
1292	TT6D	TT6D/g0/r0	scenario	group 0 @ 0xA38F; record 0	group-compressed	おれ「うう…… ああ… あ……」	おれ「うう…… ああ… あ……」	ore「uu…… aa… a……」	おれ「うう…… ああ… あ……」	Me: Ugh... ah...	Me: Ugh... ah...			yes	hiragana:7; katakana:0; kanji:0; Latin:0; digits:0; phonetic hiragana orthography	おれ: plain-to-rough masculine first person	Source suppresses normal kanji/katakana distinctions; restore only with context	ellipsis carries timing/hesitation tone	medium		
1293	TT6D	TT6D/g0/r1	scenario	group 0 @ 0xA38F; record 1	group-compressed	おんなのこ「よかった…… わたし{CTRL:0} しんでるのかと……」{CTRL:2}おれ「ああ きみか…… ひさしぶりだなあ」{CTRL:6}おんなのこ「……！ あの どこかで{CTRL:4} おあいしました……！」{CTRL:3}おれ「あ そっか…… そうだよね」{CTRL:3}おんなのこ「ぷっ… おかしなひと」{CTRL:3}おれ「いやあ ははは」{CTRL:4}おんなのこ「ふふふ…」	おんなのこ「よかった…… わたし ⟦CTRL:0⟧  しんでるのかと……」 ⟦CTRL:2⟧ おれ「ああ きみか…… ひさしぶりだなあ」 ⟦CTRL:6⟧ おんなのこ「……！ あの どこかで ⟦CTRL:4⟧  おあいしました……！」 ⟦CTRL:3⟧ おれ「あ そっか…… そうだよね」 ⟦CTRL:3⟧ おんなのこ「ぷっ… おかしなひと」 ⟦CTRL:3⟧ おれ「いやあ ははは」 ⟦CTRL:4⟧ おんなのこ「ふふふ…」	onnanoko「yokatta…… watashi /  shinderunokato……」 / ore「aa kimika…… hisashiburidanaa」 / onnanoko「……！ ano dokokade /  oaishimashita……！」 / ore「a sokka…… soudayone」 / onnanoko「pu… ookashinahito」 / ore「iyaa hahaha」 / onnanoko「fufufu…」	おんなのこ「よかった…… わたし しんでるのかと……」おれ「ああ きみか…… ひさしぶりだなあ」おんなのこ「……！ あの どこかで おあいしました……！」おれ「あ そっか…… そうだよね」おんなのこ「ぷっ… おかしなひと」おれ「いやあ ははは」おんなのこ「ふふふ…」	Girl: Thank goodness...{CTRL:0}I thought I had died.{CTRL:2}Me: You... been a while.{CTRL:6}Girl: Huh? Have we met{CTRL:4}somewhere before...?{CTRL:3}Me: Ah... right, yeah.{CTRL:3}Girl: Pfft... funny guy.{CTRL:3}Me: Well... ha ha ha.{CTRL:4}Girl: Hee hee...	Girl: Thank goodness... ⟦CTRL:0⟧ I thought I had died. ⟦CTRL:2⟧ Me: You... been a while. ⟦CTRL:6⟧ Girl: Huh? Have we met ⟦CTRL:4⟧ somewhere before...? ⟦CTRL:3⟧ Me: Ah... right, yeah. ⟦CTRL:3⟧ Girl: Pfft... funny guy. ⟦CTRL:3⟧ Me: Well... ha ha ha. ⟦CTRL:4⟧ Girl: Hee hee...	0,2,6,4,3,3,3,4	0,2,6,4,3,3,3,4	yes	hiragana:92; katakana:0; kanji:0; Latin:0; digits:0; phonetic hiragana orthography	おれ: plain-to-rough masculine first person	おんなのこ → 女の子 | おんな → 女 | はは → 母	ellipsis carries timing/hesitation tone	medium		
1294	TT6D	TT6D/g0/r2	scenario	group 0 @ 0xA38F; record 2	group-compressed	おれ「きみの なまえは！」{CTRL:0}おんなのこ「わたしは…」	おれ「きみの なまえは！」 ⟦CTRL:0⟧ おんなのこ「わたしは…」	ore「kimino namaeha！」 / onnanoko「watashiha…」	おれ「きみの なまえは！」おんなのこ「わたしは…」	Me: What is your name?{CTRL:0}Girl: I am...	Me: What is your name? ⟦CTRL:0⟧ Girl: I am...	0	0	yes	hiragana:18; katakana:0; kanji:0; Latin:0; digits:0; phonetic hiragana orthography	おれ: plain-to-rough masculine first person	おんなのこ → 女の子 | なまえ → 名前	ellipsis carries timing/hesitation tone	medium		
1295	TT6D	TT6D/g0/r3	scenario	group 0 @ 0xA38F; record 3	group-compressed	おんなのこ「／」{CTRL:0}おれ「じしんだ／」	おんなのこ「／」 ⟦CTRL:0⟧ おれ「じしんだ／」	onnanoko「／」 / ore「jishinda／」	おんなのこ「／」おれ「じしんだ／」	Girl: !{CTRL:0}Me: An earthquake!	Girl: ! ⟦CTRL:0⟧ Me: An earthquake!	0	0	yes	hiragana:11; katakana:0; kanji:0; Latin:0; digits:0; phonetic hiragana orthography	おれ: plain-to-rough masculine first person	おんなのこ → 女の子		medium		
1296	TT6D	TT6D/g0/r4	scenario	group 0 @ 0xA38F; record 4	group-compressed	おんなのこ「だいじょうぶ／ しんぱいないわ／」{CTRL:0}おれ「は はい／」{CTRL:2}おんなのこ「まらどぅる ばらお がらどぅーら…」{CTRL:0}おれ「／／」{CTRL:3}おんなのこ「わたしにまかせて／{CTRL:3} まらどぅる ばらお がらどぅーら／{CTRL:4} まらどぅる ばらお がらどぅーらーーーっ／」	おんなのこ「だいじょうぶ／ しんぱいないわ／」 ⟦CTRL:0⟧ おれ「は はい／」 ⟦CTRL:2⟧ おんなのこ「まらどぅる ばらお がらどぅーら…」 ⟦CTRL:0⟧ おれ「／／」 ⟦CTRL:3⟧ おんなのこ「わたしにまかせて／ ⟦CTRL:3⟧  まらどぅる ばらお がらどぅーら／ ⟦CTRL:4⟧  まらどぅる ばらお がらどぅーらーーーっ／」	onnanoko「daijoubu／ shinpainaiwa／」 / ore「ha hai／」 / onnanoko「maraduru barao garaduura…」 / ore「／／」 / onnanoko「watashinimakasete／ /  maraduru barao garaduura／ /  maraduru barao garaduuraaaa／」	おんなのこ「だいじょうぶ／ しんぱいないわ／」おれ「は はい／」おんなのこ「まらどぅる ばらお がらどぅーら…」おれ「／／」おんなのこ「わたしにまかせて／ まらどぅる ばらお がらどぅーら／ まらどぅる ばらお がらどぅーらーーーっ／」	Girl: Do not worry!{CTRL:0}Me: Y-yes!{CTRL:2}Girl: Maradul Barao{CTRL:0}Garadura... Me: !!{CTRL:3}Girl: Leave it to me!{CTRL:3}Maradul Barao Garadura!{CTRL:4}Maradul Barao Garadura!!	Girl: Do not worry! ⟦CTRL:0⟧ Me: Y-yes! ⟦CTRL:2⟧ Girl: Maradul Barao ⟦CTRL:0⟧ Garadura... Me: !! ⟦CTRL:3⟧ Girl: Leave it to me! ⟦CTRL:3⟧ Maradul Barao Garadura! ⟦CTRL:4⟧ Maradul Barao Garadura!!	0,2,0,3,3,4	0,2,0,3,3,4	yes	hiragana:83; katakana:6; kanji:0; Latin:0; digits:0	おれ: plain-to-rough masculine first person	だいじょうぶ → 大丈夫 | おんなのこ → 女の子 | おんな → 女	ellipsis carries timing/hesitation tone	medium		
1297	TT6D	TT6D/g0/r5	scenario	group 0 @ 0xA38F; record 5	group-compressed	"おんなのこ「けさね うらないできいたの{CTRL:0} ""すてきなだんせいとの であいあり"" って…」{CTRL:2}おれ「そそ そんなあ……」"	"おんなのこ「けさね うらないできいたの ⟦CTRL:0⟧  ""すてきなだんせいとの であいあり"" って…」 ⟦CTRL:2⟧ おれ「そそ そんなあ……」"	"onnanoko「kesane uranaidekiitano /  ""sutekinadanseitono deaiari"" tte…」 / ore「soso sonnaa……」"	"おんなのこ「けさね うらないできいたの ""すてきなだんせいとの であいあり"" って…」おれ「そそ そんなあ……」"	"Girl: Morning fortune:{CTRL:0}""A fine man awaits you.""{CTRL:2}Me: N-no way..."	"Girl: Morning fortune: ⟦CTRL:0⟧ ""A fine man awaits you."" ⟦CTRL:2⟧ Me: N-no way..."	0,2	0,2	yes	hiragana:42; katakana:0; kanji:0; Latin:0; digits:0; phonetic hiragana orthography	おれ: plain-to-rough masculine first person	おんなのこ → 女の子 | うらない → 占い	ellipsis carries timing/hesitation tone	medium		
1298	TT6D	TT6D/g0/r6	scenario	group 0 @ 0xA38F; record 6	group-compressed	……「ぐううう……」	……「ぐううう……」	……「guuuu……」	……「ぐううう……」	Voice: Grrrrrr...	Voice: Grrrrrr...			yes	hiragana:4; katakana:0; kanji:0; Latin:0; digits:0; phonetic hiragana orthography		Source suppresses normal kanji/katakana distinctions; restore only with context	ellipsis carries timing/hesitation tone	medium		
1299	TT6D	TT6D/g0/r7	scenario	group 0 @ 0xA38F; record 7	group-compressed	おれ「げっ／」	おれ「げっ／」	ore「ge／」	おれ「げっ／」	Me: Ack!	Me: Ack!			yes	hiragana:4; katakana:0; kanji:0; Latin:0; digits:0; phonetic hiragana orthography	おれ: plain-to-rough masculine first person	Source suppresses normal kanji/katakana distinctions; restore only with context		medium		
1300	TT1B	TT1B/fixed/r0	fixed-address	$ABF7	3	みる	みる	miru	みる	Look	Look			yes	hiragana:2; katakana:0; kanji:0; Latin:0; digits:0; phonetic hiragana orthography		みる → 見る/診る	fixed-address label; 3 packed bytes	medium		
1301	TT1B	TT1B/fixed/r1	fixed-address	$ABFA	4	はなす	はなす	hanasu	はなす	Talk	Talk			yes	hiragana:3; katakana:0; kanji:0; Latin:0; digits:0; phonetic hiragana orthography		Source suppresses normal kanji/katakana distinctions; restore only with context	fixed-address label; 4 packed bytes	medium		
1302	TT1B	TT1B/fixed/r2	fixed-address	$ABFE	4	いどう	いどう	idou	いどう	Move	Move			yes	hiragana:3; katakana:0; kanji:0; Latin:0; digits:0; phonetic hiragana orthography		Source suppresses normal kanji/katakana distinctions; restore only with context	fixed-address label; 4 packed bytes	medium		
1303	TT1B	TT1B/fixed/r3	fixed-address	$AC02	3	そら	そら	sora	そら	Sky	Sky			yes	hiragana:2; katakana:0; kanji:0; Latin:0; digits:0; phonetic hiragana orthography		Source suppresses normal kanji/katakana distinctions; restore only with context	fixed-address label; 3 packed bytes	medium		
1304	TT1B	TT1B/fixed/r4	fixed-address	$AC05	4	まわり	まわり	mawari	まわり	Area	Area			yes	hiragana:3; katakana:0; kanji:0; Latin:0; digits:0; phonetic hiragana orthography		Source suppresses normal kanji/katakana distinctions; restore only with context	fixed-address label; 4 packed bytes	medium		
1305	TT1B	TT1B/fixed/r5	fixed-address	$AC09	2	はくぶつかん	はくぶつかん	hakubutsukan	はくぶつかん	Museum	Museum			yes	hiragana:6; katakana:0; kanji:0; Latin:0; digits:0; phonetic hiragana orthography		はくぶつかん → 博物館	fixed-address label; 2 packed bytes	medium		
1306	TT1B	TT1B/fixed/r6	fixed-address	$AC0B	3	ふだ	ふだ	fuda	ふだ	Sign	Sign			yes	hiragana:2; katakana:0; kanji:0; Latin:0; digits:0; phonetic hiragana orthography		Source suppresses normal kanji/katakana distinctions; restore only with context	fixed-address label; 3 packed bytes	medium		
1307	TT1B	TT1B/fixed/r7	fixed-address	$AC0E	2	からだ	からだ	karada	からだ	Body	Body			yes	hiragana:3; katakana:0; kanji:0; Latin:0; digits:0; phonetic hiragana orthography		からだ → 体	fixed-address label; 2 packed bytes	medium		
1308	TT1B	TT1B/fixed/r8	fixed-address	$AC10	4	ひがし	ひがし	higashi	ひがし	East	East			yes	hiragana:3; katakana:0; kanji:0; Latin:0; digits:0; phonetic hiragana orthography		Source suppresses normal kanji/katakana distinctions; restore only with context	fixed-address label; 4 packed bytes	medium		
1309	TT1B	TT1B/fixed/r9	fixed-address	$AC14	3	にし	にし	nishi	にし	West	West			yes	hiragana:2; katakana:0; kanji:0; Latin:0; digits:0; phonetic hiragana orthography		Source suppresses normal kanji/katakana distinctions; restore only with context	fixed-address label; 3 packed bytes	medium		
1310	TT1B	TT1B/fixed/r10	fixed-address	$AC17	4	つかう	つかう	tsukau	つかう	Use	Use			yes	hiragana:3; katakana:0; kanji:0; Latin:0; digits:0; phonetic hiragana orthography		Source suppresses normal kanji/katakana distinctions; restore only with context	fixed-address label; 4 packed bytes	medium		
1311	TT1B	TT1B/fixed/r11	fixed-address	$AC1B	5	あたっく	あたっく	atakku	あたっく	Fight	Fight			yes	hiragana:4; katakana:0; kanji:0; Latin:0; digits:0; phonetic hiragana orthography		Source suppresses normal kanji/katakana distinctions; restore only with context	fixed-address label; 5 packed bytes	medium		
1312	TT1B	TT1B/fixed/r12	fixed-address	$AC20	5	つっつく	つっつく	tsuttsuku	つっつく	Poke	Poke			yes	hiragana:4; katakana:0; kanji:0; Latin:0; digits:0; phonetic hiragana orthography		Source suppresses normal kanji/katakana distinctions; restore only with context	fixed-address label; 5 packed bytes	medium		
1313	TT1B	TT1B/fixed/r13	fixed-address	$AC25	4	あるく	あるく	aruku	あるく	Walk	Walk			yes	hiragana:3; katakana:0; kanji:0; Latin:0; digits:0; phonetic hiragana orthography		Source suppresses normal kanji/katakana distinctions; restore only with context	fixed-address label; 4 packed bytes	medium		
1314	TT1B	TT1B/fixed/r14	fixed-address	$AC29	3	つぼ	つぼ	tsubo	つぼ	Pot	Pot			yes	hiragana:2; katakana:0; kanji:0; Latin:0; digits:0; phonetic hiragana orthography		Source suppresses normal kanji/katakana distinctions; restore only with context	fixed-address label; 3 packed bytes	medium		
1315	TT1B	TT1B/fixed/r15	fixed-address	$AC2C	5	てんじひん	てんじひん	tenjihin	てんじひん	Case	Case			yes	hiragana:5; katakana:0; kanji:0; Latin:0; digits:0; phonetic hiragana orthography		Source suppresses normal kanji/katakana distinctions; restore only with context	fixed-address label; 5 packed bytes	medium		
1316	TT1B	TT1B/fixed/r16	fixed-address	$AC31	5	へやのなか	へやのなか	heyanonaka	へやのなか	Room	Room			yes	hiragana:5; katakana:0; kanji:0; Latin:0; digits:0; phonetic hiragana orthography		Source suppresses normal kanji/katakana distinctions; restore only with context	fixed-address label; 5 packed bytes	medium		
1317	TT1B	TT1B/fixed/r17	fixed-address	$AC36	5	おんなのこ	おんなのこ	onnanoko	おんなのこ	Girl	Girl			yes	hiragana:5; katakana:0; kanji:0; Latin:0; digits:0; phonetic hiragana orthography		おんなのこ → 女の子	fixed-address label; 5 packed bytes	medium		
1318	TT1B	TT1B/fixed/r18	fixed-address	$AC3B	5	ばけもの	ばけもの	bakemono	ばけもの	Fiend	Fiend			yes	hiragana:4; katakana:0; kanji:0; Latin:0; digits:0; phonetic hiragana orthography		Source suppresses normal kanji/katakana distinctions; restore only with context	fixed-address label; 5 packed bytes	medium		
1319	TT1B	TT1B/fixed/r19	fixed-address	$AC40	5	おまじない	おまじない	omajinai	おまじない	Charm	Charm			yes	hiragana:5; katakana:0; kanji:0; Latin:0; digits:0; phonetic hiragana orthography		Source suppresses normal kanji/katakana distinctions; restore only with context	fixed-address label; 5 packed bytes	medium		
1320	TT1B	TT1B/fixed/r20	fixed-address	$AC45	5	てをにぎる	てをにぎる	teonigiru	てをにぎる	Hold	Hold			yes	hiragana:5; katakana:0; kanji:0; Latin:0; digits:0; phonetic hiragana orthography		Source suppresses normal kanji/katakana distinctions; restore only with context	fixed-address label; 5 packed bytes	medium		
1321	TT1B	TT1B/fixed/r21	fixed-address	$AC4A	5	かたをだく	かたをだく	kataodaku	かたをだく	Hug	Hug			yes	hiragana:5; katakana:0; kanji:0; Latin:0; digits:0; phonetic hiragana orthography		Source suppresses normal kanji/katakana distinctions; restore only with context	fixed-address label; 5 packed bytes	medium		
1322	TT1B	TT1B/fixed/r22	fixed-address	$AC4F	6	わらいかける	わらいかける	waraikakeru	わらいかける	Smile	Smile			yes	hiragana:6; katakana:0; kanji:0; Latin:0; digits:0; phonetic hiragana orthography		Source suppresses normal kanji/katakana distinctions; restore only with context	fixed-address label; 6 packed bytes	medium		
1323	TT1B	TT1B/fixed/r23	fixed-address	$AC55	4	ほめる	ほめる	homeru	ほめる	Praise	Praise			yes	hiragana:3; katakana:0; kanji:0; Latin:0; digits:0; phonetic hiragana orthography		Source suppresses normal kanji/katakana distinctions; restore only with context	fixed-address label; 4 packed bytes	medium		
1324	TT1B	TT1B/fixed/r24	fixed-address	$AC59	4	さけぶ	さけぶ	sakebu	さけぶ	Yell	Yell			yes	hiragana:3; katakana:0; kanji:0; Latin:0; digits:0; phonetic hiragana orthography		Source suppresses normal kanji/katakana distinctions; restore only with context	fixed-address label; 4 packed bytes	medium		
1325	TT1B	TT1B/fixed/r25	fixed-address	$AC5D	2	め	め	me	め	Eyes	Eyes			yes	hiragana:1; katakana:0; kanji:0; Latin:0; digits:0; phonetic hiragana orthography		Source suppresses normal kanji/katakana distinctions; restore only with context	fixed-address label; 2 packed bytes	medium		
1326	TT1B	TT1B/fixed/r26	fixed-address	$AC5F	3	はな	はな	hana	はな	Nose	Nose			yes	hiragana:2; katakana:0; kanji:0; Latin:0; digits:0; phonetic hiragana orthography		Source suppresses normal kanji/katakana distinctions; restore only with context	fixed-address label; 3 packed bytes	medium		
1327	TT1B	TT1B/fixed/r27	fixed-address	$AC62	3	みみ	みみ	mimi	みみ	Ears	Ears			yes	hiragana:2; katakana:0; kanji:0; Latin:0; digits:0; phonetic hiragana orthography		Source suppresses normal kanji/katakana distinctions; restore only with context	fixed-address label; 3 packed bytes	medium		
1328	TT1B	TT1B/fixed/r28	fixed-address	$AC65	3	むね	むね	mune	むね	Chest	Chest			yes	hiragana:2; katakana:0; kanji:0; Latin:0; digits:0; phonetic hiragana orthography		Source suppresses normal kanji/katakana distinctions; restore only with context	fixed-address label; 3 packed bytes	medium		
1329	TT1B	TT1B/fixed/r29	fixed-address	$AC68	4	おとこ	おとこ	otoko	おとこ	Man	Man			yes	hiragana:3; katakana:0; kanji:0; Latin:0; digits:0; phonetic hiragana orthography		おとこ → 男	fixed-address label; 4 packed bytes	medium		
1330	TT1B	TT1B/fixed/r30	fixed-address	$AC6C	3	ちず	ちず	chizu	ちず	Map	Map			yes	hiragana:2; katakana:0; kanji:0; Latin:0; digits:0; phonetic hiragana orthography		Source suppresses normal kanji/katakana distinctions; restore only with context	fixed-address label; 3 packed bytes	medium		
1331	TT1B	TT1B/fixed/r31	fixed-address	$AC6F	3	きた	きた	kita	きた	North	North			yes	hiragana:2; katakana:0; kanji:0; Latin:0; digits:0; phonetic hiragana orthography		Source suppresses normal kanji/katakana distinctions; restore only with context	fixed-address label; 3 packed bytes	medium		
1332	TT1B	TT1B/fixed/r32	fixed-address	$AC72	3	いえ	いえ	ie	いえ	House	House			yes	hiragana:2; katakana:0; kanji:0; Latin:0; digits:0; phonetic hiragana orthography		Source suppresses normal kanji/katakana distinctions; restore only with context	fixed-address label; 3 packed bytes	medium		
1333	TT1B	TT1B/fixed/r33	fixed-address	$AC75	5	ひょうさつ	ひょうさつ	hyousatsu	ひょうさつ	Plate	Plate			yes	hiragana:5; katakana:0; kanji:0; Latin:0; digits:0; phonetic hiragana orthography		Source suppresses normal kanji/katakana distinctions; restore only with context	fixed-address label; 5 packed bytes	medium		
1334	TT1B	TT1B/fixed/r34	fixed-address	$AC7A	6	いんたーほん	いんたーほん	intaahon	いんたーほん	Intercom	Intercom			yes	hiragana:5; katakana:1; kanji:0; Latin:0; digits:0		Source suppresses normal kanji/katakana distinctions; restore only with context	fixed-address label; 6 packed bytes	medium		
1335	TT1B	TT1B/fixed/r35	fixed-address	$AC80	5	しんぶん	しんぶん	shinbun	しんぶん	News	News			yes	hiragana:4; katakana:0; kanji:0; Latin:0; digits:0; phonetic hiragana orthography		しんぶん → 新聞	fixed-address label; 5 packed bytes	medium		
1336	TT1B	TT1B/fixed/r36	fixed-address	$AC85	5	むしめがね	むしめがね	mushimegane	むしめがね	Lens	Lens			yes	hiragana:5; katakana:0; kanji:0; Latin:0; digits:0; phonetic hiragana orthography		Source suppresses normal kanji/katakana distinctions; restore only with context	fixed-address label; 5 packed bytes	medium		
1337	TT1B	TT1B/fixed/r37	fixed-address	$AC8A	2	え	え	e	え	Picture	Picture			yes	hiragana:1; katakana:0; kanji:0; Latin:0; digits:0; phonetic hiragana orthography		Source suppresses normal kanji/katakana distinctions; restore only with context	fixed-address label; 2 packed bytes	medium		
1338	TT1B	TT1B/fixed/r38	fixed-address	$AC8C	5	ろうじん	ろうじん	roujin	ろうじん	Elder	Elder			yes	hiragana:4; katakana:0; kanji:0; Latin:0; digits:0; phonetic hiragana orthography		Source suppresses normal kanji/katakana distinctions; restore only with context	fixed-address label; 5 packed bytes	medium		
1339	TT1B	TT1B/fixed/r39	fixed-address	$AC91	4	おもて	おもて	omote	おもて	Out	Out			yes	hiragana:3; katakana:0; kanji:0; Latin:0; digits:0; phonetic hiragana orthography		Source suppresses normal kanji/katakana distinctions; restore only with context	fixed-address label; 4 packed bytes	medium		
1340	TT1B	TT1B/fixed/r40	fixed-address	$AC95	4	じめん	じめん	jimen	じめん	Land	Land			yes	hiragana:3; katakana:0; kanji:0; Latin:0; digits:0; phonetic hiragana orthography		Source suppresses normal kanji/katakana distinctions; restore only with context	fixed-address label; 4 packed bytes	medium		
1341	TT1B	TT1B/fixed/r41	fixed-address	$AC99	4	すすむ	すすむ	susumu	すすむ	Go	Go			yes	hiragana:3; katakana:0; kanji:0; Latin:0; digits:0; phonetic hiragana orthography		Source suppresses normal kanji/katakana distinctions; restore only with context	fixed-address label; 4 packed bytes	medium		
1342	TT1B	TT1B/fixed/r42	fixed-address	$AC9D	4	もどる	もどる	modoru	もどる	Back	Back			yes	hiragana:3; katakana:0; kanji:0; Latin:0; digits:0; phonetic hiragana orthography		Source suppresses normal kanji/katakana distinctions; restore only with context	fixed-address label; 4 packed bytes	medium		
1343	TT1B	TT1B/fixed/r43	fixed-address	$ACA1	2	しもん	しもん	shimon	しもん	Simon	Simon			yes	hiragana:3; katakana:0; kanji:0; Latin:0; digits:0; phonetic hiragana orthography		しもん → シモン (Simon)	fixed-address label; 2 packed bytes	medium		
1344	TT1B	TT1B/fixed/r44	fixed-address	$ACA3	3	おく	おく	oku	おく	In	In			yes	hiragana:2; katakana:0; kanji:0; Latin:0; digits:0; phonetic hiragana orthography		Source suppresses normal kanji/katakana distinctions; restore only with context	fixed-address label; 3 packed bytes	medium		
1345	TT1B	TT1B/fixed/r45	fixed-address	$ACA6	3	きく	きく	kiku	きく	Ask	Ask			yes	hiragana:2; katakana:0; kanji:0; Latin:0; digits:0; phonetic hiragana orthography		きく → 聞く/聴く/訊く	fixed-address label; 3 packed bytes	medium		
1346	TT1B	TT1B/fixed/r46	fixed-address	$ACA9	5	きょうかい	きょうかい	kyoukai	きょうかい	Church	Church			yes	hiragana:5; katakana:0; kanji:0; Latin:0; digits:0; phonetic hiragana orthography		きょうかい → 教会	fixed-address label; 5 packed bytes	medium		
1347	TT1B	TT1B/fixed/r47	fixed-address	$ACAE	4	しんぷ	しんぷ	shinpu	しんぷ	Priest	Priest			yes	hiragana:3; katakana:0; kanji:0; Latin:0; digits:0; phonetic hiragana orthography		Source suppresses normal kanji/katakana distinctions; restore only with context	fixed-address label; 4 packed bytes	medium		
1348	TT1B	TT1B/fixed/r48	fixed-address	$ACB2	2	しんじゃ	しんじゃ	shinja	しんじゃ	Member	Member			yes	hiragana:4; katakana:0; kanji:0; Latin:0; digits:0; phonetic hiragana orthography	じゃ: old-person/western-style copula; context decides voice versus region	Source suppresses normal kanji/katakana distinctions; restore only with context	fixed-address label; 2 packed bytes	high		
1349	TT1B	TT1B/fixed/r49	fixed-address	$ACB4	6	せっきょう	せっきょう	sekkyou	せっきょう	Sermon	Sermon			yes	hiragana:5; katakana:0; kanji:0; Latin:0; digits:0; phonetic hiragana orthography		Source suppresses normal kanji/katakana distinctions; restore only with context	fixed-address label; 6 packed bytes	medium		
1350	TT1B	TT1B/fixed/r50	fixed-address	$ACBA	2	あくま	あくま	akuma	あくま	Devil	Devil			yes	hiragana:3; katakana:0; kanji:0; Latin:0; digits:0; phonetic hiragana orthography		あくま → 悪魔	fixed-address label; 2 packed bytes	medium		
1351	TT1B	TT1B/fixed/r51	fixed-address	$ACBC	5	たいむべると	たいむべると	taimuberuto	たいむべると	Belt	Belt			yes	hiragana:6; katakana:0; kanji:0; Latin:0; digits:0; phonetic hiragana orthography		たいむ → タイム | べると → ベルト	fixed-address label; 5 packed bytes	medium		
1352	TT1B	TT1B/fixed/r52	fixed-address	$ACC1	4	にげる	にげる	nigeru	にげる	Run	Run			yes	hiragana:3; katakana:0; kanji:0; Latin:0; digits:0; phonetic hiragana orthography		Source suppresses normal kanji/katakana distinctions; restore only with context	fixed-address label; 4 packed bytes	medium		
1353	TT2	TT2/fixed/r0	fixed-address	$ADB6	3	みる	みる	miru	みる	Look	Look			yes	hiragana:2; katakana:0; kanji:0; Latin:0; digits:0; phonetic hiragana orthography		みる → 見る/診る	fixed-address label; 3 packed bytes	medium		
1354	TT2	TT2/fixed/r1	fixed-address	$ADB9	4	はなす	はなす	hanasu	はなす	Talk	Talk			yes	hiragana:3; katakana:0; kanji:0; Latin:0; digits:0; phonetic hiragana orthography		Source suppresses normal kanji/katakana distinctions; restore only with context	fixed-address label; 4 packed bytes	medium		
1355	TT2	TT2/fixed/r2	fixed-address	$ADBD	3	とる	とる	toru	とる	Take	Take			yes	hiragana:2; katakana:0; kanji:0; Latin:0; digits:0; phonetic hiragana orthography		とる → 取る/撮る/採る	fixed-address label; 3 packed bytes	medium		
1356	TT2	TT2/fixed/r3	fixed-address	$ADC0	4	つかう	つかう	tsukau	つかう	Use	Use			yes	hiragana:3; katakana:0; kanji:0; Latin:0; digits:0; phonetic hiragana orthography		Source suppresses normal kanji/katakana distinctions; restore only with context	fixed-address label; 4 packed bytes	medium		
1357	TT2	TT2/fixed/r4	fixed-address	$ADC4	3	きく	きく	kiku	きく	Ask	Ask			yes	hiragana:2; katakana:0; kanji:0; Latin:0; digits:0; phonetic hiragana orthography		きく → 聞く/聴く/訊く	fixed-address label; 3 packed bytes	medium		
1358	TT2	TT2/fixed/r5	fixed-address	$ADC7	3	かぐ	かぐ	kagu	かぐ	Smell	Smell			yes	hiragana:2; katakana:0; kanji:0; Latin:0; digits:0; phonetic hiragana orthography		Source suppresses normal kanji/katakana distinctions; restore only with context	fixed-address label; 3 packed bytes	medium		
1359	TT2	TT2/fixed/r6	fixed-address	$ADCA	4	いどう	いどう	idou	いどう	Move	Move			yes	hiragana:3; katakana:0; kanji:0; Latin:0; digits:0; phonetic hiragana orthography		Source suppresses normal kanji/katakana distinctions; restore only with context	fixed-address label; 4 packed bytes	medium		
1360	TT2	TT2/fixed/r7	fixed-address	$ADCE	5	へやのなか	へやのなか	heyanonaka	へやのなか	In	In			yes	hiragana:5; katakana:0; kanji:0; Latin:0; digits:0; phonetic hiragana orthography		Source suppresses normal kanji/katakana distinctions; restore only with context	fixed-address label; 5 packed bytes	medium		
1361	TT2	TT2/fixed/r8	fixed-address	$ADD3	5	ぴえーる	ぴえーる	pieeru	ぴえーる	Pierre	Pierre			yes	hiragana:3; katakana:1; kanji:0; Latin:0; digits:0		Source suppresses normal kanji/katakana distinctions; restore only with context	fixed-address label; 5 packed bytes	medium		
1362	TT2	TT2/fixed/r9	fixed-address	$ADD8	4	からだ	からだ	karada	からだ	Body	Body			yes	hiragana:3; katakana:0; kanji:0; Latin:0; digits:0; phonetic hiragana orthography		からだ → 体	fixed-address label; 4 packed bytes	medium		
1363	TT2	TT2/fixed/r10	fixed-address	$ADDC	4	がらす	がらす	garasu	がらす	Glass	Glass			yes	hiragana:3; katakana:0; kanji:0; Latin:0; digits:0; phonetic hiragana orthography		Source suppresses normal kanji/katakana distinctions; restore only with context	fixed-address label; 4 packed bytes	medium		
1364	TT2	TT2/fixed/r11	fixed-address	$ADE0	4	わいん	わいん	wain	わいん	Wine	Wine			yes	hiragana:3; katakana:0; kanji:0; Latin:0; digits:0; phonetic hiragana orthography		Source suppresses normal kanji/katakana distinctions; restore only with context	fixed-address label; 4 packed bytes	medium		
1365	TT2	TT2/fixed/r12	fixed-address	$ADE4	5	あきびん	あきびん	akibin	あきびん	Empty	Empty			yes	hiragana:4; katakana:0; kanji:0; Latin:0; digits:0; phonetic hiragana orthography		Source suppresses normal kanji/katakana distinctions; restore only with context	fixed-address label; 5 packed bytes	medium		
1366	TT2	TT2/fixed/r13	fixed-address	$ADE9	3	のむ	のむ	nomu	のむ	Drink	Drink			yes	hiragana:2; katakana:0; kanji:0; Latin:0; digits:0; phonetic hiragana orthography		Source suppresses normal kanji/katakana distinctions; restore only with context	fixed-address label; 3 packed bytes	medium		
1367	TT2	TT2/fixed/r14	fixed-address	$ADEC	3	ふく	ふく	fuku	ふく	Robe	Robe			yes	hiragana:2; katakana:0; kanji:0; Latin:0; digits:0; phonetic hiragana orthography		Source suppresses normal kanji/katakana distinctions; restore only with context	fixed-address label; 3 packed bytes	medium		
1368	TT2	TT2/fixed/r15	fixed-address	$ADEF	3	かぎ	かぎ	kagi	かぎ	Key	Key			yes	hiragana:2; katakana:0; kanji:0; Latin:0; digits:0; phonetic hiragana orthography		Source suppresses normal kanji/katakana distinctions; restore only with context	fixed-address label; 3 packed bytes	medium		
1369	TT2	TT2/fixed/r16	fixed-address	$ADF2	4	おもて	おもて	omote	おもて	Out	Out			yes	hiragana:3; katakana:0; kanji:0; Latin:0; digits:0; phonetic hiragana orthography		Source suppresses normal kanji/katakana distinctions; restore only with context	fixed-address label; 4 packed bytes	medium		
1370	TT2	TT2/fixed/r17	fixed-address	$ADF6	4	でーた	でーた	deeta	でーた	Data	Data			yes	hiragana:2; katakana:1; kanji:0; Latin:0; digits:0		Source suppresses normal kanji/katakana distinctions; restore only with context	fixed-address label; 4 packed bytes	medium		
1371	TT2	TT2/fixed/r18	fixed-address	$ADFA	4	あるく	あるく	aruku	あるく	Walk	Walk			yes	hiragana:3; katakana:0; kanji:0; Latin:0; digits:0; phonetic hiragana orthography		Source suppresses normal kanji/katakana distinctions; restore only with context	fixed-address label; 4 packed bytes	medium		
1372	TT2	TT2/fixed/r19	fixed-address	$ADFE	4	まわり	まわり	mawari	まわり	Area	Area			yes	hiragana:3; katakana:0; kanji:0; Latin:0; digits:0; phonetic hiragana orthography		Source suppresses normal kanji/katakana distinctions; restore only with context	fixed-address label; 4 packed bytes	medium		
1373	TT2	TT2/fixed/r20	fixed-address	$AE02	5	かんばん	かんばん	kanban	かんばん	Sign	Sign			yes	hiragana:4; katakana:0; kanji:0; Latin:0; digits:0; phonetic hiragana orthography		Source suppresses normal kanji/katakana distinctions; restore only with context	fixed-address label; 5 packed bytes	medium		
1374	TT2	TT2/fixed/r21	fixed-address	$AE07	5	たてふだ	たてふだ	tatefuda	たてふだ	Post	Post			yes	hiragana:4; katakana:0; kanji:0; Latin:0; digits:0; phonetic hiragana orthography		Source suppresses normal kanji/katakana distinctions; restore only with context	fixed-address label; 5 packed bytes	medium		
1375	TT2	TT2/fixed/r22	fixed-address	$AE0C	3	びん	びん	bin	びん	Bottle	Bottle			yes	hiragana:2; katakana:0; kanji:0; Latin:0; digits:0; phonetic hiragana orthography		Source suppresses normal kanji/katakana distinctions; restore only with context	fixed-address label; 3 packed bytes	medium		
1376	TT2	TT2/fixed/r23	fixed-address	$AE0F	3	きる	きる	kiru	きる	Wear	Wear			yes	hiragana:2; katakana:0; kanji:0; Latin:0; digits:0; phonetic hiragana orthography		Source suppresses normal kanji/katakana distinctions; restore only with context	fixed-address label; 3 packed bytes	medium		
1377	TT2	TT2/fixed/r24	fixed-address	$AE12	3	ぬぐ	ぬぐ	nugu	ぬぐ	Remove	Remove			yes	hiragana:2; katakana:0; kanji:0; Latin:0; digits:0; phonetic hiragana orthography		Source suppresses normal kanji/katakana distinctions; restore only with context	fixed-address label; 3 packed bytes	medium		
1378	TT2	TT2/fixed/r25	fixed-address	$AE15	4	おやじ	おやじ	oyaji	おやじ	Man	Man			yes	hiragana:3; katakana:0; kanji:0; Latin:0; digits:0; phonetic hiragana orthography		Source suppresses normal kanji/katakana distinctions; restore only with context	fixed-address label; 4 packed bytes	medium		
1379	TT2	TT2/fixed/r26	fixed-address	$AE19	5	だますかす	だますかす	damasukasu	だますかす	Damascus	Damascus			yes	hiragana:5; katakana:0; kanji:0; Latin:0; digits:0; phonetic hiragana orthography		Source suppresses normal kanji/katakana distinctions; restore only with context	fixed-address label; 5 packed bytes	medium		
1380	TT2	TT2/fixed/r27	fixed-address	$AE1E	5	えるされむ	えるされむ	erusaremu	えるされむ	Jerusalem	Jerusalem			yes	hiragana:5; katakana:0; kanji:0; Latin:0; digits:0; phonetic hiragana orthography		えるされむ → エルサレム (Jerusalem)	fixed-address label; 5 packed bytes	medium		
1381	TT2	TT2/fixed/r28	fixed-address	$AE23	4	くりみあ	くりみあ	kurimia	くりみあ	Crimea	Crimea			yes	hiragana:4; katakana:0; kanji:0; Latin:0; digits:0; phonetic hiragana orthography		Source suppresses normal kanji/katakana distinctions; restore only with context	fixed-address label; 4 packed bytes	medium		
1382	TT2	TT2/fixed/r29	fixed-address	$AE27	5	ひゃくねん	ひゃくねん	hyakunen	ひゃくねん	Hundred Years	Hundred Years			yes	hiragana:5; katakana:0; kanji:0; Latin:0; digits:0; phonetic hiragana orthography		Source suppresses normal kanji/katakana distinctions; restore only with context	fixed-address label; 5 packed bytes	medium		
1383	TT2	TT2/fixed/r30	fixed-address	$AE2C	6	たいへいよう	たいへいよう	taiheiyou	たいへいよう	Pacific	Pacific			yes	hiragana:6; katakana:0; kanji:0; Latin:0; digits:0; phonetic hiragana orthography		Source suppresses normal kanji/katakana distinctions; restore only with context	fixed-address label; 6 packed bytes	medium		
1384	TT2	TT2/fixed/r31	fixed-address	$AE32	5	しょうにん	しょうにん	shounin	しょうにん	Merchants	Merchants			yes	hiragana:5; katakana:0; kanji:0; Latin:0; digits:0; phonetic hiragana orthography		Source suppresses normal kanji/katakana distinctions; restore only with context	fixed-address label; 5 packed bytes	medium		
1385	TT2	TT2/fixed/r32	fixed-address	$AE37	4	しみん	しみん	shimin	しみん	Citizens	Citizens			yes	hiragana:3; katakana:0; kanji:0; Latin:0; digits:0; phonetic hiragana orthography		Source suppresses normal kanji/katakana distinctions; restore only with context	fixed-address label; 4 packed bytes	medium		
1386	TT2	TT2/fixed/r33	fixed-address	$AE3B	5	げいにん	げいにん	geinin	げいにん	Entertainers	Entertainers			yes	hiragana:4; katakana:0; kanji:0; Latin:0; digits:0; phonetic hiragana orthography		Source suppresses normal kanji/katakana distinctions; restore only with context	fixed-address label; 5 packed bytes	medium		
1387	TT2	TT2/fixed/r34	fixed-address	$AE40	5	ざいにん	ざいにん	zainin	ざいにん	Criminals	Criminals			yes	hiragana:4; katakana:0; kanji:0; Latin:0; digits:0; phonetic hiragana orthography		Source suppresses normal kanji/katakana distinctions; restore only with context	fixed-address label; 5 packed bytes	medium		
1388	TT2	TT2/fixed/r35	fixed-address	$AE45	4	がいど	がいど	gaido	がいど	Guide	Guide			yes	hiragana:3; katakana:0; kanji:0; Latin:0; digits:0; phonetic hiragana orthography		Source suppresses normal kanji/katakana distinctions; restore only with context	fixed-address label; 4 packed bytes	medium		
1389	TT2	TT2/fixed/r36	fixed-address	$AE49	4	ぞいど	ぞいど	zoido	ぞいど	Zoid	Zoid			yes	hiragana:3; katakana:0; kanji:0; Latin:0; digits:0; phonetic hiragana orthography	ぞい: stereotyped elderly emphatic ending	Source suppresses normal kanji/katakana distinctions; restore only with context	fixed-address label; 4 packed bytes	high		
1390	TT2	TT2/fixed/r37	fixed-address	$AE4D	4	げるど	げるど	gerudo	げるど	Geld	Geld			yes	hiragana:3; katakana:0; kanji:0; Latin:0; digits:0; phonetic hiragana orthography		Source suppresses normal kanji/katakana distinctions; restore only with context	fixed-address label; 4 packed bytes	medium		
1391	TT2	TT2/fixed/r38	fixed-address	$AE51	4	ぎるど	ぎるど	girudo	ぎるど	Guild	Guild			yes	hiragana:3; katakana:0; kanji:0; Latin:0; digits:0; phonetic hiragana orthography		Source suppresses normal kanji/katakana distinctions; restore only with context	fixed-address label; 4 packed bytes	medium		
1392	TT2	TT2/fixed/r39	fixed-address	$AE55	4	おいど	おいど	oido	おいど	Oido	Oido			yes	hiragana:3; katakana:0; kanji:0; Latin:0; digits:0; phonetic hiragana orthography		Source suppresses normal kanji/katakana distinctions; restore only with context	fixed-address label; 4 packed bytes	medium		
1393	TT2	TT2/fixed/r40	fixed-address	$AE59	6	だ・びんち	だ・びんち	da・binchi	だ・びんち	da Vinci	da Vinci			yes	hiragana:4; katakana:1; kanji:0; Latin:0; digits:0		Source suppresses normal kanji/katakana distinctions; restore only with context	fixed-address label; 6 packed bytes	medium		
1394	TT2	TT2/fixed/r41	fixed-address	$AE5F	5	ら・こすて	ら・こすて	ra・kosute	ら・こすて	Lacoste	Lacoste			yes	hiragana:4; katakana:1; kanji:0; Latin:0; digits:0		Source suppresses normal kanji/katakana distinctions; restore only with context	fixed-address label; 5 packed bytes	medium		
1395	TT2	TT2/fixed/r42	fixed-address	$AE64	6	で・ぱるま	で・ぱるま	de・paruma	で・ぱるま	De Palma	De Palma			yes	hiragana:4; katakana:1; kanji:0; Latin:0; digits:0		Source suppresses normal kanji/katakana distinctions; restore only with context	fixed-address label; 6 packed bytes	medium		
1396	TT2	TT2/fixed/r43	fixed-address	$AE6A	6	で・にーろ	で・にーろ	de・niiro	で・にーろ	De Niro	De Niro			yes	hiragana:3; katakana:2; kanji:0; Latin:0; digits:0		Source suppresses normal kanji/katakana distinctions; restore only with context	fixed-address label; 6 packed bytes	medium		
1397	TT2	TT2/fixed/r44	fixed-address	$AE70	7	ど・ぬーぶ	ど・ぬーぶ	do・nuubu	ど・ぬーぶ	Danube	Danube			yes	hiragana:3; katakana:2; kanji:0; Latin:0; digits:0		Source suppresses normal kanji/katakana distinctions; restore only with context	fixed-address label; 7 packed bytes	medium		
1398	TT2	TT2/fixed/r45	fixed-address	$AE77	5	う・たんと	う・たんと	u・tanto	う・たんと	U Thant	U Thant			yes	hiragana:4; katakana:1; kanji:0; Latin:0; digits:0		Source suppresses normal kanji/katakana distinctions; restore only with context	fixed-address label; 5 packed bytes | compact uppercase label may be an abbreviation	high		
1399	TT2	TT2/fixed/r46	fixed-address	$AE7C	4	どうぐ	どうぐ	dougu	どうぐ	Tools	Tools			yes	hiragana:3; katakana:0; kanji:0; Latin:0; digits:0; phonetic hiragana orthography		Source suppresses normal kanji/katakana distinctions; restore only with context	fixed-address label; 4 packed bytes	medium		
1400	TT2	TT2/fixed/r47	fixed-address	$AE80	4	すすめる	すすめる	susumeru	すすめる	Move	Move			yes	hiragana:4; katakana:0; kanji:0; Latin:0; digits:0; phonetic hiragana orthography		Source suppresses normal kanji/katakana distinctions; restore only with context	fixed-address label; 4 packed bytes	medium		
1401	TT2	TT2/fixed/r48	fixed-address	$AE84	6	どうぐばこ	どうぐばこ	dougubako	どうぐばこ	Box	Box			yes	hiragana:5; katakana:0; kanji:0; Latin:0; digits:0; phonetic hiragana orthography		Source suppresses normal kanji/katakana distinctions; restore only with context	fixed-address label; 6 packed bytes	medium		
1402	TT2	TT2/fixed/r49	fixed-address	$AE8A	3	ちの	ちの	chino	ちの	Chino	Chino			yes	hiragana:2; katakana:0; kanji:0; Latin:0; digits:0; phonetic hiragana orthography		Source suppresses normal kanji/katakana distinctions; restore only with context	fixed-address label; 3 packed bytes	medium		
1403	TT2	TT2/fixed/r50	fixed-address	$AE8D	5	ごるどー	ごるどー	gorudoo	ごるどー	Gordo	Gordo			yes	hiragana:3; katakana:1; kanji:0; Latin:0; digits:0		Source suppresses normal kanji/katakana distinctions; restore only with context	fixed-address label; 5 packed bytes	medium		
1404	TT2	TT2/fixed/r51	fixed-address	$AE92	3	まつ	まつ	matsu	まつ	Wait	Wait			yes	hiragana:2; katakana:0; kanji:0; Latin:0; digits:0; phonetic hiragana orthography		Source suppresses normal kanji/katakana distinctions; restore only with context	fixed-address label; 3 packed bytes	medium		
1405	TT2	TT2/fixed/r52	fixed-address	$AE95	4	またない	またない	matanai	またない	No	No			yes	hiragana:4; katakana:0; kanji:0; Latin:0; digits:0; phonetic hiragana orthography		Source suppresses normal kanji/katakana distinctions; restore only with context	fixed-address label; 4 packed bytes	medium		
1406	TT2	TT2/fixed/r53	fixed-address	$AE99	4	るごー	るごー	rugoo	るごー	Lugot	Lugot			yes	hiragana:2; katakana:1; kanji:0; Latin:0; digits:0		Source suppresses normal kanji/katakana distinctions; restore only with context	fixed-address label; 4 packed bytes	medium		
1407	TT2	TT2/fixed/r54	fixed-address	$AE9D	5	ひきうける	ひきうける	hikiukeru	ひきうける	Yes	Yes			yes	hiragana:5; katakana:0; kanji:0; Latin:0; digits:0; phonetic hiragana orthography		Source suppresses normal kanji/katakana distinctions; restore only with context	fixed-address label; 5 packed bytes	medium		
1408	TT2	TT2/fixed/r55	fixed-address	$AEA2	4	ことわる	ことわる	kotowaru	ことわる	No	No			yes	hiragana:4; katakana:0; kanji:0; Latin:0; digits:0; phonetic hiragana orthography		Source suppresses normal kanji/katakana distinctions; restore only with context	fixed-address label; 4 packed bytes	medium		
1409	TT2	TT2/fixed/r56	fixed-address	$AEA6	3	さけ	さけ	sake	さけ	Wine	Wine			yes	hiragana:2; katakana:0; kanji:0; Latin:0; digits:0; phonetic hiragana orthography		Source suppresses normal kanji/katakana distinctions; restore only with context	fixed-address label; 3 packed bytes	medium		
1410	TT2	TT2/fixed/r57	fixed-address	$AEA9	4	やくにん	やくにん	yakunin	やくにん	Guard	Guard			yes	hiragana:4; katakana:0; kanji:0; Latin:0; digits:0; phonetic hiragana orthography		Source suppresses normal kanji/katakana distinctions; restore only with context	fixed-address label; 4 packed bytes	medium		
1411	TT2	TT2/fixed/r58	fixed-address	$AEAD	2	やじうま	やじうま	yajiuma	やじうま	Crowd	Crowd			yes	hiragana:4; katakana:0; kanji:0; Latin:0; digits:0; phonetic hiragana orthography		Source suppresses normal kanji/katakana distinctions; restore only with context	fixed-address label; 2 packed bytes	medium		
1412	TT2	TT2/fixed/r59	fixed-address	$AEAF	4	たてもの	たてもの	tatemono	たてもの	Building	Building			yes	hiragana:4; katakana:0; kanji:0; Latin:0; digits:0; phonetic hiragana orthography		Source suppresses normal kanji/katakana distinctions; restore only with context	fixed-address label; 4 packed bytes	medium		
1413	TT2	TT2/fixed/r60	fixed-address	$AEB3	5	けいむしょ	けいむしょ	keimusho	けいむしょ	Jail	Jail			yes	hiragana:5; katakana:0; kanji:0; Latin:0; digits:0; phonetic hiragana orthography		Source suppresses normal kanji/katakana distinctions; restore only with context	fixed-address label; 5 packed bytes	medium		
1414	TT2	TT2/fixed/r61	fixed-address	$AEB8	3	まち	まち	machi	まち	Town	Town			yes	hiragana:2; katakana:0; kanji:0; Latin:0; digits:0; phonetic hiragana orthography		Source suppresses normal kanji/katakana distinctions; restore only with context	fixed-address label; 3 packed bytes	medium		
1415	TT2	TT2/fixed/r62	fixed-address	$AEBB	5	かんしゅ	かんしゅ	kanshu	かんしゅ	Jailer	Jailer			yes	hiragana:4; katakana:0; kanji:0; Latin:0; digits:0; phonetic hiragana orthography		Source suppresses normal kanji/katakana distinctions; restore only with context	fixed-address label; 5 packed bytes	medium		
1416	TT2	TT2/fixed/r63	fixed-address	$AEC0	4	おんなたち	おんなたち	onnatachi	おんなたち	Women	Women			yes	hiragana:5; katakana:0; kanji:0; Latin:0; digits:0; phonetic hiragana orthography		おんな → 女	fixed-address label; 4 packed bytes	medium		
1417	TT2	TT2/fixed/r64	fixed-address	$AEC4	4	ちかしつ	ちかしつ	chikashitsu	ちかしつ	Cellar	Cellar			yes	hiragana:4; katakana:0; kanji:0; Latin:0; digits:0; phonetic hiragana orthography		Source suppresses normal kanji/katakana distinctions; restore only with context	fixed-address label; 4 packed bytes	medium		
1418	TT2	TT2/fixed/r65	fixed-address	$AEC8	2	しきょう	しきょう	shikyou	しきょう	Bishop	Bishop			yes	hiragana:4; katakana:0; kanji:0; Latin:0; digits:0; phonetic hiragana orthography		Source suppresses normal kanji/katakana distinctions; restore only with context	fixed-address label; 2 packed bytes	medium		
1419	TT2	TT2/fixed/r66	fixed-address	$AECA	2	じゃんぬ	じゃんぬ	jannu	じゃんぬ	Jeanne	Jeanne			yes	hiragana:4; katakana:0; kanji:0; Latin:0; digits:0; phonetic hiragana orthography	ぬ: literary/archaic negative	じゃんぬ → ジャンヌ (Jeanne)	fixed-address label; 2 packed bytes	medium		
1420	TT2	TT2/fixed/r67	fixed-address	$AECC	4	ろーぷ	ろーぷ	roopu	ろーぷ	Rope	Rope			yes	hiragana:2; katakana:1; kanji:0; Latin:0; digits:0		Source suppresses normal kanji/katakana distinctions; restore only with context	fixed-address label; 4 packed bytes	medium		
1421	TT2	TT2/fixed/r68	fixed-address	$AED0	4	ろうそく	ろうそく	rousoku	ろうそく	Candle	Candle			yes	hiragana:4; katakana:0; kanji:0; Latin:0; digits:0; phonetic hiragana orthography		Source suppresses normal kanji/katakana distinctions; restore only with context	fixed-address label; 4 packed bytes	medium		
1422	TT2	TT2/fixed/r69	fixed-address	$AED4	4	ろうや	ろうや	rouya	ろうや	Cell	Cell			yes	hiragana:3; katakana:0; kanji:0; Latin:0; digits:0; phonetic hiragana orthography		Source suppresses normal kanji/katakana distinctions; restore only with context	fixed-address label; 4 packed bytes	medium		
1423	T22	T22/fixed/r0	fixed-address	$A929	3	みる	みる	miru	みる	Look	Look			yes	hiragana:2; katakana:0; kanji:0; Latin:0; digits:0; phonetic hiragana orthography		みる → 見る/診る	fixed-address label; 3 packed bytes	medium		
1424	T22	T22/fixed/r1	fixed-address	$A92C	4	はなす	はなす	hanasu	はなす	Talk	Talk			yes	hiragana:3; katakana:0; kanji:0; Latin:0; digits:0; phonetic hiragana orthography		Source suppresses normal kanji/katakana distinctions; restore only with context	fixed-address label; 4 packed bytes	medium		
1425	T22	T22/fixed/r2	fixed-address	$A930	4	つかう	つかう	tsukau	つかう	Use	Use			yes	hiragana:3; katakana:0; kanji:0; Latin:0; digits:0; phonetic hiragana orthography		Source suppresses normal kanji/katakana distinctions; restore only with context	fixed-address label; 4 packed bytes	medium		
1426	T22	T22/fixed/r3	fixed-address	$A934	3	きく	きく	kiku	きく	Ask	Ask			yes	hiragana:2; katakana:0; kanji:0; Latin:0; digits:0; phonetic hiragana orthography		きく → 聞く/聴く/訊く	fixed-address label; 3 packed bytes	medium		
1427	T22	T22/fixed/r4	fixed-address	$A937	4	いどう	いどう	idou	いどう	Move	Move			yes	hiragana:3; katakana:0; kanji:0; Latin:0; digits:0; phonetic hiragana orthography		Source suppresses normal kanji/katakana distinctions; restore only with context	fixed-address label; 4 packed bytes	medium		
1428	T22	T22/fixed/r5	fixed-address	$A93B	6	だんしゃく	だんしゃく	danshaku	だんしゃく	Baron	Baron			yes	hiragana:5; katakana:0; kanji:0; Latin:0; digits:0; phonetic hiragana orthography		Source suppresses normal kanji/katakana distinctions; restore only with context	fixed-address label; 6 packed bytes	medium		
1429	T22	T22/fixed/r6	fixed-address	$A941	5	かんしゅ	かんしゅ	kanshu	かんしゅ	Jailer	Jailer			yes	hiragana:4; katakana:0; kanji:0; Latin:0; digits:0; phonetic hiragana orthography		Source suppresses normal kanji/katakana distinctions; restore only with context	fixed-address label; 5 packed bytes	medium		
1430	T22	T22/fixed/r7	fixed-address	$A946	4	おんなたち	おんなたち	onnatachi	おんなたち	Women	Women			yes	hiragana:5; katakana:0; kanji:0; Latin:0; digits:0; phonetic hiragana orthography		おんな → 女	fixed-address label; 4 packed bytes	medium		
1431	T22	T22/fixed/r8	fixed-address	$A94A	3	ふく	ふく	fuku	ふく	Robe	Robe			yes	hiragana:2; katakana:0; kanji:0; Latin:0; digits:0; phonetic hiragana orthography		Source suppresses normal kanji/katakana distinctions; restore only with context	fixed-address label; 3 packed bytes	medium		
1432	T22	T22/fixed/r9	fixed-address	$A94D	3	かぎ	かぎ	kagi	かぎ	Key	Key			yes	hiragana:2; katakana:0; kanji:0; Latin:0; digits:0; phonetic hiragana orthography		Source suppresses normal kanji/katakana distinctions; restore only with context	fixed-address label; 3 packed bytes	medium		
1433	T22	T22/fixed/r10	fixed-address	$A950	6	けいやくしょ	けいやくしょ	keiyakusho	けいやくしょ	Pact	Pact			yes	hiragana:6; katakana:0; kanji:0; Latin:0; digits:0; phonetic hiragana orthography		Source suppresses normal kanji/katakana distinctions; restore only with context	fixed-address label; 6 packed bytes	medium		
1434	T22	T22/fixed/r11	fixed-address	$A956	3	ぬぐ	ぬぐ	nugu	ぬぐ	Remove	Remove			yes	hiragana:2; katakana:0; kanji:0; Latin:0; digits:0; phonetic hiragana orthography		Source suppresses normal kanji/katakana distinctions; restore only with context	fixed-address label; 3 packed bytes	medium		
1435	T22	T22/fixed/r12	fixed-address	$A959	4	ちかしつ	ちかしつ	chikashitsu	ちかしつ	Cellar	Cellar			yes	hiragana:4; katakana:0; kanji:0; Latin:0; digits:0; phonetic hiragana orthography		Source suppresses normal kanji/katakana distinctions; restore only with context	fixed-address label; 4 packed bytes	medium		
1436	T22	T22/fixed/r13	fixed-address	$A95D	4	おもて	おもて	omote	おもて	Out	Out			yes	hiragana:3; katakana:0; kanji:0; Latin:0; digits:0; phonetic hiragana orthography		Source suppresses normal kanji/katakana distinctions; restore only with context	fixed-address label; 4 packed bytes	medium		
1437	T22	T22/fixed/r14	fixed-address	$A961	3	とる	とる	toru	とる	Take	Take			yes	hiragana:2; katakana:0; kanji:0; Latin:0; digits:0; phonetic hiragana orthography		とる → 取る/撮る/採る	fixed-address label; 3 packed bytes	medium		
1438	T22	T22/fixed/r15	fixed-address	$A964	3	おす	おす	osu	おす	Push	Push			yes	hiragana:2; katakana:0; kanji:0; Latin:0; digits:0; phonetic hiragana orthography		Source suppresses normal kanji/katakana distinctions; restore only with context	fixed-address label; 3 packed bytes	medium		
1439	T22	T22/fixed/r16	fixed-address	$A967	5	へやのなか	へやのなか	heyanonaka	へやのなか	In	In			yes	hiragana:5; katakana:0; kanji:0; Latin:0; digits:0; phonetic hiragana orthography		Source suppresses normal kanji/katakana distinctions; restore only with context	fixed-address label; 5 packed bytes	medium		
1440	T22	T22/fixed/r17	fixed-address	$A96C	3	ちの	ちの	chino	ちの	Chino	Chino			yes	hiragana:2; katakana:0; kanji:0; Latin:0; digits:0; phonetic hiragana orthography		Source suppresses normal kanji/katakana distinctions; restore only with context	fixed-address label; 3 packed bytes	medium		
1441	T22	T22/fixed/r18	fixed-address	$A96F	3	かべ	かべ	kabe	かべ	Wall	Wall			yes	hiragana:2; katakana:0; kanji:0; Latin:0; digits:0; phonetic hiragana orthography		Source suppresses normal kanji/katakana distinctions; restore only with context	fixed-address label; 3 packed bytes	medium		
1442	T22	T22/fixed/r19	fixed-address	$A972	4	ろーぷ	ろーぷ	roopu	ろーぷ	Rope	Rope			yes	hiragana:2; katakana:1; kanji:0; Latin:0; digits:0		Source suppresses normal kanji/katakana distinctions; restore only with context	fixed-address label; 4 packed bytes	medium		
1443	T22	T22/fixed/r20	fixed-address	$A976	3	あな	あな	ana	あな	Hole	Hole			yes	hiragana:2; katakana:0; kanji:0; Latin:0; digits:0; phonetic hiragana orthography		Source suppresses normal kanji/katakana distinctions; restore only with context	fixed-address label; 3 packed bytes	medium		
1444	T22	T22/fixed/r21	fixed-address	$A979	4	ろうや	ろうや	rouya	ろうや	Cell	Cell			yes	hiragana:3; katakana:0; kanji:0; Latin:0; digits:0; phonetic hiragana orthography		Source suppresses normal kanji/katakana distinctions; restore only with context	fixed-address label; 4 packed bytes	medium		
1445	T22	T22/fixed/r22	fixed-address	$A97D	4	あける	あける	akeru	あける	Open	Open			yes	hiragana:3; katakana:0; kanji:0; Latin:0; digits:0; phonetic hiragana orthography		Source suppresses normal kanji/katakana distinctions; restore only with context	fixed-address label; 4 packed bytes	medium		
1446	T22	T22/fixed/r23	fixed-address	$A981	3	はこ	はこ	hako	はこ	Box	Box			yes	hiragana:2; katakana:0; kanji:0; Latin:0; digits:0; phonetic hiragana orthography		Source suppresses normal kanji/katakana distinctions; restore only with context	fixed-address label; 3 packed bytes	medium		
1447	T22	T22/fixed/r24	fixed-address	$A984	4	かみきれ	かみきれ	kamikire	かみきれ	Paper	Paper			yes	hiragana:4; katakana:0; kanji:0; Latin:0; digits:0; phonetic hiragana orthography		Source suppresses normal kanji/katakana distinctions; restore only with context	fixed-address label; 4 packed bytes	medium		
1448	T22	T22/fixed/r25	fixed-address	$A988	4	もどる	もどる	modoru	もどる	Back	Back			yes	hiragana:3; katakana:0; kanji:0; Latin:0; digits:0; phonetic hiragana orthography		Source suppresses normal kanji/katakana distinctions; restore only with context	fixed-address label; 4 packed bytes	medium		
1449	T22	T22/fixed/r26	fixed-address	$A98C	7	しょけいだい	しょけいだい	shokeidai	しょけいだい	Scaffold	Scaffold			yes	hiragana:6; katakana:0; kanji:0; Latin:0; digits:0; phonetic hiragana orthography		Source suppresses normal kanji/katakana distinctions; restore only with context	fixed-address label; 7 packed bytes	medium		
1450	T22	T22/fixed/r27	fixed-address	$A993	2	じゃんぬ	じゃんぬ	jannu	じゃんぬ	Jeanne	Jeanne			yes	hiragana:4; katakana:0; kanji:0; Latin:0; digits:0; phonetic hiragana orthography	ぬ: literary/archaic negative	じゃんぬ → ジャンヌ (Jeanne)	fixed-address label; 2 packed bytes	medium		
1451	T22	T22/fixed/r28	fixed-address	$A995	2	しきょう	しきょう	shikyou	しきょう	Bishop	Bishop			yes	hiragana:4; katakana:0; kanji:0; Latin:0; digits:0; phonetic hiragana orthography		Source suppresses normal kanji/katakana distinctions; restore only with context	fixed-address label; 2 packed bytes	medium		
1452	T22	T22/fixed/r29	fixed-address	$A997	4	るごー	るごー	rugoo	るごー	Lugot	Lugot			yes	hiragana:2; katakana:1; kanji:0; Latin:0; digits:0		Source suppresses normal kanji/katakana distinctions; restore only with context	fixed-address label; 4 packed bytes	medium		
1453	T22	T22/fixed/r30	fixed-address	$A99B	2	やじうま	やじうま	yajiuma	やじうま	Crowd	Crowd			yes	hiragana:4; katakana:0; kanji:0; Latin:0; digits:0; phonetic hiragana orthography		Source suppresses normal kanji/katakana distinctions; restore only with context	fixed-address label; 2 packed bytes	medium		
1454	T22	T22/fixed/r31	fixed-address	$A99D	5	けいむしょ	けいむしょ	keimusho	けいむしょ	Prison	Prison			yes	hiragana:5; katakana:0; kanji:0; Latin:0; digits:0; phonetic hiragana orthography		Source suppresses normal kanji/katakana distinctions; restore only with context	fixed-address label; 5 packed bytes	medium		
1455	T22	T22/fixed/r32	fixed-address	$A9A2	4	あるく	あるく	aruku	あるく	Walk	Walk			yes	hiragana:3; katakana:0; kanji:0; Latin:0; digits:0; phonetic hiragana orthography		Source suppresses normal kanji/katakana distinctions; restore only with context	fixed-address label; 4 packed bytes	medium		
1456	TT3A	TT3A/fixed/r0	fixed-address	$AC04	3	みる	みる	miru	みる	Look	Look			yes	hiragana:2; katakana:0; kanji:0; Latin:0; digits:0; phonetic hiragana orthography		みる → 見る/診る	fixed-address label; 3 packed bytes	medium		
1457	TT3A	TT3A/fixed/r1	fixed-address	$AC07	4	はなす	はなす	hanasu	はなす	Talk	Talk			yes	hiragana:3; katakana:0; kanji:0; Latin:0; digits:0; phonetic hiragana orthography		Source suppresses normal kanji/katakana distinctions; restore only with context	fixed-address label; 4 packed bytes	medium		
1458	TT3A	TT3A/fixed/r2	fixed-address	$AC0B	3	とる	とる	toru	とる	Take	Take			yes	hiragana:2; katakana:0; kanji:0; Latin:0; digits:0; phonetic hiragana orthography		とる → 取る/撮る/採る	fixed-address label; 3 packed bytes	medium		
1459	TT3A	TT3A/fixed/r3	fixed-address	$AC0E	4	つかう	つかう	tsukau	つかう	Use	Use			yes	hiragana:3; katakana:0; kanji:0; Latin:0; digits:0; phonetic hiragana orthography		Source suppresses normal kanji/katakana distinctions; restore only with context	fixed-address label; 4 packed bytes	medium		
1460	TT3A	TT3A/fixed/r4	fixed-address	$AC12	4	いどう	いどう	idou	いどう	Move	Move			yes	hiragana:3; katakana:0; kanji:0; Latin:0; digits:0; phonetic hiragana orthography		Source suppresses normal kanji/katakana distinctions; restore only with context	fixed-address label; 4 packed bytes	medium		
1461	TT3A	TT3A/fixed/r5	fixed-address	$AC16	4	まわり	まわり	mawari	まわり	Area	Area			yes	hiragana:3; katakana:0; kanji:0; Latin:0; digits:0; phonetic hiragana orthography		Source suppresses normal kanji/katakana distinctions; restore only with context	fixed-address label; 4 packed bytes	medium		
1462	TT3A	TT3A/fixed/r6	fixed-address	$AC1A	4	からだ	からだ	karada	からだ	Body	Body			yes	hiragana:3; katakana:0; kanji:0; Latin:0; digits:0; phonetic hiragana orthography		からだ → 体	fixed-address label; 4 packed bytes	medium		
1463	TT3A	TT3A/fixed/r7	fixed-address	$AC1E	5	ぽけっと	ぽけっと	poketto	ぽけっと	Pocket	Pocket			yes	hiragana:4; katakana:0; kanji:0; Latin:0; digits:0; phonetic hiragana orthography		Source suppresses normal kanji/katakana distinctions; restore only with context	fixed-address label; 5 packed bytes	medium		
1464	TT3A	TT3A/fixed/r8	fixed-address	$AC23	4	ぺんち	ぺんち	penchi	ぺんち	Pliers	Pliers			yes	hiragana:3; katakana:0; kanji:0; Latin:0; digits:0; phonetic hiragana orthography		Source suppresses normal kanji/katakana distinctions; restore only with context	fixed-address label; 4 packed bytes	medium		
1465	TT3A	TT3A/fixed/r9	fixed-address	$AC27	5	さくのそと	さくのそと	sakunosoto	さくのそと	Out	Out			yes	hiragana:5; katakana:0; kanji:0; Latin:0; digits:0; phonetic hiragana orthography		Source suppresses normal kanji/katakana distinctions; restore only with context	fixed-address label; 5 packed bytes	medium		
1466	TT3A	TT3A/fixed/r10	fixed-address	$AC2C	4	たたく	たたく	tataku	たたく	Hit	Hit			yes	hiragana:3; katakana:0; kanji:0; Latin:0; digits:0; phonetic hiragana orthography		Source suppresses normal kanji/katakana distinctions; restore only with context	fixed-address label; 4 packed bytes	medium		
1467	TT3A	TT3A/fixed/r11	fixed-address	$AC30	4	でーた	でーた	deeta	でーた	Data	Data			yes	hiragana:2; katakana:1; kanji:0; Latin:0; digits:0		Source suppresses normal kanji/katakana distinctions; restore only with context	fixed-address label; 4 packed bytes	medium		
1468	TT3A	TT3A/fixed/r12	fixed-address	$AC34	5	へやのなか	へやのなか	heyanonaka	へやのなか	In	In			yes	hiragana:5; katakana:0; kanji:0; Latin:0; digits:0; phonetic hiragana orthography		Source suppresses normal kanji/katakana distinctions; restore only with context	fixed-address label; 5 packed bytes	medium		
1469	TT3A	TT3A/fixed/r13	fixed-address	$AC39	3	かべ	かべ	kabe	かべ	Wall	Wall			yes	hiragana:2; katakana:0; kanji:0; Latin:0; digits:0; phonetic hiragana orthography		Source suppresses normal kanji/katakana distinctions; restore only with context	fixed-address label; 3 packed bytes	medium		
1470	TT3A	TT3A/fixed/r14	fixed-address	$AC3C	5	まもりふだ	まもりふだ	mamorifuda	まもりふだ	Charm	Charm			yes	hiragana:5; katakana:0; kanji:0; Latin:0; digits:0; phonetic hiragana orthography		Source suppresses normal kanji/katakana distinctions; restore only with context	fixed-address label; 5 packed bytes	medium		
1471	TT3A	TT3A/fixed/r15	fixed-address	$AC41	4	おもて	おもて	omote	おもて	Out	Out			yes	hiragana:3; katakana:0; kanji:0; Latin:0; digits:0; phonetic hiragana orthography		Source suppresses normal kanji/katakana distinctions; restore only with context	fixed-address label; 4 packed bytes	medium		
1472	TT3A	TT3A/fixed/r16	fixed-address	$AC45	3	おす	おす	osu	おす	Push	Push			yes	hiragana:2; katakana:0; kanji:0; Latin:0; digits:0; phonetic hiragana orthography		Source suppresses normal kanji/katakana distinctions; restore only with context	fixed-address label; 3 packed bytes	medium		
1473	TT3A	TT3A/fixed/r17	fixed-address	$AC48	4	はいる	はいる	hairu	はいる	In	In			yes	hiragana:3; katakana:0; kanji:0; Latin:0; digits:0; phonetic hiragana orthography		Source suppresses normal kanji/katakana distinctions; restore only with context	fixed-address label; 4 packed bytes	medium		
1474	TT3A	TT3A/fixed/r18	fixed-address	$AC4C	4	あるく	あるく	aruku	あるく	Walk	Walk			yes	hiragana:3; katakana:0; kanji:0; Latin:0; digits:0; phonetic hiragana orthography		Source suppresses normal kanji/katakana distinctions; restore only with context	fixed-address label; 4 packed bytes	medium		
1475	TT3A	TT3A/fixed/r19	fixed-address	$AC50	3	ゆか	ゆか	yuka	ゆか	Floor	Floor			yes	hiragana:2; katakana:0; kanji:0; Latin:0; digits:0; phonetic hiragana orthography		Source suppresses normal kanji/katakana distinctions; restore only with context	fixed-address label; 3 packed bytes	medium		
1476	TT3A	TT3A/fixed/r20	fixed-address	$AC53	4	にっく	にっく	nikku	にっく	Nick	Nick			yes	hiragana:3; katakana:0; kanji:0; Latin:0; digits:0; phonetic hiragana orthography		Source suppresses normal kanji/katakana distinctions; restore only with context	fixed-address label; 4 packed bytes	medium		
1477	TT3A	TT3A/fixed/r21	fixed-address	$AC57	4	らるふ	らるふ	rarufu	らるふ	Ralph	Ralph			yes	hiragana:3; katakana:0; kanji:0; Latin:0; digits:0; phonetic hiragana orthography		Source suppresses normal kanji/katakana distinctions; restore only with context	fixed-address label; 4 packed bytes	medium		
1478	TT3A	TT3A/fixed/r22	fixed-address	$AC5B	5	ふらんきー	ふらんきー	furankii	ふらんきー	Frankie	Frankie			yes	hiragana:4; katakana:1; kanji:0; Latin:0; digits:0		Source suppresses normal kanji/katakana distinctions; restore only with context	fixed-address label; 5 packed bytes	medium		
1479	TT3A	TT3A/fixed/r23	fixed-address	$AC60	5	すとーぶ	すとーぶ	sutoobu	すとーぶ	Stove	Stove			yes	hiragana:3; katakana:1; kanji:0; Latin:0; digits:0		Source suppresses normal kanji/katakana distinctions; restore only with context	fixed-address label; 5 packed bytes	medium		
1480	TT3A	TT3A/fixed/r24	fixed-address	$AC65	5	べっど	べっど	beddo	べっど	Bed	Bed			yes	hiragana:3; katakana:0; kanji:0; Latin:0; digits:0; phonetic hiragana orthography		Source suppresses normal kanji/katakana distinctions; restore only with context	fixed-address label; 5 packed bytes	medium		
1481	TT3A	TT3A/fixed/r25	fixed-address	$AC6A	7	しゃわーしつ	しゃわーしつ	shawaashitsu	しゃわーしつ	Shower	Shower			yes	hiragana:5; katakana:1; kanji:0; Latin:0; digits:0		Source suppresses normal kanji/katakana distinctions; restore only with context	fixed-address label; 7 packed bytes	medium		
1482	TT3A	TT3A/fixed/r26	fixed-address	$AC71	4	しーつ	しーつ	shiitsu	しーつ	Sheet	Sheet			yes	hiragana:2; katakana:1; kanji:0; Latin:0; digits:0		Source suppresses normal kanji/katakana distinctions; restore only with context	fixed-address label; 4 packed bytes	medium		
1483	TT3A	TT3A/fixed/r27	fixed-address	$AC75	3	ふく	ふく	fuku	ふく	Clothes	Clothes			yes	hiragana:2; katakana:0; kanji:0; Latin:0; digits:0; phonetic hiragana orthography		Source suppresses normal kanji/katakana distinctions; restore only with context	fixed-address label; 3 packed bytes	medium		
1484	TT3A	TT3A/fixed/r28	fixed-address	$AC78	5	まっとれす	まっとれす	mattoresu	まっとれす	Mattress	Mattress			yes	hiragana:5; katakana:0; kanji:0; Latin:0; digits:0; phonetic hiragana orthography		Source suppresses normal kanji/katakana distinctions; restore only with context	fixed-address label; 5 packed bytes	medium		
1485	TT3A	TT3A/fixed/r29	fixed-address	$AC7D	4	たいる	たいる	tairu	たいる	Tile	Tile			yes	hiragana:3; katakana:0; kanji:0; Latin:0; digits:0; phonetic hiragana orthography		Source suppresses normal kanji/katakana distinctions; restore only with context	fixed-address label; 4 packed bytes	medium		
1486	TT3A	TT3A/fixed/r30	fixed-address	$AC81	4	こいし	こいし	koishi	こいし	Rock	Rock			yes	hiragana:3; katakana:0; kanji:0; Latin:0; digits:0; phonetic hiragana orthography		Source suppresses normal kanji/katakana distinctions; restore only with context	fixed-address label; 4 packed bytes	medium		
1487	TT3A	TT3A/fixed/r31	fixed-address	$AC85	5	しゃわー	しゃわー	shawaa	しゃわー	Shower	Shower			yes	hiragana:3; katakana:1; kanji:0; Latin:0; digits:0		Source suppresses normal kanji/katakana distinctions; restore only with context	fixed-address label; 5 packed bytes	medium		
1488	TT3A	TT3A/fixed/r32	fixed-address	$AC8A	3	きる	きる	kiru	きる	Wear	Wear			yes	hiragana:2; katakana:0; kanji:0; Latin:0; digits:0; phonetic hiragana orthography		Source suppresses normal kanji/katakana distinctions; restore only with context	fixed-address label; 3 packed bytes	medium		
1489	TT3A	TT3A/fixed/r33	fixed-address	$AC8D	4	とんねる	とんねる	tonneru	とんねる	Tunnel	Tunnel			yes	hiragana:4; katakana:0; kanji:0; Latin:0; digits:0; phonetic hiragana orthography		Source suppresses normal kanji/katakana distinctions; restore only with context	fixed-address label; 4 packed bytes	medium		
1490	TT3A	TT3A/fixed/r34	fixed-address	$AC91	3	つち	つち	tsuchi	つち	Soil	Soil			yes	hiragana:2; katakana:0; kanji:0; Latin:0; digits:0; phonetic hiragana orthography		Source suppresses normal kanji/katakana distinctions; restore only with context	fixed-address label; 3 packed bytes	medium		
1491	TT3A	TT3A/fixed/r35	fixed-address	$AC94	3	まえ	まえ	mae	まえ	Front	Front			yes	hiragana:2; katakana:0; kanji:0; Latin:0; digits:0; phonetic hiragana orthography		Source suppresses normal kanji/katakana distinctions; restore only with context	fixed-address label; 3 packed bytes	medium		
1492	TT3A	TT3A/fixed/r36	fixed-address	$AC97	4	うしろ	うしろ	ushiro	うしろ	Back	Back			yes	hiragana:3; katakana:0; kanji:0; Latin:0; digits:0; phonetic hiragana orthography		Source suppresses normal kanji/katakana distinctions; restore only with context	fixed-address label; 4 packed bytes	medium		
1493	TT3A	TT3A/fixed/r37	fixed-address	$AC9B	4	へいし	へいし	heishi	へいし	Soldier	Soldier			yes	hiragana:3; katakana:0; kanji:0; Latin:0; digits:0; phonetic hiragana orthography		へいし → 兵士	fixed-address label; 4 packed bytes	medium		
1494	TT3A	TT3A/fixed/r38	fixed-address	$AC9F	4	いい／	いい／	ii／	いい／	Yes	Yes			yes	hiragana:2; katakana:0; kanji:0; Latin:0; digits:0; phonetic hiragana orthography		Source suppresses normal kanji/katakana distinctions; restore only with context	fixed-address label; 4 packed bytes	medium		
1495	TT3A	TT3A/fixed/r39	fixed-address	$ACA3	4	やめる	やめる	yameru	やめる	No	No			yes	hiragana:3; katakana:0; kanji:0; Latin:0; digits:0; phonetic hiragana orthography		Source suppresses normal kanji/katakana distinctions; restore only with context	fixed-address label; 4 packed bytes	medium		
1496	TT3A	TT3A/fixed/r40	fixed-address	$ACA7	4	じゅう	じゅう	juu	じゅう	Gun	Gun			yes	hiragana:3; katakana:0; kanji:0; Latin:0; digits:0; phonetic hiragana orthography		Source suppresses normal kanji/katakana distinctions; restore only with context	fixed-address label; 4 packed bytes	medium		
1497	TT3A	TT3A/fixed/r41	fixed-address	$ACAB	4	なげる	なげる	nageru	なげる	Toss	Toss			yes	hiragana:3; katakana:0; kanji:0; Latin:0; digits:0; phonetic hiragana orthography		Source suppresses normal kanji/katakana distinctions; restore only with context	fixed-address label; 4 packed bytes	medium		
1498	TT3A	TT3A/fixed/r42	fixed-address	$ACAF	4	かなあみ	かなあみ	kanaami	かなあみ	Fence	Fence			yes	hiragana:4; katakana:0; kanji:0; Latin:0; digits:0; phonetic hiragana orthography		Source suppresses normal kanji/katakana distinctions; restore only with context	fixed-address label; 4 packed bytes	medium		
1499	TT3A	TT3A/fixed/r43	fixed-address	$ACB3	3	もり	もり	mori	もり	Woods	Woods			yes	hiragana:2; katakana:0; kanji:0; Latin:0; digits:0; phonetic hiragana orthography		Source suppresses normal kanji/katakana distinctions; restore only with context	fixed-address label; 3 packed bytes	medium		
1500	TT3A	TT3A/fixed/r44	fixed-address	$ACB6	4	べんち	べんち	benchi	べんち	Bench	Bench			yes	hiragana:3; katakana:0; kanji:0; Latin:0; digits:0; phonetic hiragana orthography		Source suppresses normal kanji/katakana distinctions; restore only with context	fixed-address label; 4 packed bytes	medium		
1501	TT3A	TT3A/fixed/r45	fixed-address	$ACBA	4	おとこ	おとこ	otoko	おとこ	Man	Man			yes	hiragana:3; katakana:0; kanji:0; Latin:0; digits:0; phonetic hiragana orthography		おとこ → 男	fixed-address label; 4 packed bytes	medium		
1502	TT3A	TT3A/fixed/r46	fixed-address	$ACBE	4	しもん	しもん	shimon	しもん	Simon	Simon			yes	hiragana:3; katakana:0; kanji:0; Latin:0; digits:0; phonetic hiragana orthography		しもん → シモン (Simon)	fixed-address label; 4 packed bytes	medium		
1503	TT3A	TT3A/fixed/r47	fixed-address	$ACC2	5	あかいもじ	あかいもじ	akaimoji	あかいもじ	Red	Red			yes	hiragana:5; katakana:0; kanji:0; Latin:0; digits:0; phonetic hiragana orthography		Source suppresses normal kanji/katakana distinctions; restore only with context	fixed-address label; 5 packed bytes	medium		
1504	TT3A	TT3A/fixed/r48	fixed-address	$ACC7	5	あおいもじ	あおいもじ	aoimoji	あおいもじ	Blue	Blue			yes	hiragana:5; katakana:0; kanji:0; Latin:0; digits:0; phonetic hiragana orthography		Source suppresses normal kanji/katakana distinctions; restore only with context	fixed-address label; 5 packed bytes	medium		
1505	TT3A	TT3A/fixed/r49	fixed-address	$ACCC	6	2まいのかみ	2まいのかみ	2mainokami	2まいのかみ	Notes	Notes			yes	hiragana:5; katakana:0; kanji:0; Latin:0; digits:1; phonetic hiragana orthography		Source suppresses normal kanji/katakana distinctions; restore only with context	source numerals ['2']; verify dates/counts and Japanese ordering | fixed-address label; 6 packed bytes	medium		
1506	TT3A	TT3A/fixed/r50	fixed-address	$ACD2	5	あいことば	あいことば	aikotoba	あいことば	Pass	Pass			yes	hiragana:5; katakana:0; kanji:0; Latin:0; digits:0; phonetic hiragana orthography		ことば → 言葉	fixed-address label; 5 packed bytes	medium		
1507	TT3A	TT3A/fixed/r51	fixed-address	$ACD7	4	あいさつ	あいさつ	aisatsu	あいさつ	Greeting	Greeting			yes	hiragana:4; katakana:0; kanji:0; Latin:0; digits:0; phonetic hiragana orthography		Source suppresses normal kanji/katakana distinctions; restore only with context	fixed-address label; 4 packed bytes	medium		
1508	TT3A	TT3A/fixed/r52	fixed-address	$ACDB	4	まるめる	まるめる	marumeru	まるめる	Crumple	Crumple			yes	hiragana:4; katakana:0; kanji:0; Latin:0; digits:0; phonetic hiragana orthography		Source suppresses normal kanji/katakana distinctions; restore only with context	fixed-address label; 4 packed bytes	medium		
1509	TT3A	TT3A/fixed/r53	fixed-address	$ACDF	4	もやす	もやす	moyasu	もやす	Burn	Burn			yes	hiragana:3; katakana:0; kanji:0; Latin:0; digits:0; phonetic hiragana orthography		Source suppresses normal kanji/katakana distinctions; restore only with context	fixed-address label; 4 packed bytes	medium		
1510	TT3A	TT3A/fixed/r54	fixed-address	$ACE3	4	やぶく	やぶく	yabuku	やぶく	Tear	Tear			yes	hiragana:3; katakana:0; kanji:0; Latin:0; digits:0; phonetic hiragana orthography		Source suppresses normal kanji/katakana distinctions; restore only with context	fixed-address label; 4 packed bytes	medium		
1511	TT3A	TT3A/fixed/r55	fixed-address	$ACE7	4	かさねる	かさねる	kasaneru	かさねる	Join	Join			yes	hiragana:4; katakana:0; kanji:0; Latin:0; digits:0; phonetic hiragana orthography		Source suppresses normal kanji/katakana distinctions; restore only with context	fixed-address label; 4 packed bytes	medium		
1512	TT3A	TT3A/fixed/r56	fixed-address	$ACEB	3	きた	きた	kita	きた	North	North			yes	hiragana:2; katakana:0; kanji:0; Latin:0; digits:0; phonetic hiragana orthography		Source suppresses normal kanji/katakana distinctions; restore only with context	fixed-address label; 3 packed bytes	medium		
1513	TT3A	TT3A/fixed/r57	fixed-address	$ACEE	4	ひがし	ひがし	higashi	ひがし	East	East			yes	hiragana:3; katakana:0; kanji:0; Latin:0; digits:0; phonetic hiragana orthography		Source suppresses normal kanji/katakana distinctions; restore only with context	fixed-address label; 4 packed bytes	medium		
1514	TT3A	TT3A/fixed/r58	fixed-address	$ACF2	3	にし	にし	nishi	にし	West	West			yes	hiragana:2; katakana:0; kanji:0; Latin:0; digits:0; phonetic hiragana orthography		Source suppresses normal kanji/katakana distinctions; restore only with context	fixed-address label; 3 packed bytes	medium		
1515	TT3A	TT3A/fixed/r59	fixed-address	$ACF5	7	すいしゃごや	すいしゃごや	suishagoya	すいしゃごや	Mill	Mill			yes	hiragana:6; katakana:0; kanji:0; Latin:0; digits:0; phonetic hiragana orthography		Source suppresses normal kanji/katakana distinctions; restore only with context	fixed-address label; 7 packed bytes	medium		
1516	TT3A	TT3A/fixed/r60	fixed-address	$ACFC	4	ふんすい	ふんすい	funsui	ふんすい	Fountain	Fountain			yes	hiragana:4; katakana:0; kanji:0; Latin:0; digits:0; phonetic hiragana orthography		Source suppresses normal kanji/katakana distinctions; restore only with context	fixed-address label; 4 packed bytes	medium		
1517	TT3A	TT3A/fixed/r61	fixed-address	$AD00	3	びん	びん	bin	びん	Bottle	Bottle			yes	hiragana:2; katakana:0; kanji:0; Latin:0; digits:0; phonetic hiragana orthography		Source suppresses normal kanji/katakana distinctions; restore only with context	fixed-address label; 3 packed bytes	medium		
1518	TT3A	TT3A/fixed/r62	fixed-address	$AD03	3	みた	みた	mita	みた	Saw it	Saw it			yes	hiragana:2; katakana:0; kanji:0; Latin:0; digits:0; phonetic hiragana orthography		Source suppresses normal kanji/katakana distinctions; restore only with context	fixed-address label; 3 packed bytes	medium		
1519	TT3A	TT3A/fixed/r63	fixed-address	$AD06	4	みない	みない	minai	みない	No	No			yes	hiragana:3; katakana:0; kanji:0; Latin:0; digits:0; phonetic hiragana orthography		Source suppresses normal kanji/katakana distinctions; restore only with context	fixed-address label; 4 packed bytes	medium		
1520	TT3A	TT3A/fixed/r64	fixed-address	$AD0A	4	みなみ	みなみ	minami	みなみ	South	South			yes	hiragana:3; katakana:0; kanji:0; Latin:0; digits:0; phonetic hiragana orthography		Source suppresses normal kanji/katakana distinctions; restore only with context	fixed-address label; 4 packed bytes	medium		
1521	TT3A	TT3A/fixed/r65	fixed-address	$AD0E	5	とりだす	とりだす	toridasu	とりだす	Get	Get			yes	hiragana:4; katakana:0; kanji:0; Latin:0; digits:0; phonetic hiragana orthography		Source suppresses normal kanji/katakana distinctions; restore only with context	fixed-address label; 5 packed bytes	medium		
1522	TT3A	TT3A/fixed/r66	fixed-address	$AD13	3	かみ	かみ	kami	かみ	Paper	Paper			yes	hiragana:2; katakana:0; kanji:0; Latin:0; digits:0; phonetic hiragana orthography		かみ → 神/紙/髪	fixed-address label; 3 packed bytes	medium		
1523	TT3A	TT3A/fixed/r67	fixed-address	$AD16	4	もどる	もどる	modoru	もどる	Back	Back			yes	hiragana:3; katakana:0; kanji:0; Latin:0; digits:0; phonetic hiragana orthography		Source suppresses normal kanji/katakana distinctions; restore only with context	fixed-address label; 4 packed bytes	medium		
1524	TT3A	TT3A/fixed/r68	fixed-address	$AD1A	5	ごみばこ	ごみばこ	gomibako	ごみばこ	Trash	Trash			yes	hiragana:4; katakana:0; kanji:0; Latin:0; digits:0; phonetic hiragana orthography		Source suppresses normal kanji/katakana distinctions; restore only with context	fixed-address label; 5 packed bytes	medium		
1525	TT3A	TT3A/fixed/r69	fixed-address	$AD1F	5	ろうじん	ろうじん	roujin	ろうじん	Old man	Old man			yes	hiragana:4; katakana:0; kanji:0; Latin:0; digits:0; phonetic hiragana orthography		Source suppresses normal kanji/katakana distinctions; restore only with context	fixed-address label; 5 packed bytes	medium		
1526	TT3A	TT3A/fixed/r70	fixed-address	$AD24	2	げしゅたぽ	げしゅたぽ	geshutapo	げしゅたぽ	Gestapo	Gestapo			yes	hiragana:5; katakana:0; kanji:0; Latin:0; digits:0; phonetic hiragana orthography		Source suppresses normal kanji/katakana distinctions; restore only with context	fixed-address label; 2 packed bytes	medium		
1527	TT3A	TT3A/fixed/r71	fixed-address	$AD26	5	げっとー	げっとー	gettoo	げっとー	Ghetto	Ghetto			yes	hiragana:3; katakana:1; kanji:0; Latin:0; digits:0		Source suppresses normal kanji/katakana distinctions; restore only with context	fixed-address label; 5 packed bytes	medium		
1528	TT3A	TT3A/fixed/r72	fixed-address	$AD2B	6	れじでんす	れじでんす	rejidensu	れじでんす	Residence	Residence			yes	hiragana:5; katakana:0; kanji:0; Latin:0; digits:0; phonetic hiragana orthography		Source suppresses normal kanji/katakana distinctions; restore only with context	fixed-address label; 6 packed bytes	medium		
1529	TT3A	TT3A/fixed/r73	fixed-address	$AD31	6	れじすたんす	れじすたんす	rejisutansu	れじすたんす	Resistance	Resistance			yes	hiragana:6; katakana:0; kanji:0; Latin:0; digits:0; phonetic hiragana orthography		Source suppresses normal kanji/katakana distinctions; restore only with context	fixed-address label; 6 packed bytes	medium		
1530	TT3A	TT3A/fixed/r74	fixed-address	$AD37	6	れじすたー	れじすたー	rejisutaa	れじすたー	Register	Register			yes	hiragana:4; katakana:1; kanji:0; Latin:0; digits:0		Source suppresses normal kanji/katakana distinctions; restore only with context	fixed-address label; 6 packed bytes	medium		
1531	TT3A	TT3A/fixed/r75	fixed-address	$AD3D	7	じーぼーと	じーぼーと	jiibooto	じーぼーと	Gunboat	Gunboat			yes	hiragana:3; katakana:2; kanji:0; Latin:0; digits:0		Source suppresses normal kanji/katakana distinctions; restore only with context	fixed-address label; 7 packed bytes	medium		
1532	TT3A	TT3A/fixed/r76	fixed-address	$AD44	6	なちぼーと	なちぼーと	nachibooto	なちぼーと	Nazi	Nazi			yes	hiragana:4; katakana:1; kanji:0; Latin:0; digits:0		Source suppresses normal kanji/katakana distinctions; restore only with context	fixed-address label; 6 packed bytes	medium		
1533	TT3A	TT3A/fixed/r77	fixed-address	$AD4A	6	ゆーぼーと	ゆーぼーと	yuubooto	ゆーぼーと	U-boat	U-boat			yes	hiragana:3; katakana:2; kanji:0; Latin:0; digits:0		Source suppresses normal kanji/katakana distinctions; restore only with context	fixed-address label; 6 packed bytes | compact uppercase label may be an abbreviation	high		
1534	TT3A	TT3A/fixed/r78	fixed-address	$AD50	7	ばななぼーと	ばななぼーと	bananabooto	ばななぼーと	Banana	Banana			yes	hiragana:5; katakana:1; kanji:0; Latin:0; digits:0		Source suppresses normal kanji/katakana distinctions; restore only with context	fixed-address label; 7 packed bytes	medium		
1535	TT3A	TT3A/fixed/r79	fixed-address	$AD57	5	ぎゃばん	ぎゃばん	gyaban	ぎゃばん	Gabin	Gabin			yes	hiragana:4; katakana:0; kanji:0; Latin:0; digits:0; phonetic hiragana orthography		Source suppresses normal kanji/katakana distinctions; restore only with context	fixed-address label; 5 packed bytes	medium		
1536	TT3A	TT3A/fixed/r80	fixed-address	$AD5C	4	どろん	どろん	doron	どろん	Delon	Delon			yes	hiragana:3; katakana:0; kanji:0; Latin:0; digits:0; phonetic hiragana orthography		Source suppresses normal kanji/katakana distinctions; restore only with context	fixed-address label; 4 packed bytes	medium		
1537	TT3A	TT3A/fixed/r81	fixed-address	$AD60	6	べるもんど	べるもんど	berumondo	べるもんど	Belmondo	Belmondo			yes	hiragana:5; katakana:0; kanji:0; Latin:0; digits:0; phonetic hiragana orthography		Source suppresses normal kanji/katakana distinctions; restore only with context	fixed-address label; 6 packed bytes	medium		
1538	TT3A	TT3A/fixed/r82	fixed-address	$AD66	6	ふぃりっぷ	ふぃりっぷ	firippu	ふぃりっぷ	Philippe	Philippe			yes	hiragana:5; katakana:0; kanji:0; Latin:0; digits:0; phonetic hiragana orthography		Source suppresses normal kanji/katakana distinctions; restore only with context	fixed-address label; 6 packed bytes	medium		
1539	TT3A	TT3A/fixed/r83	fixed-address	$AD6C	7	とりゅふぉー	とりゅふぉー	toryufoo	とりゅふぉー	Truffaut	Truffaut			yes	hiragana:5; katakana:1; kanji:0; Latin:0; digits:0		Source suppresses normal kanji/katakana distinctions; restore only with context	fixed-address label; 7 packed bytes	medium		
1540	TT3A	TT3A/fixed/r84	fixed-address	$AD73	6	もんとごめり	もんとごめり	montogomeri	もんとごめり	Montgomery	Montgomery			yes	hiragana:6; katakana:0; kanji:0; Latin:0; digits:0; phonetic hiragana orthography		Source suppresses normal kanji/katakana distinctions; restore only with context	fixed-address label; 6 packed bytes	medium		
1541	TT3A	TT3A/fixed/r85	fixed-address	$AD79	5	ぱっとん	ぱっとん	patton	ぱっとん	Patton	Patton			yes	hiragana:4; katakana:0; kanji:0; Latin:0; digits:0; phonetic hiragana orthography		Source suppresses normal kanji/katakana distinctions; restore only with context	fixed-address label; 5 packed bytes	medium		
1542	TT3A	TT3A/fixed/r86	fixed-address	$AD7E	6	あいぜんはわ	あいぜんはわ	aizenhawa	あいぜんはわ	Eisenhower	Eisenhower			yes	hiragana:6; katakana:0; kanji:0; Latin:0; digits:0; phonetic hiragana orthography		Source suppresses normal kanji/katakana distinctions; restore only with context	fixed-address label; 6 packed bytes	medium		
1543	TT3A	TT3A/fixed/r87	fixed-address	$AD84	7	るーずべると	るーずべると	ruuzuberuto	るーずべると	Roosevelt	Roosevelt			yes	hiragana:5; katakana:1; kanji:0; Latin:0; digits:0		べると → ベルト	fixed-address label; 7 packed bytes	medium		
1544	TT3A	TT3A/fixed/r88	fixed-address	$AD8B	6	ちゃーちる	ちゃーちる	chaachiru	ちゃーちる	Churchill	Churchill			yes	hiragana:4; katakana:1; kanji:0; Latin:0; digits:0		Source suppresses normal kanji/katakana distinctions; restore only with context	fixed-address label; 6 packed bytes	medium		
1545	TT3A	TT3A/fixed/r89	fixed-address	$AD91	7	まっかーさー	まっかーさー	makkaasaa	まっかーさー	MacArthur	MacArthur			yes	hiragana:4; katakana:2; kanji:0; Latin:0; digits:0		Source suppresses normal kanji/katakana distinctions; restore only with context	fixed-address label; 7 packed bytes	medium		
1546	TT3A	TT3A/fixed/r90	fixed-address	$AD98	3	はい	はい	hai	はい	Yes	Yes			yes	hiragana:2; katakana:0; kanji:0; Latin:0; digits:0; phonetic hiragana orthography		Source suppresses normal kanji/katakana distinctions; restore only with context	fixed-address label; 3 packed bytes	medium		
1547	TT3A	TT3A/fixed/r91	fixed-address	$AD9B	4	いいえ	いいえ	iie	いいえ	No	No			yes	hiragana:3; katakana:0; kanji:0; Latin:0; digits:0; phonetic hiragana orthography		Source suppresses normal kanji/katakana distinctions; restore only with context	fixed-address label; 4 packed bytes	medium		
1548	TT3A	TT3A/fixed/r92	fixed-address	$AD9F	4	ほうき	ほうき	houki	ほうき	Broom	Broom			yes	hiragana:3; katakana:0; kanji:0; Latin:0; digits:0; phonetic hiragana orthography		Source suppresses normal kanji/katakana distinctions; restore only with context	fixed-address label; 4 packed bytes	medium		
1549	TT3A	TT3A/fixed/r93	fixed-address	$ADA3	5	がいとう	がいとう	gaitou	がいとう	Lamp	Lamp			yes	hiragana:4; katakana:0; kanji:0; Latin:0; digits:0; phonetic hiragana orthography		Source suppresses normal kanji/katakana distinctions; restore only with context	fixed-address label; 5 packed bytes	medium		
1550	TT3A	TT3A/fixed/r94	fixed-address	$ADA8	4	おんな	おんな	onna	おんな	Woman	Woman			yes	hiragana:3; katakana:0; kanji:0; Latin:0; digits:0; phonetic hiragana orthography		おんな → 女	fixed-address label; 4 packed bytes	medium		
1551	TT3B	TT3B/fixed/r0	fixed-address	$A620	3	みる	みる	miru	みる	Look	Look			yes	hiragana:2; katakana:0; kanji:0; Latin:0; digits:0; phonetic hiragana orthography		みる → 見る/診る	fixed-address label; 3 packed bytes	medium		
1552	TT3B	TT3B/fixed/r1	fixed-address	$A623	4	はなす	はなす	hanasu	はなす	Talk	Talk			yes	hiragana:3; katakana:0; kanji:0; Latin:0; digits:0; phonetic hiragana orthography		Source suppresses normal kanji/katakana distinctions; restore only with context	fixed-address label; 4 packed bytes	medium		
1553	TT3B	TT3B/fixed/r2	fixed-address	$A627	3	とる	とる	toru	とる	Take	Take			yes	hiragana:2; katakana:0; kanji:0; Latin:0; digits:0; phonetic hiragana orthography		とる → 取る/撮る/採る	fixed-address label; 3 packed bytes	medium		
1554	TT3B	TT3B/fixed/r3	fixed-address	$A62A	4	つかう	つかう	tsukau	つかう	Use	Use			yes	hiragana:3; katakana:0; kanji:0; Latin:0; digits:0; phonetic hiragana orthography		Source suppresses normal kanji/katakana distinctions; restore only with context	fixed-address label; 4 packed bytes	medium		
1555	TT3B	TT3B/fixed/r4	fixed-address	$A62E	4	いどう	いどう	idou	いどう	Move	Move			yes	hiragana:3; katakana:0; kanji:0; Latin:0; digits:0; phonetic hiragana orthography		Source suppresses normal kanji/katakana distinctions; restore only with context	fixed-address label; 4 packed bytes	medium		
1556	TT3B	TT3B/fixed/r5	fixed-address	$A632	4	まわり	まわり	mawari	まわり	Area	Area			yes	hiragana:3; katakana:0; kanji:0; Latin:0; digits:0; phonetic hiragana orthography		Source suppresses normal kanji/katakana distinctions; restore only with context	fixed-address label; 4 packed bytes	medium		
1557	TT3B	TT3B/fixed/r6	fixed-address	$A636	7	すいしゃごや	すいしゃごや	suishagoya	すいしゃごや	Mill	Mill			yes	hiragana:6; katakana:0; kanji:0; Latin:0; digits:0; phonetic hiragana orthography		Source suppresses normal kanji/katakana distinctions; restore only with context	fixed-address label; 7 packed bytes	medium		
1558	TT3B	TT3B/fixed/r7	fixed-address	$A63D	4	しもん	しもん	shimon	しもん	Simon	Simon			yes	hiragana:3; katakana:0; kanji:0; Latin:0; digits:0; phonetic hiragana orthography		しもん → シモン (Simon)	fixed-address label; 4 packed bytes	medium		
1559	TT3B	TT3B/fixed/r8	fixed-address	$A641	4	おんな	おんな	onna	おんな	Woman	Woman			yes	hiragana:3; katakana:0; kanji:0; Latin:0; digits:0; phonetic hiragana orthography		おんな → 女	fixed-address label; 4 packed bytes	medium		
1560	TT3B	TT3B/fixed/r9	fixed-address	$A645	4	じゅう	じゅう	juu	じゅう	Gun	Gun			yes	hiragana:3; katakana:0; kanji:0; Latin:0; digits:0; phonetic hiragana orthography		Source suppresses normal kanji/katakana distinctions; restore only with context	fixed-address label; 4 packed bytes	medium		
1561	TT3B	TT3B/fixed/r10	fixed-address	$A649	5	まもりふだ	まもりふだ	mamorifuda	まもりふだ	Charm	Charm			yes	hiragana:5; katakana:0; kanji:0; Latin:0; digits:0; phonetic hiragana orthography		Source suppresses normal kanji/katakana distinctions; restore only with context	fixed-address label; 5 packed bytes	medium		
1562	TT3B	TT3B/fixed/r11	fixed-address	$A64E	6	しゅみっと	しゅみっと	shumitto	しゅみっと	Schmidt	Schmidt			yes	hiragana:5; katakana:0; kanji:0; Latin:0; digits:0; phonetic hiragana orthography		Source suppresses normal kanji/katakana distinctions; restore only with context	fixed-address label; 6 packed bytes	medium		
1563	TT3B	TT3B/fixed/r12	fixed-address	$A654	6	くるまのそと	くるまのそと	kurumanosoto	くるまのそと	Out	Out			yes	hiragana:6; katakana:0; kanji:0; Latin:0; digits:0; phonetic hiragana orthography		Source suppresses normal kanji/katakana distinctions; restore only with context	fixed-address label; 6 packed bytes	medium		
1564	TT3B	TT3B/fixed/r13	fixed-address	$A65A	4	たたかう	たたかう	tatakau	たたかう	Fight	Fight			yes	hiragana:4; katakana:0; kanji:0; Latin:0; digits:0; phonetic hiragana orthography		Source suppresses normal kanji/katakana distinctions; restore only with context	fixed-address label; 4 packed bytes	medium		
1565	TT3B	TT3B/fixed/r14	fixed-address	$A65E	5	ぼうぎょ	ぼうぎょ	bougyo	ぼうぎょ	Guard	Guard			yes	hiragana:4; katakana:0; kanji:0; Latin:0; digits:0; phonetic hiragana orthography		Source suppresses normal kanji/katakana distinctions; restore only with context	fixed-address label; 5 packed bytes	medium		
1566	TT3B	TT3B/fixed/r15	fixed-address	$A663	4	にげる	にげる	nigeru	にげる	Run	Run			yes	hiragana:3; katakana:0; kanji:0; Latin:0; digits:0; phonetic hiragana orthography		Source suppresses normal kanji/katakana distinctions; restore only with context	fixed-address label; 4 packed bytes	medium		
1567	TT3B	TT3B/fixed/r16	fixed-address	$A667	3	きく	きく	kiku	きく	Ask	Ask			yes	hiragana:2; katakana:0; kanji:0; Latin:0; digits:0; phonetic hiragana orthography		きく → 聞く/聴く/訊く	fixed-address label; 3 packed bytes	medium		
1568	TT3B	TT3B/fixed/r17	fixed-address	$A66A	3	よむ	よむ	yomu	よむ	Read	Read			yes	hiragana:2; katakana:0; kanji:0; Latin:0; digits:0; phonetic hiragana orthography		Source suppresses normal kanji/katakana distinctions; restore only with context	fixed-address label; 3 packed bytes	medium		
1569	TT3B	TT3B/fixed/r18	fixed-address	$A66D	3	もじ	もじ	moji	もじ	Text	Text			yes	hiragana:2; katakana:0; kanji:0; Latin:0; digits:0; phonetic hiragana orthography		Source suppresses normal kanji/katakana distinctions; restore only with context	fixed-address label; 3 packed bytes	medium		
1570	TT3B	TT3B/fixed/r19	fixed-address	$A670	5	ひとらー	ひとらー	hitoraa	ひとらー	Hitler	Hitler			yes	hiragana:3; katakana:1; kanji:0; Latin:0; digits:0		ひとらー → ヒトラー (Hitler)	fixed-address label; 5 packed bytes	medium		
1571	TT3B	TT3B/fixed/r20	fixed-address	$A675	2	くーがー	くーがー	kuugaa	くーがー	Cougar	Cougar			yes	hiragana:2; katakana:2; kanji:0; Latin:0; digits:0		Source suppresses normal kanji/katakana distinctions; restore only with context	fixed-address label; 2 packed bytes	medium		
1572	TT4	TT4/fixed/r0	fixed-address	$AED3	3	みる	みる	miru	みる	Look	Look			yes	hiragana:2; katakana:0; kanji:0; Latin:0; digits:0; phonetic hiragana orthography		みる → 見る/診る	fixed-address label; 3 packed bytes	medium		
1573	TT4	TT4/fixed/r1	fixed-address	$AED6	4	はなす	はなす	hanasu	はなす	Talk	Talk			yes	hiragana:3; katakana:0; kanji:0; Latin:0; digits:0; phonetic hiragana orthography		Source suppresses normal kanji/katakana distinctions; restore only with context	fixed-address label; 4 packed bytes	medium		
1574	TT4	TT4/fixed/r2	fixed-address	$AEDA	5	ちりょう	ちりょう	chiryou	ちりょう	Treat	Treat			yes	hiragana:4; katakana:0; kanji:0; Latin:0; digits:0; phonetic hiragana orthography		Source suppresses normal kanji/katakana distinctions; restore only with context	fixed-address label; 5 packed bytes	medium		
1575	TT4	TT4/fixed/r3	fixed-address	$AEDF	4	つかう	つかう	tsukau	つかう	Use	Use			yes	hiragana:3; katakana:0; kanji:0; Latin:0; digits:0; phonetic hiragana orthography		Source suppresses normal kanji/katakana distinctions; restore only with context	fixed-address label; 4 packed bytes	medium		
1576	TT4	TT4/fixed/r4	fixed-address	$AEE3	2	ぎんか	ぎんか	ginka	ぎんか	Silver coin	Silver coin			yes	hiragana:3; katakana:0; kanji:0; Latin:0; digits:0; phonetic hiragana orthography		Source suppresses normal kanji/katakana distinctions; restore only with context	fixed-address label; 2 packed bytes	medium		
1577	TT4	TT4/fixed/r5	fixed-address	$AEE5	4	いどう	いどう	idou	いどう	Move	Move			yes	hiragana:3; katakana:0; kanji:0; Latin:0; digits:0; phonetic hiragana orthography		Source suppresses normal kanji/katakana distinctions; restore only with context	fixed-address label; 4 packed bytes	medium		
1578	TT4	TT4/fixed/r6	fixed-address	$AEE9	5	へやのなか	へやのなか	heyanonaka	へやのなか	In	In			yes	hiragana:5; katakana:0; kanji:0; Latin:0; digits:0; phonetic hiragana orthography		Source suppresses normal kanji/katakana distinctions; restore only with context	fixed-address label; 5 packed bytes	medium		
1579	TT4	TT4/fixed/r7	fixed-address	$AEEE	5	ちょうこく	ちょうこく	choukoku	ちょうこく	Statue	Statue			yes	hiragana:5; katakana:0; kanji:0; Latin:0; digits:0; phonetic hiragana orthography		Source suppresses normal kanji/katakana distinctions; restore only with context	fixed-address label; 5 packed bytes	medium		
1580	TT4	TT4/fixed/r8	fixed-address	$AEF3	4	しんかん	しんかん	shinkan	しんかん	Priest	Priest			yes	hiragana:4; katakana:0; kanji:0; Latin:0; digits:0; phonetic hiragana orthography		Source suppresses normal kanji/katakana distinctions; restore only with context	fixed-address label; 4 packed bytes	medium		
1581	TT4	TT4/fixed/r9	fixed-address	$AEF7	3	くび	くび	kubi	くび	Head	Head			yes	hiragana:2; katakana:0; kanji:0; Latin:0; digits:0; phonetic hiragana orthography		Source suppresses normal kanji/katakana distinctions; restore only with context	fixed-address label; 3 packed bytes	medium		
1582	TT4	TT4/fixed/r10	fixed-address	$AEFA	6	ほほをたたく	ほほをたたく	hohootataku	ほほをたたく	Slap	Slap			yes	hiragana:6; katakana:0; kanji:0; Latin:0; digits:0; phonetic hiragana orthography		Source suppresses normal kanji/katakana distinctions; restore only with context	fixed-address label; 6 packed bytes	medium		
1583	TT4	TT4/fixed/r11	fixed-address	$AF00	5	はらをおす	はらをおす	haraoosu	はらをおす	Press	Press			yes	hiragana:5; katakana:0; kanji:0; Latin:0; digits:0; phonetic hiragana orthography		Source suppresses normal kanji/katakana distinctions; restore only with context	fixed-address label; 5 packed bytes	medium		
1584	TT4	TT4/fixed/r12	fixed-address	$AF05	7	あごをあげる	あごをあげる	agooageru	あごをあげる	Chin	Chin			yes	hiragana:6; katakana:0; kanji:0; Latin:0; digits:0; phonetic hiragana orthography		Source suppresses normal kanji/katakana distinctions; restore only with context	fixed-address label; 7 packed bytes	medium		
1585	TT4	TT4/fixed/r13	fixed-address	$AF0C	7	ひざをまげる	ひざをまげる	hizaomageru	ひざをまげる	Knee	Knee			yes	hiragana:6; katakana:0; kanji:0; Latin:0; digits:0; phonetic hiragana orthography		Source suppresses normal kanji/katakana distinctions; restore only with context	fixed-address label; 7 packed bytes	medium		
1586	TT4	TT4/fixed/r14	fixed-address	$AF13	6	みみをふさぐ	みみをふさぐ	mimiofusagu	みみをふさぐ	Ears	Ears			yes	hiragana:6; katakana:0; kanji:0; Latin:0; digits:0; phonetic hiragana orthography		Source suppresses normal kanji/katakana distinctions; restore only with context	fixed-address label; 6 packed bytes	medium		
1587	TT4	TT4/fixed/r15	fixed-address	$AF19	6	めをおさえる	めをおさえる	meoosaeru	めをおさえる	Eyes	Eyes			yes	hiragana:6; katakana:0; kanji:0; Latin:0; digits:0; phonetic hiragana orthography		Source suppresses normal kanji/katakana distinctions; restore only with context	fixed-address label; 6 packed bytes	medium		
1588	TT4	TT4/fixed/r16	fixed-address	$AF1F	6	はなをつまむ	はなをつまむ	hanaotsumamu	はなをつまむ	Nose	Nose			yes	hiragana:6; katakana:0; kanji:0; Latin:0; digits:0; phonetic hiragana orthography		Source suppresses normal kanji/katakana distinctions; restore only with context	fixed-address label; 6 packed bytes	medium		
1589	TT4	TT4/fixed/r17	fixed-address	$AF25	6	やすみやすみ	やすみやすみ	yasumiyasumi	やすみやすみ	Pause	Pause			yes	hiragana:6; katakana:0; kanji:0; Latin:0; digits:0; phonetic hiragana orthography		Source suppresses normal kanji/katakana distinctions; restore only with context	fixed-address label; 6 packed bytes	medium		
1590	TT4	TT4/fixed/r18	fixed-address	$AF2B	5	たてつづけ	たてつづけ	tatetsuzuke	たてつづけ	Continuous	Continuous			yes	hiragana:5; katakana:0; kanji:0; Latin:0; digits:0; phonetic hiragana orthography		Source suppresses normal kanji/katakana distinctions; restore only with context	fixed-address label; 5 packed bytes	medium		
1591	TT4	TT4/fixed/r19	fixed-address	$AF30	2	おりーぶ	おりーぶ	oriibu	おりーぶ	Olive	Olive			yes	hiragana:3; katakana:1; kanji:0; Latin:0; digits:0		Source suppresses normal kanji/katakana distinctions; restore only with context	fixed-address label; 2 packed bytes	medium		
1592	TT4	TT4/fixed/r20	fixed-address	$AF32	4	おいる	おいる	oiru	おいる	Oil	Oil			yes	hiragana:3; katakana:0; kanji:0; Latin:0; digits:0; phonetic hiragana orthography		Source suppresses normal kanji/katakana distinctions; restore only with context	fixed-address label; 4 packed bytes	medium		
1593	TT4	TT4/fixed/r21	fixed-address	$AF36	3	すず	すず	suzu	すず	Bell	Bell			yes	hiragana:2; katakana:0; kanji:0; Latin:0; digits:0; phonetic hiragana orthography		Source suppresses normal kanji/katakana distinctions; restore only with context	fixed-address label; 3 packed bytes	medium		
1594	TT4	TT4/fixed/r22	fixed-address	$AF39	4	わたす	わたす	watasu	わたす	Give	Give			yes	hiragana:3; katakana:0; kanji:0; Latin:0; digits:0; phonetic hiragana orthography		Source suppresses normal kanji/katakana distinctions; restore only with context	fixed-address label; 4 packed bytes	medium		
1595	TT4	TT4/fixed/r23	fixed-address	$AF3D	4	たべる	たべる	taberu	たべる	Eat	Eat			yes	hiragana:3; katakana:0; kanji:0; Latin:0; digits:0; phonetic hiragana orthography		Source suppresses normal kanji/katakana distinctions; restore only with context	fixed-address label; 4 packed bytes	medium		
1596	TT4	TT4/fixed/r24	fixed-address	$AF41	4	なめる	なめる	nameru	なめる	Lick	Lick			yes	hiragana:3; katakana:0; kanji:0; Latin:0; digits:0; phonetic hiragana orthography		Source suppresses normal kanji/katakana distinctions; restore only with context	fixed-address label; 4 packed bytes	medium		
1597	TT4	TT4/fixed/r25	fixed-address	$AF45	4	おもて	おもて	omote	おもて	Out	Out			yes	hiragana:3; katakana:0; kanji:0; Latin:0; digits:0; phonetic hiragana orthography		Source suppresses normal kanji/katakana distinctions; restore only with context	fixed-address label; 4 packed bytes	medium		
1598	TT4	TT4/fixed/r26	fixed-address	$AF49	4	まわり	まわり	mawari	まわり	Area	Area			yes	hiragana:3; katakana:0; kanji:0; Latin:0; digits:0; phonetic hiragana orthography		Source suppresses normal kanji/katakana distinctions; restore only with context	fixed-address label; 4 packed bytes	medium		
1599	TT4	TT4/fixed/r27	fixed-address	$AF4D	4	たてもの	たてもの	tatemono	たてもの	Building	Building			yes	hiragana:4; katakana:0; kanji:0; Latin:0; digits:0; phonetic hiragana orthography		Source suppresses normal kanji/katakana distinctions; restore only with context	fixed-address label; 4 packed bytes	medium		
1600	TT4	TT4/fixed/r28	fixed-address	$AF51	5	しょうにん	しょうにん	shounin	しょうにん	Merchant	Merchant			yes	hiragana:5; katakana:0; kanji:0; Latin:0; digits:0; phonetic hiragana orthography		Source suppresses normal kanji/katakana distinctions; restore only with context	fixed-address label; 5 packed bytes	medium		
1601	TT4	TT4/fixed/r29	fixed-address	$AF56	4	おとこ	おとこ	otoko	おとこ	Man	Man			yes	hiragana:3; katakana:0; kanji:0; Latin:0; digits:0; phonetic hiragana orthography		おとこ → 男	fixed-address label; 4 packed bytes	medium		
1602	TT4	TT4/fixed/r30	fixed-address	$AF5A	4	からだ	からだ	karada	からだ	Body	Body			yes	hiragana:3; katakana:0; kanji:0; Latin:0; digits:0; phonetic hiragana orthography		からだ → 体	fixed-address label; 4 packed bytes	medium		
1603	TT4	TT4/fixed/r31	fixed-address	$AF5E	3	うる	うる	uru	うる	Sell	Sell			yes	hiragana:2; katakana:0; kanji:0; Latin:0; digits:0; phonetic hiragana orthography		Source suppresses normal kanji/katakana distinctions; restore only with context	fixed-address label; 3 packed bytes	medium		
1604	TT4	TT4/fixed/r32	fixed-address	$AF61	3	かう	かう	kau	かう	Buy	Buy			yes	hiragana:2; katakana:0; kanji:0; Latin:0; digits:0; phonetic hiragana orthography		Source suppresses normal kanji/katakana distinctions; restore only with context	fixed-address label; 3 packed bytes	medium		
1605	TT4	TT4/fixed/r33	fixed-address	$AF64	2	やくそう	やくそう	yakusou	やくそう	Herb	Herb			yes	hiragana:4; katakana:0; kanji:0; Latin:0; digits:0; phonetic hiragana orthography		Source suppresses normal kanji/katakana distinctions; restore only with context	fixed-address label; 2 packed bytes	medium		
1606	TT4	TT4/fixed/r34	fixed-address	$AF66	4	かわない	かわない	kawanai	かわない	No	No			yes	hiragana:4; katakana:0; kanji:0; Latin:0; digits:0; phonetic hiragana orthography		Source suppresses normal kanji/katakana distinctions; restore only with context	fixed-address label; 4 packed bytes	medium		
1607	TT4	TT4/fixed/r35	fixed-address	$AF6A	5	しんでん	しんでん	shinden	しんでん	Temple	Temple			yes	hiragana:4; katakana:0; kanji:0; Latin:0; digits:0; phonetic hiragana orthography		Source suppresses normal kanji/katakana distinctions; restore only with context	fixed-address label; 5 packed bytes	medium		
1608	TT4	TT4/fixed/r36	fixed-address	$AF6F	4	みなみ	みなみ	minami	みなみ	South	South			yes	hiragana:3; katakana:0; kanji:0; Latin:0; digits:0; phonetic hiragana orthography		Source suppresses normal kanji/katakana distinctions; restore only with context	fixed-address label; 4 packed bytes	medium		
1609	TT4	TT4/fixed/r37	fixed-address	$AF73	4	でーた	でーた	deeta	でーた	Data	Data			yes	hiragana:2; katakana:1; kanji:0; Latin:0; digits:0		Source suppresses normal kanji/katakana distinctions; restore only with context	fixed-address label; 4 packed bytes	medium		
1610	TT4	TT4/fixed/r38	fixed-address	$AF77	4	だりお	だりお	dario	だりお	Dario	Dario			yes	hiragana:3; katakana:0; kanji:0; Latin:0; digits:0; phonetic hiragana orthography		Source suppresses normal kanji/katakana distinctions; restore only with context	fixed-address label; 4 packed bytes	medium		
1611	TT4	TT4/fixed/r39	fixed-address	$AF7B	4	わかもの	わかもの	wakamono	わかもの	Youth	Youth			yes	hiragana:4; katakana:0; kanji:0; Latin:0; digits:0; phonetic hiragana orthography		Source suppresses normal kanji/katakana distinctions; restore only with context	fixed-address label; 4 packed bytes	medium		
1612	TT4	TT4/fixed/r40	fixed-address	$AF7F	4	あげる	あげる	ageru	あげる	Up	Up			yes	hiragana:3; katakana:0; kanji:0; Latin:0; digits:0; phonetic hiragana orthography		Source suppresses normal kanji/katakana distinctions; restore only with context	fixed-address label; 4 packed bytes	medium		
1613	TT4	TT4/fixed/r41	fixed-address	$AF83	4	さげる	さげる	sageru	さげる	Down	Down			yes	hiragana:3; katakana:0; kanji:0; Latin:0; digits:0; phonetic hiragana orthography		Source suppresses normal kanji/katakana distinctions; restore only with context	fixed-address label; 4 packed bytes	medium		
1614	TT4	TT4/fixed/r42	fixed-address	$AF87	4	たいら	たいら	taira	たいら	Level	Level			yes	hiragana:3; katakana:0; kanji:0; Latin:0; digits:0; phonetic hiragana orthography		Source suppresses normal kanji/katakana distinctions; restore only with context	fixed-address label; 4 packed bytes	medium		
1615	TT4	TT4/fixed/r43	fixed-address	$AF8B	5	あたためる	あたためる	atatameru	あたためる	Warm	Warm			yes	hiragana:5; katakana:0; kanji:0; Latin:0; digits:0; phonetic hiragana orthography		Source suppresses normal kanji/katakana distinctions; restore only with context	fixed-address label; 5 packed bytes	medium		
1616	TT4	TT4/fixed/r44	fixed-address	$AF90	4	ひやす	ひやす	hiyasu	ひやす	Cool	Cool			yes	hiragana:3; katakana:0; kanji:0; Latin:0; digits:0; phonetic hiragana orthography		Source suppresses normal kanji/katakana distinctions; restore only with context	fixed-address label; 4 packed bytes	medium		
1617	TT4	TT4/fixed/r45	fixed-address	$AF94	3	もむ	もむ	momu	もむ	Massage	Massage			yes	hiragana:2; katakana:0; kanji:0; Latin:0; digits:0; phonetic hiragana orthography		Source suppresses normal kanji/katakana distinctions; restore only with context	fixed-address label; 3 packed bytes	medium		
1618	TT4	TT4/fixed/r46	fixed-address	$AF97	7	ゆびでつぶす	ゆびでつぶす	yubidetsubusu	ゆびでつぶす	Crush	Crush			yes	hiragana:6; katakana:0; kanji:0; Latin:0; digits:0; phonetic hiragana orthography		Source suppresses normal kanji/katakana distinctions; restore only with context	fixed-address label; 7 packed bytes	medium		
1619	TT4	TT4/fixed/r47	fixed-address	$AF9E	7	はりでつぶす	はりでつぶす	haridetsubusu	はりでつぶす	Prick	Prick			yes	hiragana:6; katakana:0; kanji:0; Latin:0; digits:0; phonetic hiragana orthography		Source suppresses normal kanji/katakana distinctions; restore only with context	fixed-address label; 7 packed bytes	medium		
1620	TT4	TT4/fixed/r48	fixed-address	$AFA5	6	なにもしない	なにもしない	nanimoshinai	なにもしない	None	None			yes	hiragana:6; katakana:0; kanji:0; Latin:0; digits:0; phonetic hiragana orthography		Source suppresses normal kanji/katakana distinctions; restore only with context	fixed-address label; 6 packed bytes	medium		
1621	TT4	TT4/fixed/r49	fixed-address	$AFAB	6	あぶらをぬる	あぶらをぬる	aburaonuru	あぶらをぬる	Oil	Oil			yes	hiragana:6; katakana:0; kanji:0; Latin:0; digits:0; phonetic hiragana orthography		Source suppresses normal kanji/katakana distinctions; restore only with context	fixed-address label; 6 packed bytes	medium		
1622	TT4	TT4/fixed/r50	fixed-address	$AFB1	5	ぬのをまく	ぬのをまく	nunoomaku	ぬのをまく	Wrap	Wrap			yes	hiragana:5; katakana:0; kanji:0; Latin:0; digits:0; phonetic hiragana orthography		Source suppresses normal kanji/katakana distinctions; restore only with context	fixed-address label; 5 packed bytes	medium		
1623	TT4	TT4/fixed/r51	fixed-address	$AFB6	3	きた	きた	kita	きた	North	North			yes	hiragana:2; katakana:0; kanji:0; Latin:0; digits:0; phonetic hiragana orthography		Source suppresses normal kanji/katakana distinctions; restore only with context	fixed-address label; 3 packed bytes	medium		
1624	TT4	TT4/fixed/r52	fixed-address	$AFB9	4	ひがし	ひがし	higashi	ひがし	East	East			yes	hiragana:3; katakana:0; kanji:0; Latin:0; digits:0; phonetic hiragana orthography		Source suppresses normal kanji/katakana distinctions; restore only with context	fixed-address label; 4 packed bytes	medium		
1625	TT4	TT4/fixed/r53	fixed-address	$AFBD	3	にし	にし	nishi	にし	West	West			yes	hiragana:2; katakana:0; kanji:0; Latin:0; digits:0; phonetic hiragana orthography		Source suppresses normal kanji/katakana distinctions; restore only with context	fixed-address label; 3 packed bytes	medium		
1626	TT4	TT4/fixed/r54	fixed-address	$AFC0	4	むすめ	むすめ	musume	むすめ	Girl	Girl			yes	hiragana:3; katakana:0; kanji:0; Latin:0; digits:0; phonetic hiragana orthography		むすめ → 娘	fixed-address label; 4 packed bytes	medium		
1627	TT4	TT4/fixed/r55	fixed-address	$AFC4	4	ははおや	ははおや	hahaoya	ははおや	Mother	Mother			yes	hiragana:4; katakana:0; kanji:0; Latin:0; digits:0; phonetic hiragana orthography		Source suppresses normal kanji/katakana distinctions; restore only with context	fixed-address label; 4 packed bytes	medium		
1628	TT4	TT4/fixed/r56	fixed-address	$AFC8	5	おおばこ	おおばこ	oobako	おおばこ	Plant	Plant			yes	hiragana:4; katakana:0; kanji:0; Latin:0; digits:0; phonetic hiragana orthography		Source suppresses normal kanji/katakana distinctions; restore only with context	fixed-address label; 5 packed bytes	medium		
1629	TT4	TT4/fixed/r57	fixed-address	$AFCD	5	どくだみ	どくだみ	dokudami	どくだみ	Fish mint	Fish mint			yes	hiragana:4; katakana:0; kanji:0; Latin:0; digits:0; phonetic hiragana orthography		Source suppresses normal kanji/katakana distinctions; restore only with context	fixed-address label; 5 packed bytes	medium		
1630	TT4	TT4/fixed/r58	fixed-address	$AFD2	7	あまちゃづる	あまちゃづる	amachazuru	あまちゃづる	Jiaogulan	Jiaogulan			yes	hiragana:6; katakana:0; kanji:0; Latin:0; digits:0; phonetic hiragana orthography		Source suppresses normal kanji/katakana distinctions; restore only with context	fixed-address label; 7 packed bytes	medium		
1631	TT4	TT4/fixed/r59	fixed-address	$AFD9	5	すりつぶす	すりつぶす	suritsubusu	すりつぶす	Grind	Grind			yes	hiragana:5; katakana:0; kanji:0; Latin:0; digits:0; phonetic hiragana orthography		Source suppresses normal kanji/katakana distinctions; restore only with context	fixed-address label; 5 packed bytes	medium		
1632	TT4	TT4/fixed/r60	fixed-address	$AFDE	5	せんじる	せんじる	senjiru	せんじる	Boil	Boil			yes	hiragana:4; katakana:0; kanji:0; Latin:0; digits:0; phonetic hiragana orthography		Source suppresses normal kanji/katakana distinctions; restore only with context	fixed-address label; 5 packed bytes	medium		
1633	TT4	TT4/fixed/r61	fixed-address	$AFE3	3	みち	みち	michi	みち	Road	Road			yes	hiragana:2; katakana:0; kanji:0; Latin:0; digits:0; phonetic hiragana orthography		Source suppresses normal kanji/katakana distinctions; restore only with context	fixed-address label; 3 packed bytes	medium		
1634	TT4	TT4/fixed/r62	fixed-address	$AFE6	3	とる	とる	toru	とる	Take	Take			yes	hiragana:2; katakana:0; kanji:0; Latin:0; digits:0; phonetic hiragana orthography		とる → 取る/撮る/採る	fixed-address label; 3 packed bytes	medium		
1635	TT4	TT4/fixed/r63	fixed-address	$AFE9	4	へいし	へいし	heishi	へいし	Soldier	Soldier			yes	hiragana:3; katakana:0; kanji:0; Latin:0; digits:0; phonetic hiragana orthography		へいし → 兵士	fixed-address label; 4 packed bytes	medium		
1636	TT4	TT4/fixed/r64	fixed-address	$AFED	3	やり	やり	yari	やり	Spear	Spear			yes	hiragana:2; katakana:0; kanji:0; Latin:0; digits:0; phonetic hiragana orthography		Source suppresses normal kanji/katakana distinctions; restore only with context	fixed-address label; 3 packed bytes	medium		
1637	TT4	TT4/fixed/r65	fixed-address	$AFF0	5	ふりまわす	ふりまわす	furimawasu	ふりまわす	Swing	Swing			yes	hiragana:5; katakana:0; kanji:0; Latin:0; digits:0; phonetic hiragana orthography		Source suppresses normal kanji/katakana distinctions; restore only with context	fixed-address label; 5 packed bytes	medium		
1638	TT4	TT4/fixed/r66	fixed-address	$AFF5	4	もどる	もどる	modoru	もどる	Back	Back			yes	hiragana:3; katakana:0; kanji:0; Latin:0; digits:0; phonetic hiragana orthography		Source suppresses normal kanji/katakana distinctions; restore only with context	fixed-address label; 4 packed bytes	medium		
1639	TT4	TT4/fixed/r67	fixed-address	$AFF9	4	あるく	あるく	aruku	あるく	Walk	Walk			yes	hiragana:3; katakana:0; kanji:0; Latin:0; digits:0; phonetic hiragana orthography		Source suppresses normal kanji/katakana distinctions; restore only with context	fixed-address label; 4 packed bytes	medium		
1640	TT4	TT4/fixed/r68	fixed-address	$AFFD	5	そくらてす	そくらてす	sokuratesu	そくらてす	Socrates	Socrates			yes	hiragana:5; katakana:0; kanji:0; Latin:0; digits:0; phonetic hiragana orthography		Source suppresses normal kanji/katakana distinctions; restore only with context	fixed-address label; 5 packed bytes	medium		
1641	TT4	TT4/fixed/r69	fixed-address	$B002	6	ぴたごらす	ぴたごらす	pitagorasu	ぴたごらす	Pythagoras	Pythagoras			yes	hiragana:5; katakana:0; kanji:0; Latin:0; digits:0; phonetic hiragana orthography		Source suppresses normal kanji/katakana distinctions; restore only with context	fixed-address label; 6 packed bytes	medium		
1642	TT4	TT4/fixed/r70	fixed-address	$B008	5	ぷらとん	ぷらとん	puraton	ぷらとん	Plato	Plato			yes	hiragana:4; katakana:0; kanji:0; Latin:0; digits:0; phonetic hiragana orthography		Source suppresses normal kanji/katakana distinctions; restore only with context	fixed-address label; 5 packed bytes	medium		
1643	TT4	TT4/fixed/r71	fixed-address	$B00D	5	へろどとす	へろどとす	herodotosu	へろどとす	Herodotus	Herodotus			yes	hiragana:5; katakana:0; kanji:0; Latin:0; digits:0; phonetic hiragana orthography		Source suppresses normal kanji/katakana distinctions; restore only with context	fixed-address label; 5 packed bytes	medium		
1644	TT4	TT4/fixed/r72	fixed-address	$B012	4	ほめろす	ほめろす	homerosu	ほめろす	Homer	Homer			yes	hiragana:4; katakana:0; kanji:0; Latin:0; digits:0; phonetic hiragana orthography		Source suppresses normal kanji/katakana distinctions; restore only with context	fixed-address label; 4 packed bytes	medium		
1645	TT4	TT4/fixed/r73	fixed-address	$B016	3	うみ	うみ	umi	うみ	Sea	Sea			yes	hiragana:2; katakana:0; kanji:0; Latin:0; digits:0; phonetic hiragana orthography		Source suppresses normal kanji/katakana distinctions; restore only with context	fixed-address label; 3 packed bytes	medium		
1646	TT4	TT4/fixed/r74	fixed-address	$B019	5	つりびと	つりびと	tsuribito	つりびと	Fisherman	Fisherman			yes	hiragana:4; katakana:0; kanji:0; Latin:0; digits:0; phonetic hiragana orthography		Source suppresses normal kanji/katakana distinctions; restore only with context	fixed-address label; 5 packed bytes	medium		
1647	TT4	TT4/fixed/r75	fixed-address	$B01E	4	こども	こども	kodomo	こども	Kid	Kid			yes	hiragana:3; katakana:0; kanji:0; Latin:0; digits:0; phonetic hiragana orthography		こども → 子供	fixed-address label; 4 packed bytes	medium		
1648	TT4	TT4/fixed/r76	fixed-address	$B022	4	にくらす	にくらす	nikurasu	にくらす	Nicras	Nicras			yes	hiragana:4; katakana:0; kanji:0; Latin:0; digits:0; phonetic hiragana orthography		Source suppresses normal kanji/katakana distinctions; restore only with context	fixed-address label; 4 packed bytes	medium		
1649	TT4	TT4/fixed/r77	fixed-address	$B026	4	ぽりす	ぽりす	porisu	ぽりす	Polis	Polis			yes	hiragana:3; katakana:0; kanji:0; Latin:0; digits:0; phonetic hiragana orthography		Source suppresses normal kanji/katakana distinctions; restore only with context	fixed-address label; 4 packed bytes	medium		
1650	TT4	TT4/fixed/r78	fixed-address	$B02A	4	ありす	ありす	arisu	ありす	Alice	Alice			yes	hiragana:3; katakana:0; kanji:0; Latin:0; digits:0; phonetic hiragana orthography		Source suppresses normal kanji/katakana distinctions; restore only with context	fixed-address label; 4 packed bytes	medium		
1651	TT4	TT4/fixed/r79	fixed-address	$B02E	5	いめるだ	いめるだ	imeruda	いめるだ	Imelda	Imelda			yes	hiragana:4; katakana:0; kanji:0; Latin:0; digits:0; phonetic hiragana orthography		Source suppresses normal kanji/katakana distinctions; restore only with context	fixed-address label; 5 packed bytes	medium		
1652	TT4	TT4/fixed/r80	fixed-address	$B033	6	じゃかるた	じゃかるた	jakaruta	じゃかるた	Jakarta	Jakarta			yes	hiragana:5; katakana:0; kanji:0; Latin:0; digits:0; phonetic hiragana orthography	じゃ: old-person/western-style copula; context decides voice versus region	Source suppresses normal kanji/katakana distinctions; restore only with context	fixed-address label; 6 packed bytes	high		
1653	TT4	TT4/fixed/r81	fixed-address	$B039	5	すぱるた	すぱるた	suparuta	すぱるた	Sparta	Sparta			yes	hiragana:4; katakana:0; kanji:0; Latin:0; digits:0; phonetic hiragana orthography		Source suppresses normal kanji/katakana distinctions; restore only with context	fixed-address label; 5 packed bytes	medium		
1654	TT4	TT4/fixed/r82	fixed-address	$B03E	6	だるだろす	だるだろす	darudarosu	だるだろす	Daedalus	Daedalus			yes	hiragana:5; katakana:0; kanji:0; Latin:0; digits:0; phonetic hiragana orthography		Source suppresses normal kanji/katakana distinctions; restore only with context	fixed-address label; 6 packed bytes	medium		
1655	TT4	TT4/fixed/r83	fixed-address	$B044	5	へらくれす	へらくれす	herakuresu	へらくれす	Heracles	Heracles			yes	hiragana:5; katakana:0; kanji:0; Latin:0; digits:0; phonetic hiragana orthography		Source suppresses normal kanji/katakana distinctions; restore only with context	fixed-address label; 5 packed bytes	medium		
1656	TT4	TT4/fixed/r84	fixed-address	$B049	5	なぽれおん	なぽれおん	naporeon	なぽれおん	Napoleon	Napoleon			yes	hiragana:5; katakana:0; kanji:0; Latin:0; digits:0; phonetic hiragana orthography		Source suppresses normal kanji/katakana distinctions; restore only with context	fixed-address label; 5 packed bytes	medium		
1657	TT4	TT4/fixed/r85	fixed-address	$B04E	7	ごるばちょふ	ごるばちょふ	gorubachofu	ごるばちょふ	Gorbachev	Gorbachev			yes	hiragana:6; katakana:0; kanji:0; Latin:0; digits:0; phonetic hiragana orthography		Source suppresses normal kanji/katakana distinctions; restore only with context	fixed-address label; 7 packed bytes	medium		
1658	TT4	TT4/fixed/r86	fixed-address	$B055	6	あがめむのん	あがめむのん	agamemunon	あがめむのん	Agamemnon	Agamemnon			yes	hiragana:6; katakana:0; kanji:0; Latin:0; digits:0; phonetic hiragana orthography		Source suppresses normal kanji/katakana distinctions; restore only with context	fixed-address label; 6 packed bytes	medium		
1659	TT4	TT4/fixed/r87	fixed-address	$B05B	4	かんのん	かんのん	kannon	かんのん	Kannon	Kannon			yes	hiragana:4; katakana:0; kanji:0; Latin:0; digits:0; phonetic hiragana orthography		Source suppresses normal kanji/katakana distinctions; restore only with context	fixed-address label; 4 packed bytes	medium		
1660	TT4	TT4/fixed/r88	fixed-address	$B05F	6	ぱるちざん	ぱるちざん	paruchizan	ぱるちざん	Partisan	Partisan			yes	hiragana:5; katakana:0; kanji:0; Latin:0; digits:0; phonetic hiragana orthography		Source suppresses normal kanji/katakana distinctions; restore only with context	fixed-address label; 6 packed bytes	medium		
1661	TT4	TT4/fixed/r89	fixed-address	$B065	5	あいすのん	あいすのん	aisunon	あいすのん	Aisnon	Aisnon			yes	hiragana:5; katakana:0; kanji:0; Latin:0; digits:0; phonetic hiragana orthography		Source suppresses normal kanji/katakana distinctions; restore only with context	fixed-address label; 5 packed bytes	medium		
1662	TT4	TT4/fixed/r90	fixed-address	$B06A	5	ぱるてのん	ぱるてのん	parutenon	ぱるてのん	Parthenon	Parthenon			yes	hiragana:5; katakana:0; kanji:0; Latin:0; digits:0; phonetic hiragana orthography		Source suppresses normal kanji/katakana distinctions; restore only with context	fixed-address label; 5 packed bytes	medium		
1663	TT4	TT4/fixed/r91	fixed-address	$B06F	4	いちご	いちご	ichigo	いちご	Strawberry	Strawberry			yes	hiragana:3; katakana:0; kanji:0; Latin:0; digits:0; phonetic hiragana orthography		Source suppresses normal kanji/katakana distinctions; restore only with context	fixed-address label; 4 packed bytes	medium		
1664	TT4	TT4/fixed/r92	fixed-address	$B073	4	めろん	めろん	meron	めろん	Melon	Melon			yes	hiragana:3; katakana:0; kanji:0; Latin:0; digits:0; phonetic hiragana orthography		Source suppresses normal kanji/katakana distinctions; restore only with context	fixed-address label; 4 packed bytes	medium		
1665	TT4	TT4/fixed/r93	fixed-address	$B077	5	いちじく	いちじく	ichijiku	いちじく	Fig	Fig			yes	hiragana:4; katakana:0; kanji:0; Latin:0; digits:0; phonetic hiragana orthography		Source suppresses normal kanji/katakana distinctions; restore only with context	fixed-address label; 5 packed bytes	medium		
1666	TT4	TT4/fixed/r94	fixed-address	$B07C	5	げんまい	げんまい	genmai	げんまい	Rice	Rice			yes	hiragana:4; katakana:0; kanji:0; Latin:0; digits:0; phonetic hiragana orthography	まい: literary negative intention or conjecture	Source suppresses normal kanji/katakana distinctions; restore only with context	fixed-address label; 5 packed bytes	high		
1667	TT4	TT4/fixed/r95	fixed-address	$B081	5	しんじゅ	しんじゅ	shinju	しんじゅ	Pearl	Pearl			yes	hiragana:4; katakana:0; kanji:0; Latin:0; digits:0; phonetic hiragana orthography		Source suppresses normal kanji/katakana distinctions; restore only with context	fixed-address label; 5 packed bytes	medium		
1668	TT4	TT4/fixed/r96	fixed-address	$B086	5	こーひー	こーひー	koohii	こーひー	Coffee	Coffee			yes	hiragana:2; katakana:2; kanji:0; Latin:0; digits:0		Source suppresses normal kanji/katakana distinctions; restore only with context	fixed-address label; 5 packed bytes	medium		
1669	TT5	TT5/fixed/r0	fixed-address	$ACA5	3	みる	みる	miru	みる	Look	Look			yes	hiragana:2; katakana:0; kanji:0; Latin:0; digits:0; phonetic hiragana orthography		みる → 見る/診る	fixed-address label; 3 packed bytes	medium		
1670	TT5	TT5/fixed/r1	fixed-address	$ACA8	4	はなす	はなす	hanasu	はなす	Talk	Talk			yes	hiragana:3; katakana:0; kanji:0; Latin:0; digits:0; phonetic hiragana orthography		Source suppresses normal kanji/katakana distinctions; restore only with context	fixed-address label; 4 packed bytes	medium		
1671	TT5	TT5/fixed/r2	fixed-address	$ACAC	3	きく	きく	kiku	きく	Ask	Ask			yes	hiragana:2; katakana:0; kanji:0; Latin:0; digits:0; phonetic hiragana orthography		きく → 聞く/聴く/訊く	fixed-address label; 3 packed bytes	medium		
1672	TT5	TT5/fixed/r3	fixed-address	$ACAF	4	いどう	いどう	idou	いどう	Move	Move			yes	hiragana:3; katakana:0; kanji:0; Latin:0; digits:0; phonetic hiragana orthography		Source suppresses normal kanji/katakana distinctions; restore only with context	fixed-address label; 4 packed bytes	medium		
1673	TT5	TT5/fixed/r4	fixed-address	$ACB3	6	じょーじ	じょーじ	jooji	じょーじ	George	George			yes	hiragana:3; katakana:1; kanji:0; Latin:0; digits:0		Source suppresses normal kanji/katakana distinctions; restore only with context	fixed-address label; 6 packed bytes	medium		
1674	TT5	TT5/fixed/r5	fixed-address	$ACB9	3	べる	べる	beru	べる	Belle	Belle			yes	hiragana:2; katakana:0; kanji:0; Latin:0; digits:0; phonetic hiragana orthography		Source suppresses normal kanji/katakana distinctions; restore only with context	fixed-address label; 3 packed bytes	medium		
1675	TT5	TT5/fixed/r6	fixed-address	$ACBC	5	おとこたち	おとこたち	otokotachi	おとこたち	Men	Men			yes	hiragana:5; katakana:0; kanji:0; Latin:0; digits:0; phonetic hiragana orthography		おとこ → 男	fixed-address label; 5 packed bytes	medium		
1676	TT5	TT5/fixed/r7	fixed-address	$ACC1	4	まわり	まわり	mawari	まわり	Area	Area			yes	hiragana:3; katakana:0; kanji:0; Latin:0; digits:0; phonetic hiragana orthography		Source suppresses normal kanji/katakana distinctions; restore only with context	fixed-address label; 4 packed bytes	medium		
1677	TT5	TT5/fixed/r8	fixed-address	$ACC5	4	やけあと	やけあと	yakeato	やけあと	Ruins	Ruins			yes	hiragana:4; katakana:0; kanji:0; Latin:0; digits:0; phonetic hiragana orthography		Source suppresses normal kanji/katakana distinctions; restore only with context	fixed-address label; 4 packed bytes	medium		
1678	TT5	TT5/fixed/r9	fixed-address	$ACC9	6	ひづめのあと	ひづめのあと	hizumenoato	ひづめのあと	Hoofprints	Hoofprints			yes	hiragana:6; katakana:0; kanji:0; Latin:0; digits:0; phonetic hiragana orthography		Source suppresses normal kanji/katakana distinctions; restore only with context	fixed-address label; 6 packed bytes	medium		
1679	TT5	TT5/fixed/r10	fixed-address	$ACCF	3	きた	きた	kita	きた	North	North			yes	hiragana:2; katakana:0; kanji:0; Latin:0; digits:0; phonetic hiragana orthography		Source suppresses normal kanji/katakana distinctions; restore only with context	fixed-address label; 3 packed bytes	medium		
1680	TT5	TT5/fixed/r11	fixed-address	$ACD2	4	ひがし	ひがし	higashi	ひがし	East	East			yes	hiragana:3; katakana:0; kanji:0; Latin:0; digits:0; phonetic hiragana orthography		Source suppresses normal kanji/katakana distinctions; restore only with context	fixed-address label; 4 packed bytes	medium		
1681	TT5	TT5/fixed/r12	fixed-address	$ACD6	3	にし	にし	nishi	にし	West	West			yes	hiragana:2; katakana:0; kanji:0; Latin:0; digits:0; phonetic hiragana orthography		Source suppresses normal kanji/katakana distinctions; restore only with context	fixed-address label; 3 packed bytes	medium		
1682	TT5	TT5/fixed/r13	fixed-address	$ACD9	3	とる	とる	toru	とる	Take	Take			yes	hiragana:2; katakana:0; kanji:0; Latin:0; digits:0; phonetic hiragana orthography		とる → 取る/撮る/採る	fixed-address label; 3 packed bytes	medium		
1683	TT5	TT5/fixed/r14	fixed-address	$ACDC	4	あける	あける	akeru	あける	Open	Open			yes	hiragana:3; katakana:0; kanji:0; Latin:0; digits:0; phonetic hiragana orthography		Source suppresses normal kanji/katakana distinctions; restore only with context	fixed-address label; 4 packed bytes	medium		
1684	TT5	TT5/fixed/r15	fixed-address	$ACE0	4	でーた	でーた	deeta	でーた	Data	Data			yes	hiragana:2; katakana:1; kanji:0; Latin:0; digits:0		Source suppresses normal kanji/katakana distinctions; restore only with context	fixed-address label; 4 packed bytes	medium		
1685	TT5	TT5/fixed/r16	fixed-address	$ACE4	5	へやのなか	へやのなか	heyanonaka	へやのなか	Room	Room			yes	hiragana:5; katakana:0; kanji:0; Latin:0; digits:0; phonetic hiragana orthography		Source suppresses normal kanji/katakana distinctions; restore only with context	fixed-address label; 5 packed bytes	medium		
1686	TT5	TT5/fixed/r17	fixed-address	$ACE9	3	かね	かね	kane	かね	Money	Money			yes	hiragana:2; katakana:0; kanji:0; Latin:0; digits:0; phonetic hiragana orthography		Source suppresses normal kanji/katakana distinctions; restore only with context	fixed-address label; 3 packed bytes	medium		
1687	TT5	TT5/fixed/r18	fixed-address	$ACEC	3	まど	まど	mado	まど	Window	Window			yes	hiragana:2; katakana:0; kanji:0; Latin:0; digits:0; phonetic hiragana orthography		Source suppresses normal kanji/katakana distinctions; restore only with context	fixed-address label; 3 packed bytes	medium		
1688	TT5	TT5/fixed/r19	fixed-address	$ACEF	5	ひきだし	ひきだし	hikidashi	ひきだし	Drawer	Drawer			yes	hiragana:4; katakana:0; kanji:0; Latin:0; digits:0; phonetic hiragana orthography		Source suppresses normal kanji/katakana distinctions; restore only with context	fixed-address label; 5 packed bytes	medium		
1689	TT5	TT5/fixed/r20	fixed-address	$ACF4	4	おもて	おもて	omote	おもて	Out	Out			yes	hiragana:3; katakana:0; kanji:0; Latin:0; digits:0; phonetic hiragana orthography		Source suppresses normal kanji/katakana distinctions; restore only with context	fixed-address label; 4 packed bytes	medium		
1690	TT5	TT5/fixed/r21	fixed-address	$ACF8	4	つかう	つかう	tsukau	つかう	Use	Use			yes	hiragana:3; katakana:0; kanji:0; Latin:0; digits:0; phonetic hiragana orthography		Source suppresses normal kanji/katakana distinctions; restore only with context	fixed-address label; 4 packed bytes	medium		
1691	TT5	TT5/fixed/r22	fixed-address	$ACFC	3	わた	わた	wata	わた	Cotton	Cotton			yes	hiragana:2; katakana:0; kanji:0; Latin:0; digits:0; phonetic hiragana orthography		Source suppresses normal kanji/katakana distinctions; restore only with context	fixed-address label; 3 packed bytes	medium		
1692	TT5	TT5/fixed/r23	fixed-address	$ACFF	3	はい	はい	hai	はい	Yes	Yes			yes	hiragana:2; katakana:0; kanji:0; Latin:0; digits:0; phonetic hiragana orthography		Source suppresses normal kanji/katakana distinctions; restore only with context	fixed-address label; 3 packed bytes	medium		
1693	TT5	TT5/fixed/r24	fixed-address	$AD02	4	いいえ	いいえ	iie	いいえ	No	No			yes	hiragana:3; katakana:0; kanji:0; Latin:0; digits:0; phonetic hiragana orthography		Source suppresses normal kanji/katakana distinctions; restore only with context	fixed-address label; 4 packed bytes	medium		
1694	TT5	TT5/fixed/r25	fixed-address	$AD06	6	わかりました	わかりました	wakarimashita	わかりました	Okay	Okay			yes	hiragana:6; katakana:0; kanji:0; Latin:0; digits:0; phonetic hiragana orthography		Source suppresses normal kanji/katakana distinctions; restore only with context	fixed-address label; 6 packed bytes	medium		
1695	TT5	TT5/fixed/r26	fixed-address	$AD0C	5	もういちど	もういちど	mouichido	もういちど	Again	Again			yes	hiragana:5; katakana:0; kanji:0; Latin:0; digits:0; phonetic hiragana orthography		Source suppresses normal kanji/katakana distinctions; restore only with context	fixed-address label; 5 packed bytes	medium		
1696	TT5	TT5/fixed/r27	fixed-address	$AD11	7	すけじゅーる	すけじゅーる	sukejuuru	すけじゅーる	Schedule	Schedule			yes	hiragana:5; katakana:1; kanji:0; Latin:0; digits:0		Source suppresses normal kanji/katakana distinctions; restore only with context	fixed-address label; 7 packed bytes	medium		
1697	TT5	TT5/fixed/r28	fixed-address	$AD18	7	まいやーよぶ	まいやーよぶ	maiyaayobu	まいやーよぶ	Call	Call			yes	hiragana:5; katakana:1; kanji:0; Latin:0; digits:0		Source suppresses normal kanji/katakana distinctions; restore only with context	fixed-address label; 7 packed bytes	medium		
1698	TT5	TT5/fixed/r29	fixed-address	$AD1F	5	みずくみ	みずくみ	mizukumi	みずくみ	Water	Water			yes	hiragana:4; katakana:0; kanji:0; Latin:0; digits:0; phonetic hiragana orthography		Source suppresses normal kanji/katakana distinctions; restore only with context	fixed-address label; 5 packed bytes	medium		
1699	TT5	TT5/fixed/r30	fixed-address	$AD24	4	わたつみ	わたつみ	watatsumi	わたつみ	Cotton	Cotton			yes	hiragana:4; katakana:0; kanji:0; Latin:0; digits:0; phonetic hiragana orthography		Source suppresses normal kanji/katakana distinctions; restore only with context	fixed-address label; 4 packed bytes	medium		
1700	TT5	TT5/fixed/r31	fixed-address	$AD28	6	やねしゅうり	やねしゅうり	yaneshuuri	やねしゅうり	Roof	Roof			yes	hiragana:6; katakana:0; kanji:0; Latin:0; digits:0; phonetic hiragana orthography		Source suppresses normal kanji/katakana distinctions; restore only with context	fixed-address label; 6 packed bytes	medium		
1701	TT5	TT5/fixed/r32	fixed-address	$AD2E	4	まきわり	まきわり	makiwari	まきわり	Wood	Wood			yes	hiragana:4; katakana:0; kanji:0; Latin:0; digits:0; phonetic hiragana orthography		Source suppresses normal kanji/katakana distinctions; restore only with context	fixed-address label; 4 packed bytes	medium		
1702	TT5	TT5/fixed/r33	fixed-address	$AD32	5	くさむしり	くさむしり	kusamushiri	くさむしり	Weed	Weed			yes	hiragana:5; katakana:0; kanji:0; Latin:0; digits:0; phonetic hiragana orthography		Source suppresses normal kanji/katakana distinctions; restore only with context	fixed-address label; 5 packed bytes	medium		
1703	TT5	TT5/fixed/r34	fixed-address	$AD37	4	4はい	4はい	4hai	4はい	4 cups	4 cups			yes	hiragana:2; katakana:0; kanji:0; Latin:0; digits:1; phonetic hiragana orthography		Source suppresses normal kanji/katakana distinctions; restore only with context	source numerals ['4']; verify dates/counts and Japanese ordering | fixed-address label; 4 packed bytes	medium		
1704	TT5	TT5/fixed/r35	fixed-address	$AD3B	4	6ぱい	6ぱい	6pai	6ぱい	6 cups	6 cups			yes	hiragana:2; katakana:0; kanji:0; Latin:0; digits:1; phonetic hiragana orthography		Source suppresses normal kanji/katakana distinctions; restore only with context	source numerals ['6']; verify dates/counts and Japanese ordering | fixed-address label; 4 packed bytes	medium		
1705	TT5	TT5/fixed/r36	fixed-address	$AD3F	4	8ぱい	8ぱい	8pai	8ぱい	8 cups	8 cups			yes	hiragana:2; katakana:0; kanji:0; Latin:0; digits:1; phonetic hiragana orthography		Source suppresses normal kanji/katakana distinctions; restore only with context	source numerals ['8']; verify dates/counts and Japanese ordering | fixed-address label; 4 packed bytes	medium		
1706	TT5	TT5/fixed/r37	fixed-address	$AD43	5	10ぱい	10ぱい	10pai	10ぱい	10 cups	10 cups			yes	hiragana:2; katakana:0; kanji:0; Latin:0; digits:2; phonetic hiragana orthography		Source suppresses normal kanji/katakana distinctions; restore only with context	source numerals ['10']; verify dates/counts and Japanese ordering | fixed-address label; 5 packed bytes	medium		
1707	TT5	TT5/fixed/r38	fixed-address	$AD48	4	25こ	25こ	25ko	25こ	25 baskets	25 baskets			yes	hiragana:1; katakana:0; kanji:0; Latin:0; digits:2; phonetic hiragana orthography		Source suppresses normal kanji/katakana distinctions; restore only with context	source numerals ['25']; verify dates/counts and Japanese ordering | fixed-address label; 4 packed bytes	medium		
1708	TT5	TT5/fixed/r39	fixed-address	$AD4C	4	26こ	26こ	26ko	26こ	26 baskets	26 baskets			yes	hiragana:1; katakana:0; kanji:0; Latin:0; digits:2; phonetic hiragana orthography		Source suppresses normal kanji/katakana distinctions; restore only with context	source numerals ['26']; verify dates/counts and Japanese ordering | fixed-address label; 4 packed bytes	medium		
1709	TT5	TT5/fixed/r40	fixed-address	$AD50	4	27こ	27こ	27ko	27こ	27 baskets	27 baskets			yes	hiragana:1; katakana:0; kanji:0; Latin:0; digits:2; phonetic hiragana orthography		Source suppresses normal kanji/katakana distinctions; restore only with context	source numerals ['27']; verify dates/counts and Japanese ordering | fixed-address label; 4 packed bytes	medium		
1710	TT5	TT5/fixed/r41	fixed-address	$AD54	4	28こ	28こ	28ko	28こ	28 baskets	28 baskets			yes	hiragana:1; katakana:0; kanji:0; Latin:0; digits:2; phonetic hiragana orthography		Source suppresses normal kanji/katakana distinctions; restore only with context	source numerals ['28']; verify dates/counts and Japanese ordering | fixed-address label; 4 packed bytes	medium		
1711	TT5	TT5/fixed/r42	fixed-address	$AD58	5	1かしょ	1かしょ	1kasho	1かしょ	1 place	1 place			yes	hiragana:3; katakana:0; kanji:0; Latin:0; digits:1; phonetic hiragana orthography		Source suppresses normal kanji/katakana distinctions; restore only with context	source numerals ['1']; verify dates/counts and Japanese ordering | fixed-address label; 5 packed bytes	medium		
1712	TT5	TT5/fixed/r43	fixed-address	$AD5D	5	2かしょ	2かしょ	2kasho	2かしょ	2 places	2 places			yes	hiragana:3; katakana:0; kanji:0; Latin:0; digits:1; phonetic hiragana orthography		Source suppresses normal kanji/katakana distinctions; restore only with context	source numerals ['2']; verify dates/counts and Japanese ordering | fixed-address label; 5 packed bytes	medium		
1713	TT5	TT5/fixed/r44	fixed-address	$AD62	5	3かしょ	3かしょ	3kasho	3かしょ	3 places	3 places			yes	hiragana:3; katakana:0; kanji:0; Latin:0; digits:1; phonetic hiragana orthography		Source suppresses normal kanji/katakana distinctions; restore only with context	source numerals ['3']; verify dates/counts and Japanese ordering | fixed-address label; 5 packed bytes	medium		
1714	TT5	TT5/fixed/r45	fixed-address	$AD67	5	4かしょ	4かしょ	4kasho	4かしょ	4 places	4 places			yes	hiragana:3; katakana:0; kanji:0; Latin:0; digits:1; phonetic hiragana orthography		Source suppresses normal kanji/katakana distinctions; restore only with context	source numerals ['4']; verify dates/counts and Japanese ordering | fixed-address label; 5 packed bytes	medium		
1715	TT5	TT5/fixed/r46	fixed-address	$AD6C	6	60せんち	60せんち	60senchi	60せんち	60 centimeters	60 centimeters			yes	hiragana:3; katakana:0; kanji:0; Latin:0; digits:2; phonetic hiragana orthography		Source suppresses normal kanji/katakana distinctions; restore only with context	source numerals ['60']; verify dates/counts and Japanese ordering | fixed-address label; 6 packed bytes	medium		
1716	TT5	TT5/fixed/r47	fixed-address	$AD72	6	65せんち	65せんち	65senchi	65せんち	65 centimeters	65 centimeters			yes	hiragana:3; katakana:0; kanji:0; Latin:0; digits:2; phonetic hiragana orthography		Source suppresses normal kanji/katakana distinctions; restore only with context	source numerals ['65']; verify dates/counts and Japanese ordering | fixed-address label; 6 packed bytes	medium		
1717	TT5	TT5/fixed/r48	fixed-address	$AD78	6	70せんち	70せんち	70senchi	70せんち	70 centimeters	70 centimeters			yes	hiragana:3; katakana:0; kanji:0; Latin:0; digits:2; phonetic hiragana orthography		Source suppresses normal kanji/katakana distinctions; restore only with context	source numerals ['70']; verify dates/counts and Japanese ordering | fixed-address label; 6 packed bytes	medium		
1718	TT5	TT5/fixed/r49	fixed-address	$AD7E	6	75せんち	75せんち	75senchi	75せんち	75 centimeters	75 centimeters			yes	hiragana:3; katakana:0; kanji:0; Latin:0; digits:2; phonetic hiragana orthography		Source suppresses normal kanji/katakana distinctions; restore only with context	source numerals ['75']; verify dates/counts and Japanese ordering | fixed-address label; 6 packed bytes	medium		
1719	TT5	TT5/fixed/r50	fixed-address	$AD84	5	30ぷん	30ぷん	30pun	30ぷん	30 minutes	30 minutes			yes	hiragana:2; katakana:0; kanji:0; Latin:0; digits:2; phonetic hiragana orthography		Source suppresses normal kanji/katakana distinctions; restore only with context	source numerals ['30']; verify dates/counts and Japanese ordering | fixed-address label; 5 packed bytes	medium		
1720	TT5	TT5/fixed/r51	fixed-address	$AD89	5	60ぷん	60ぷん	60pun	60ぷん	60 minutes	60 minutes			yes	hiragana:2; katakana:0; kanji:0; Latin:0; digits:2; phonetic hiragana orthography		Source suppresses normal kanji/katakana distinctions; restore only with context	source numerals ['60']; verify dates/counts and Japanese ordering | fixed-address label; 5 packed bytes	medium		
1721	TT5	TT5/fixed/r52	fixed-address	$AD8E	5	90ぷん	90ぷん	90pun	90ぷん	90 minutes	90 minutes			yes	hiragana:2; katakana:0; kanji:0; Latin:0; digits:2; phonetic hiragana orthography		Source suppresses normal kanji/katakana distinctions; restore only with context	source numerals ['90']; verify dates/counts and Japanese ordering | fixed-address label; 5 packed bytes	medium		
1722	TT5	TT5/fixed/r53	fixed-address	$AD93	7	120ぷん	120ぷん	120pun	120ぷん	120 minutes	120 minutes			yes	hiragana:2; katakana:0; kanji:0; Latin:0; digits:3; phonetic hiragana orthography		Source suppresses normal kanji/katakana distinctions; restore only with context	source numerals ['120']; verify dates/counts and Japanese ordering | fixed-address label; 7 packed bytes	medium		
1723	TT5	TT5/fixed/r54	fixed-address	$AD9A	3	とむ	とむ	tomu	とむ	Tom	Tom			yes	hiragana:2; katakana:0; kanji:0; Latin:0; digits:0; phonetic hiragana orthography		Source suppresses normal kanji/katakana distinctions; restore only with context	fixed-address label; 3 packed bytes	medium		
1724	TT5	TT5/fixed/r55	fixed-address	$AD9D	5	しょうにん	しょうにん	shounin	しょうにん	Trader	Trader			yes	hiragana:5; katakana:0; kanji:0; Latin:0; digits:0; phonetic hiragana orthography		Source suppresses normal kanji/katakana distinctions; restore only with context	fixed-address label; 5 packed bytes	medium		
1725	TT5	TT5/fixed/r56	fixed-address	$ADA2	6	かいへいたい	かいへいたい	kaiheitai	かいへいたい	Marine	Marine			yes	hiragana:6; katakana:0; kanji:0; Latin:0; digits:0; phonetic hiragana orthography		Source suppresses normal kanji/katakana distinctions; restore only with context	fixed-address label; 6 packed bytes	medium		
1726	TT5	TT5/fixed/r57	fixed-address	$ADA8	5	きへいたい	きへいたい	kiheitai	きへいたい	Cavalry	Cavalry			yes	hiragana:5; katakana:0; kanji:0; Latin:0; digits:0; phonetic hiragana orthography		Source suppresses normal kanji/katakana distinctions; restore only with context	fixed-address label; 5 packed bytes	medium		
1727	TT5	TT5/fixed/r58	fixed-address	$ADAD	4	あかふね	あかふね	akafune	あかふね	Red	Red			yes	hiragana:4; katakana:0; kanji:0; Latin:0; digits:0; phonetic hiragana orthography		Source suppresses normal kanji/katakana distinctions; restore only with context	fixed-address label; 4 packed bytes	medium		
1728	TT5	TT5/fixed/r59	fixed-address	$ADB1	4	しろふね	しろふね	shirofune	しろふね	White	White			yes	hiragana:4; katakana:0; kanji:0; Latin:0; digits:0; phonetic hiragana orthography		Source suppresses normal kanji/katakana distinctions; restore only with context	fixed-address label; 4 packed bytes	medium		
1729	TT5	TT5/fixed/r60	fixed-address	$ADB5	4	くろふね	くろふね	kurofune	くろふね	Black	Black			yes	hiragana:4; katakana:0; kanji:0; Latin:0; digits:0; phonetic hiragana orthography		Source suppresses normal kanji/katakana distinctions; restore only with context	fixed-address label; 4 packed bytes	medium		
1730	TT5	TT5/fixed/r61	fixed-address	$ADB9	6	でびふじん	でびふじん	debifujin	でびふじん	Madame Dewi	Madame Dewi			yes	hiragana:5; katakana:0; kanji:0; Latin:0; digits:0; phonetic hiragana orthography		Source suppresses normal kanji/katakana distinctions; restore only with context	fixed-address label; 6 packed bytes	medium		
1731	TT5	TT5/fixed/r62	fixed-address	$ADBF	6	すとうふじん	すとうふじん	sutoufujin	すとうふじん	Mrs. Stowe	Mrs. Stowe			yes	hiragana:6; katakana:0; kanji:0; Latin:0; digits:0; phonetic hiragana orthography		Source suppresses normal kanji/katakana distinctions; restore only with context	fixed-address label; 6 packed bytes	medium		
1732	TT5	TT5/fixed/r63	fixed-address	$ADC5	6	あきのふじん	あきのふじん	akinofujin	あきのふじん	Mrs. Akino	Mrs. Akino			yes	hiragana:6; katakana:0; kanji:0; Latin:0; digits:0; phonetic hiragana orthography		Source suppresses normal kanji/katakana distinctions; restore only with context	fixed-address label; 6 packed bytes	medium		
1733	TT5	TT5/fixed/r64	fixed-address	$ADCB	7	めりーふじん	めりーふじん	meriifujin	めりーふじん	Mrs. Mary	Mrs. Mary			yes	hiragana:5; katakana:1; kanji:0; Latin:0; digits:0		Source suppresses normal kanji/katakana distinctions; restore only with context	fixed-address label; 7 packed bytes	medium		
1734	TT5	TT5/fixed/r65	fixed-address	$ADD2	7	ほいっとにー	ほいっとにー	hoittonii	ほいっとにー	Whitney	Whitney			yes	hiragana:5; katakana:1; kanji:0; Latin:0; digits:0		Source suppresses normal kanji/katakana distinctions; restore only with context	fixed-address label; 7 packed bytes	medium		
1735	TT5	TT5/fixed/r66	fixed-address	$ADD9	5	きらうえあ	きらうえあ	kirauea	きらうえあ	Kilauea	Kilauea			yes	hiragana:5; katakana:0; kanji:0; Latin:0; digits:0; phonetic hiragana orthography		Source suppresses normal kanji/katakana distinctions; restore only with context	fixed-address label; 5 packed bytes	medium		
1736	TT5	TT5/fixed/r67	fixed-address	$ADDE	4	えとな	えとな	etona	えとな	Etna	Etna			yes	hiragana:3; katakana:0; kanji:0; Latin:0; digits:0; phonetic hiragana orthography		Source suppresses normal kanji/katakana distinctions; restore only with context	fixed-address label; 4 packed bytes	medium		
1737	TT5	TT5/fixed/r68	fixed-address	$ADE2	5	らしゅもあ	らしゅもあ	rashumoa	らしゅもあ	Rushmore	Rushmore			yes	hiragana:5; katakana:0; kanji:0; Latin:0; digits:0; phonetic hiragana orthography		Source suppresses normal kanji/katakana distinctions; restore only with context	fixed-address label; 5 packed bytes	medium		
1738	TT5	TT5/fixed/r69	fixed-address	$ADE7	4	おいわけ	おいわけ	oiwake	おいわけ	Oiwake	Oiwake			yes	hiragana:4; katakana:0; kanji:0; Latin:0; digits:0; phonetic hiragana orthography		Source suppresses normal kanji/katakana distinctions; restore only with context	fixed-address label; 4 packed bytes	medium		
1739	TT5	TT5/fixed/r70	fixed-address	$ADEB	5	えいしゃき	えいしゃき	eishaki	えいしゃき	Projector	Projector			yes	hiragana:5; katakana:0; kanji:0; Latin:0; digits:0; phonetic hiragana orthography		Source suppresses normal kanji/katakana distinctions; restore only with context	fixed-address label; 5 packed bytes	medium		
1740	TT5	TT5/fixed/r71	fixed-address	$ADF0	5	わたくりき	わたくりき	watakuriki	わたくりき	Gin	Gin			yes	hiragana:5; katakana:0; kanji:0; Latin:0; digits:0; phonetic hiragana orthography		Source suppresses normal kanji/katakana distinctions; restore only with context	fixed-address label; 5 packed bytes	medium		
1741	TT5	TT5/fixed/r72	fixed-address	$ADF5	5	こううんき	こううんき	kouunki	こううんき	Plow	Plow			yes	hiragana:5; katakana:0; kanji:0; Latin:0; digits:0; phonetic hiragana orthography		Source suppresses normal kanji/katakana distinctions; restore only with context	fixed-address label; 5 packed bytes	medium		
1742	TT5	TT5/fixed/r73	fixed-address	$ADFA	5	しゃしんき	しゃしんき	shashinki	しゃしんき	Camera	Camera			yes	hiragana:5; katakana:0; kanji:0; Latin:0; digits:0; phonetic hiragana orthography		Source suppresses normal kanji/katakana distinctions; restore only with context	fixed-address label; 5 packed bytes	medium		
1743	TT5	TT5/fixed/r74	fixed-address	$ADFF	4	ひこうき	ひこうき	hikouki	ひこうき	Airplane	Airplane			yes	hiragana:4; katakana:0; kanji:0; Latin:0; digits:0; phonetic hiragana orthography		Source suppresses normal kanji/katakana distinctions; restore only with context	fixed-address label; 4 packed bytes	medium		
1744	TT5	TT5/fixed/r75	fixed-address	$AE03	7	びでおでっき	びでおでっき	bideodekki	びでおでっき	VCR	VCR			yes	hiragana:6; katakana:0; kanji:0; Latin:0; digits:0; phonetic hiragana orthography		Source suppresses normal kanji/katakana distinctions; restore only with context	fixed-address label; 7 packed bytes | compact uppercase label may be an abbreviation	high		
1745	TT5	TT5/fixed/r76	fixed-address	$AE0A	4	もどる	もどる	modoru	もどる	Back	Back			yes	hiragana:3; katakana:0; kanji:0; Latin:0; digits:0; phonetic hiragana orthography		Source suppresses normal kanji/katakana distinctions; restore only with context	fixed-address label; 4 packed bytes	medium		
1746	TT5	TT5/fixed/r77	fixed-address	$AE0E	4	こたえ	こたえ	kotae	こたえ	Answer	Answer			yes	hiragana:3; katakana:0; kanji:0; Latin:0; digits:0; phonetic hiragana orthography		Source suppresses normal kanji/katakana distinctions; restore only with context	fixed-address label; 4 packed bytes	medium		
1747	TT5	TT5/fixed/r78	fixed-address	$AE12	5	もんだい	もんだい	mondai	もんだい	Problem	Problem			yes	hiragana:4; katakana:0; kanji:0; Latin:0; digits:0; phonetic hiragana orthography		Source suppresses normal kanji/katakana distinctions; restore only with context	fixed-address label; 5 packed bytes	medium		
1748	TT5	TT5/fixed/r79	fixed-address	$AE17	3	うし	うし	ushi	うし	Cow	Cow			yes	hiragana:2; katakana:0; kanji:0; Latin:0; digits:0; phonetic hiragana orthography		Source suppresses normal kanji/katakana distinctions; restore only with context	fixed-address label; 3 packed bytes	medium		
1749	TT5	TT5/fixed/r80	fixed-address	$AE1A	4	ひつじ	ひつじ	hitsuji	ひつじ	Sheep	Sheep			yes	hiragana:3; katakana:0; kanji:0; Latin:0; digits:0; phonetic hiragana orthography		Source suppresses normal kanji/katakana distinctions; restore only with context	fixed-address label; 4 packed bytes	medium		
1750	TT5	TT5/fixed/r81	fixed-address	$AE1E	3	ぶた	ぶた	buta	ぶた	Pig	Pig			yes	hiragana:2; katakana:0; kanji:0; Latin:0; digits:0; phonetic hiragana orthography		Source suppresses normal kanji/katakana distinctions; restore only with context	fixed-address label; 3 packed bytes	medium		
1751	TT5	TT5/fixed/r82	fixed-address	$AE21	4	1ぴき	1ぴき	1piki	1ぴき	One	One			yes	hiragana:2; katakana:0; kanji:0; Latin:0; digits:1; phonetic hiragana orthography		Source suppresses normal kanji/katakana distinctions; restore only with context	source numerals ['1']; verify dates/counts and Japanese ordering | fixed-address label; 4 packed bytes	medium		
1752	TT5	TT5/fixed/r83	fixed-address	$AE25	4	2ひき	2ひき	2hiki	2ひき	Two	Two			yes	hiragana:2; katakana:0; kanji:0; Latin:0; digits:1; phonetic hiragana orthography		Source suppresses normal kanji/katakana distinctions; restore only with context	source numerals ['2']; verify dates/counts and Japanese ordering | fixed-address label; 4 packed bytes	medium		
1753	TT5	TT5/fixed/r84	fixed-address	$AE29	4	3びき	3びき	3biki	3びき	Three	Three			yes	hiragana:2; katakana:0; kanji:0; Latin:0; digits:1; phonetic hiragana orthography		Source suppresses normal kanji/katakana distinctions; restore only with context	source numerals ['3']; verify dates/counts and Japanese ordering | fixed-address label; 4 packed bytes	medium		
1754	TT5	TT5/fixed/r85	fixed-address	$AE2D	4	4ひき	4ひき	4hiki	4ひき	Four	Four			yes	hiragana:2; katakana:0; kanji:0; Latin:0; digits:1; phonetic hiragana orthography		Source suppresses normal kanji/katakana distinctions; restore only with context	source numerals ['4']; verify dates/counts and Japanese ordering | fixed-address label; 4 packed bytes	medium		
1755	TT5	TT5/fixed/r86	fixed-address	$AE31	4	5ひき	5ひき	5hiki	5ひき	Five	Five			yes	hiragana:2; katakana:0; kanji:0; Latin:0; digits:1; phonetic hiragana orthography		Source suppresses normal kanji/katakana distinctions; restore only with context	source numerals ['5']; verify dates/counts and Japanese ordering | fixed-address label; 4 packed bytes	medium		
1756	TT5	TT5/fixed/r87	fixed-address	$AE35	4	6ぴき	6ぴき	6piki	6ぴき	Six	Six			yes	hiragana:2; katakana:0; kanji:0; Latin:0; digits:1; phonetic hiragana orthography		Source suppresses normal kanji/katakana distinctions; restore only with context	source numerals ['6']; verify dates/counts and Japanese ordering | fixed-address label; 4 packed bytes	medium		
1757	TT5	TT5/fixed/r88	fixed-address	$AE39	4	7ひき	7ひき	7hiki	7ひき	Seven	Seven			yes	hiragana:2; katakana:0; kanji:0; Latin:0; digits:1; phonetic hiragana orthography		Source suppresses normal kanji/katakana distinctions; restore only with context	source numerals ['7']; verify dates/counts and Japanese ordering | fixed-address label; 4 packed bytes	medium		
1758	TT5	TT5/fixed/r89	fixed-address	$AE3D	4	8ぴき	8ぴき	8piki	8ぴき	Eight	Eight			yes	hiragana:2; katakana:0; kanji:0; Latin:0; digits:1; phonetic hiragana orthography		Source suppresses normal kanji/katakana distinctions; restore only with context	source numerals ['8']; verify dates/counts and Japanese ordering | fixed-address label; 4 packed bytes	medium		
1759	TT5	TT5/fixed/r90	fixed-address	$AE41	6	10のけた	10のけた	10noketa	10のけた	Tens	Tens			yes	hiragana:3; katakana:0; kanji:0; Latin:0; digits:2; phonetic hiragana orthography		Source suppresses normal kanji/katakana distinctions; restore only with context	source numerals ['10']; verify dates/counts and Japanese ordering | fixed-address label; 6 packed bytes	medium		
1760	TT5	TT5/fixed/r91	fixed-address	$AE47	5	1のけた	1のけた	1noketa	1のけた	Ones	Ones			yes	hiragana:3; katakana:0; kanji:0; Latin:0; digits:1; phonetic hiragana orthography		Source suppresses normal kanji/katakana distinctions; restore only with context	source numerals ['1']; verify dates/counts and Japanese ordering | fixed-address label; 5 packed bytes	medium		
1761	TT5	TT5/fixed/r92	fixed-address	$AE4C	2	0	0	0	0	Zero	Zero			yes	hiragana:0; katakana:0; kanji:0; Latin:0; digits:1			source numerals ['0']; verify dates/counts and Japanese ordering | fixed-address label; 2 packed bytes	medium		
1762	TT5	TT5/fixed/r93	fixed-address	$AE4E	2	1	1	1	1	One	One			yes	hiragana:0; katakana:0; kanji:0; Latin:0; digits:1			source numerals ['1']; verify dates/counts and Japanese ordering | fixed-address label; 2 packed bytes	medium		
1763	TT5	TT5/fixed/r94	fixed-address	$AE50	2	2	2	2	2	Two	Two			yes	hiragana:0; katakana:0; kanji:0; Latin:0; digits:1			source numerals ['2']; verify dates/counts and Japanese ordering | fixed-address label; 2 packed bytes	medium		
1764	TT5	TT5/fixed/r95	fixed-address	$AE52	2	3	3	3	3	Three	Three			yes	hiragana:0; katakana:0; kanji:0; Latin:0; digits:1			source numerals ['3']; verify dates/counts and Japanese ordering | fixed-address label; 2 packed bytes	medium		
1765	TT5	TT5/fixed/r96	fixed-address	$AE54	2	4	4	4	4	Four	Four			yes	hiragana:0; katakana:0; kanji:0; Latin:0; digits:1			source numerals ['4']; verify dates/counts and Japanese ordering | fixed-address label; 2 packed bytes	medium		
1766	TT5	TT5/fixed/r97	fixed-address	$AE56	2	5	5	5	5	Five	Five			yes	hiragana:0; katakana:0; kanji:0; Latin:0; digits:1			source numerals ['5']; verify dates/counts and Japanese ordering | fixed-address label; 2 packed bytes	medium		
1767	TT5	TT5/fixed/r98	fixed-address	$AE58	6	6いじょう	6いじょう	6ijou	6いじょう	Six up	Six up			yes	hiragana:4; katakana:0; kanji:0; Latin:0; digits:1; phonetic hiragana orthography		Source suppresses normal kanji/katakana distinctions; restore only with context	source numerals ['6']; verify dates/counts and Japanese ordering | fixed-address label; 6 packed bytes	medium		
1768	TT5	TT5/fixed/r99	fixed-address	$AE5E	2	6	6	6	6	Six	Six			yes	hiragana:0; katakana:0; kanji:0; Latin:0; digits:1			source numerals ['6']; verify dates/counts and Japanese ordering | fixed-address label; 2 packed bytes	medium		
1769	TT5	TT5/fixed/r100	fixed-address	$AE60	2	7	7	7	7	Seven	Seven			yes	hiragana:0; katakana:0; kanji:0; Latin:0; digits:1			source numerals ['7']; verify dates/counts and Japanese ordering | fixed-address label; 2 packed bytes	medium		
1770	TT5	TT5/fixed/r101	fixed-address	$AE62	2	8	8	8	8	Eight	Eight			yes	hiragana:0; katakana:0; kanji:0; Latin:0; digits:1			source numerals ['8']; verify dates/counts and Japanese ordering | fixed-address label; 2 packed bytes	medium		
1771	TT5	TT5/fixed/r102	fixed-address	$AE64	2	9	9	9	9	Nine	Nine			yes	hiragana:0; katakana:0; kanji:0; Latin:0; digits:1			source numerals ['9']; verify dates/counts and Japanese ordering | fixed-address label; 2 packed bytes	medium		
1772	TT5	TT5/fixed/r103	fixed-address	$AE66	4	いれる	いれる	ireru	いれる	Pour	Pour			yes	hiragana:3; katakana:0; kanji:0; Latin:0; digits:0; phonetic hiragana orthography		Source suppresses normal kanji/katakana distinctions; restore only with context	fixed-address label; 4 packed bytes	medium		
1773	TT5	TT5/fixed/r104	fixed-address	$AE6A	4	おわり	おわり	owari	おわり	End	End			yes	hiragana:3; katakana:0; kanji:0; Latin:0; digits:0; phonetic hiragana orthography		Source suppresses normal kanji/katakana distinctions; restore only with context	fixed-address label; 4 packed bytes	medium		
1774	TT5	TT5/fixed/r105	fixed-address	$AE6E	5	おおびん	おおびん	oobin	おおびん	Large	Large			yes	hiragana:4; katakana:0; kanji:0; Latin:0; digits:0; phonetic hiragana orthography		Source suppresses normal kanji/katakana distinctions; restore only with context	fixed-address label; 5 packed bytes	medium		
1775	TT5	TT5/fixed/r106	fixed-address	$AE73	6	ちゅうびん	ちゅうびん	chuubin	ちゅうびん	Medium	Medium			yes	hiragana:5; katakana:0; kanji:0; Latin:0; digits:0; phonetic hiragana orthography		Source suppresses normal kanji/katakana distinctions; restore only with context	fixed-address label; 6 packed bytes	medium		
1776	TT5	TT5/fixed/r107	fixed-address	$AE79	4	こびん	こびん	kobin	こびん	Small	Small			yes	hiragana:3; katakana:0; kanji:0; Latin:0; digits:0; phonetic hiragana orthography		Source suppresses normal kanji/katakana distinctions; restore only with context	fixed-address label; 4 packed bytes	medium		
1777	TT5	TT5/fixed/r108	fixed-address	$AE7D	4	やしき	やしき	yashiki	やしき	Mansion	Mansion			yes	hiragana:3; katakana:0; kanji:0; Latin:0; digits:0; phonetic hiragana orthography		Source suppresses normal kanji/katakana distinctions; restore only with context	fixed-address label; 4 packed bytes	medium		
1778	TT5	TT5/fixed/r109	fixed-address	$AE81	5	まいやー	まいやー	maiyaa	まいやー	Meyer	Meyer			yes	hiragana:3; katakana:1; kanji:0; Latin:0; digits:0		Source suppresses normal kanji/katakana distinctions; restore only with context	fixed-address label; 5 packed bytes	medium		
1779	TT5	TT5/fixed/r110	fixed-address	$AE86	4	ほらあな	ほらあな	horaana	ほらあな	Cave	Cave			yes	hiragana:4; katakana:0; kanji:0; Latin:0; digits:0; phonetic hiragana orthography		Source suppresses normal kanji/katakana distinctions; restore only with context	fixed-address label; 4 packed bytes	medium		
1780	TT5	TT5/fixed/r111	fixed-address	$AE8A	5	ちょうこく	ちょうこく	choukoku	ちょうこく	Statue	Statue			yes	hiragana:5; katakana:0; kanji:0; Latin:0; digits:0; phonetic hiragana orthography		Source suppresses normal kanji/katakana distinctions; restore only with context	fixed-address label; 5 packed bytes	medium		
1781	TT5	TT5/fixed/r112	fixed-address	$AE8F	3	なか	なか	naka	なか	In	In			yes	hiragana:2; katakana:0; kanji:0; Latin:0; digits:0; phonetic hiragana orthography		Source suppresses normal kanji/katakana distinctions; restore only with context	fixed-address label; 3 packed bytes	medium		
1782	T25	T25/fixed/r0	fixed-address	$AB8A	3	みる	みる	miru	みる	Look	Look			yes	hiragana:2; katakana:0; kanji:0; Latin:0; digits:0; phonetic hiragana orthography		みる → 見る/診る	fixed-address label; 3 packed bytes	medium		
1783	T25	T25/fixed/r1	fixed-address	$AB8D	4	はなす	はなす	hanasu	はなす	Talk	Talk			yes	hiragana:3; katakana:0; kanji:0; Latin:0; digits:0; phonetic hiragana orthography		Source suppresses normal kanji/katakana distinctions; restore only with context	fixed-address label; 4 packed bytes	medium		
1784	T25	T25/fixed/r2	fixed-address	$AB91	4	つかう	つかう	tsukau	つかう	Use	Use			yes	hiragana:3; katakana:0; kanji:0; Latin:0; digits:0; phonetic hiragana orthography		Source suppresses normal kanji/katakana distinctions; restore only with context	fixed-address label; 4 packed bytes	medium		
1785	T25	T25/fixed/r3	fixed-address	$AB95	4	いどう	いどう	idou	いどう	Move	Move			yes	hiragana:3; katakana:0; kanji:0; Latin:0; digits:0; phonetic hiragana orthography		Source suppresses normal kanji/katakana distinctions; restore only with context	fixed-address label; 4 packed bytes	medium		
1786	T25	T25/fixed/r4	fixed-address	$AB99	3	そら	そら	sora	そら	Sky	Sky			yes	hiragana:2; katakana:0; kanji:0; Latin:0; digits:0; phonetic hiragana orthography		Source suppresses normal kanji/katakana distinctions; restore only with context	fixed-address label; 3 packed bytes	medium		
1787	T25	T25/fixed/r5	fixed-address	$AB9C	4	へいし	へいし	heishi	へいし	Soldier	Soldier			yes	hiragana:3; katakana:0; kanji:0; Latin:0; digits:0; phonetic hiragana orthography		へいし → 兵士	fixed-address label; 4 packed bytes	medium		
1788	T25	T25/fixed/r6	fixed-address	$ABA0	5	こーひー	こーひー	koohii	こーひー	Coffee	Coffee			yes	hiragana:2; katakana:2; kanji:0; Latin:0; digits:0		Source suppresses normal kanji/katakana distinctions; restore only with context	fixed-address label; 5 packed bytes	medium		
1789	T25	T25/fixed/r7	fixed-address	$ABA5	4	すすめる	すすめる	susumeru	すすめる	Offer	Offer			yes	hiragana:4; katakana:0; kanji:0; Latin:0; digits:0; phonetic hiragana orthography		Source suppresses normal kanji/katakana distinctions; restore only with context	fixed-address label; 4 packed bytes	medium		
1790	T25	T25/fixed/r8	fixed-address	$ABA9	6	やしきのなか	やしきのなか	yashikinonaka	やしきのなか	Mansion	Mansion			yes	hiragana:6; katakana:0; kanji:0; Latin:0; digits:0; phonetic hiragana orthography		Source suppresses normal kanji/katakana distinctions; restore only with context	fixed-address label; 6 packed bytes	medium		
1791	T25	T25/fixed/r9	fixed-address	$ABAF	5	へやのなか	へやのなか	heyanonaka	へやのなか	Room	Room			yes	hiragana:5; katakana:0; kanji:0; Latin:0; digits:0; phonetic hiragana orthography		Source suppresses normal kanji/katakana distinctions; restore only with context	fixed-address label; 5 packed bytes	medium		
1792	T25	T25/fixed/r10	fixed-address	$ABB4	4	わごん	わごん	wagon	わごん	Wagon	Wagon			yes	hiragana:3; katakana:0; kanji:0; Latin:0; digits:0; phonetic hiragana orthography		Source suppresses normal kanji/katakana distinctions; restore only with context	fixed-address label; 4 packed bytes	medium		
1793	T25	T25/fixed/r11	fixed-address	$ABB8	5	まいやー	まいやー	maiyaa	まいやー	Meyer	Meyer			yes	hiragana:3; katakana:1; kanji:0; Latin:0; digits:0		Source suppresses normal kanji/katakana distinctions; restore only with context	fixed-address label; 5 packed bytes	medium		
1794	T25	T25/fixed/r12	fixed-address	$ABBD	6	じょーじ	じょーじ	jooji	じょーじ	George	George			yes	hiragana:3; katakana:1; kanji:0; Latin:0; digits:0		Source suppresses normal kanji/katakana distinctions; restore only with context	fixed-address label; 6 packed bytes	medium		
1795	T25	T25/fixed/r13	fixed-address	$ABC3	5	りんかーん	りんかーん	rinkaan	りんかーん	Lincoln	Lincoln			yes	hiragana:4; katakana:1; kanji:0; Latin:0; digits:0		りんかーん → リンカーン (Lincoln)	fixed-address label; 5 packed bytes	medium		
1796	T25	T25/fixed/r14	fixed-address	$ABC8	4	ぽっと	ぽっと	potto	ぽっと	Pot	Pot			yes	hiragana:3; katakana:0; kanji:0; Latin:0; digits:0; phonetic hiragana orthography		Source suppresses normal kanji/katakana distinctions; restore only with context	fixed-address label; 4 packed bytes	medium		
1797	T25	T25/fixed/r15	fixed-address	$ABCC	4	おもて	おもて	omote	おもて	Out	Out			yes	hiragana:3; katakana:0; kanji:0; Latin:0; digits:0; phonetic hiragana orthography		Source suppresses normal kanji/katakana distinctions; restore only with context	fixed-address label; 4 packed bytes	medium		
1798	T25	T25/fixed/r16	fixed-address	$ABD0	5	まどのそと	まどのそと	madonosoto	まどのそと	Outside	Outside			yes	hiragana:5; katakana:0; kanji:0; Latin:0; digits:0; phonetic hiragana orthography		Source suppresses normal kanji/katakana distinctions; restore only with context	fixed-address label; 5 packed bytes	medium		
1799	T25	T25/fixed/r17	fixed-address	$ABD5	4	ろうか	ろうか	rouka	ろうか	Hall	Hall			yes	hiragana:3; katakana:0; kanji:0; Latin:0; digits:0; phonetic hiragana orthography		Source suppresses normal kanji/katakana distinctions; restore only with context	fixed-address label; 4 packed bytes	medium		
1800	T25	T25/fixed/r18	fixed-address	$ABD9	4	まわり	まわり	mawari	まわり	Area	Area			yes	hiragana:3; katakana:0; kanji:0; Latin:0; digits:0; phonetic hiragana orthography		Source suppresses normal kanji/katakana distinctions; restore only with context	fixed-address label; 4 packed bytes	medium		
1801	T25	T25/fixed/r19	fixed-address	$ABDD	5	きゃくしつ	きゃくしつ	kyakushitsu	きゃくしつ	Guest	Guest			yes	hiragana:5; katakana:0; kanji:0; Latin:0; digits:0; phonetic hiragana orthography		Source suppresses normal kanji/katakana distinctions; restore only with context	fixed-address label; 5 packed bytes	medium		
1802	T25	T25/fixed/r20	fixed-address	$ABE2	5	しょさい	しょさい	shosai	しょさい	Study	Study			yes	hiragana:4; katakana:0; kanji:0; Latin:0; digits:0; phonetic hiragana orthography		Source suppresses normal kanji/katakana distinctions; restore only with context	fixed-address label; 5 packed bytes	medium		
1803	T25	T25/fixed/r21	fixed-address	$ABE7	5	かいだん	かいだん	kaidan	かいだん	Stair	Stair			yes	hiragana:4; katakana:0; kanji:0; Latin:0; digits:0; phonetic hiragana orthography		Source suppresses normal kanji/katakana distinctions; restore only with context	fixed-address label; 5 packed bytes	medium		
1804	T25	T25/fixed/r22	fixed-address	$ABEC	3	とる	とる	toru	とる	Take	Take			yes	hiragana:2; katakana:0; kanji:0; Latin:0; digits:0; phonetic hiragana orthography		とる → 取る/撮る/採る	fixed-address label; 3 packed bytes	medium		
1805	T25	T25/fixed/r23	fixed-address	$ABEF	4	あける	あける	akeru	あける	Open	Open			yes	hiragana:3; katakana:0; kanji:0; Latin:0; digits:0; phonetic hiragana orthography		Source suppresses normal kanji/katakana distinctions; restore only with context	fixed-address label; 4 packed bytes	medium		
1806	T25	T25/fixed/r24	fixed-address	$ABF3	4	つくえ	つくえ	tsukue	つくえ	Desk	Desk			yes	hiragana:3; katakana:0; kanji:0; Latin:0; digits:0; phonetic hiragana orthography		Source suppresses normal kanji/katakana distinctions; restore only with context	fixed-address label; 4 packed bytes	medium		
1807	T25	T25/fixed/r25	fixed-address	$ABF7	5	ひきだし	ひきだし	hikidashi	ひきだし	Drawer	Drawer			yes	hiragana:4; katakana:0; kanji:0; Latin:0; digits:0; phonetic hiragana orthography		Source suppresses normal kanji/katakana distinctions; restore only with context	fixed-address label; 5 packed bytes	medium		
1808	T25	T25/fixed/r26	fixed-address	$ABFC	5	1だんめ	1だんめ	1danme	1だんめ	First	First			yes	hiragana:3; katakana:0; kanji:0; Latin:0; digits:1; phonetic hiragana orthography		Source suppresses normal kanji/katakana distinctions; restore only with context	source numerals ['1']; verify dates/counts and Japanese ordering | fixed-address label; 5 packed bytes	medium		
1809	T25	T25/fixed/r27	fixed-address	$AC01	5	2だんめ	2だんめ	2danme	2だんめ	Second	Second			yes	hiragana:3; katakana:0; kanji:0; Latin:0; digits:1; phonetic hiragana orthography		Source suppresses normal kanji/katakana distinctions; restore only with context	source numerals ['2']; verify dates/counts and Japanese ordering | fixed-address label; 5 packed bytes	medium		
1810	T25	T25/fixed/r28	fixed-address	$AC06	5	3だんめ	3だんめ	3danme	3だんめ	Third	Third			yes	hiragana:3; katakana:0; kanji:0; Latin:0; digits:1; phonetic hiragana orthography		Source suppresses normal kanji/katakana distinctions; restore only with context	source numerals ['3']; verify dates/counts and Japanese ordering | fixed-address label; 5 packed bytes	medium		
1811	T25	T25/fixed/r29	fixed-address	$AC0B	2	え	え	e	え	Picture	Picture			yes	hiragana:1; katakana:0; kanji:0; Latin:0; digits:0; phonetic hiragana orthography		Source suppresses normal kanji/katakana distinctions; restore only with context	fixed-address label; 2 packed bytes	medium		
1812	T25	T25/fixed/r30	fixed-address	$AC0D	3	きく	きく	kiku	きく	Ask	Ask			yes	hiragana:2; katakana:0; kanji:0; Latin:0; digits:0; phonetic hiragana orthography		きく → 聞く/聴く/訊く	fixed-address label; 3 packed bytes	medium		
1813	T25	T25/fixed/r31	fixed-address	$AC10	4	かくれる	かくれる	kakureru	かくれる	Hide	Hide			yes	hiragana:4; katakana:0; kanji:0; Latin:0; digits:0; phonetic hiragana orthography		Source suppresses normal kanji/katakana distinctions; restore only with context	fixed-address label; 4 packed bytes	medium		
1814	T25	T25/fixed/r32	fixed-address	$AC14	4	おりる	おりる	oriru	おりる	Down	Down			yes	hiragana:3; katakana:0; kanji:0; Latin:0; digits:0; phonetic hiragana orthography		Source suppresses normal kanji/katakana distinctions; restore only with context	fixed-address label; 4 packed bytes	medium		
1815	T25	T25/fixed/r33	fixed-address	$AC18	4	あがる	あがる	agaru	あがる	Up	Up			yes	hiragana:3; katakana:0; kanji:0; Latin:0; digits:0; phonetic hiragana orthography		Source suppresses normal kanji/katakana distinctions; restore only with context	fixed-address label; 4 packed bytes	medium		
1816	T25	T25/fixed/r34	fixed-address	$AC1C	3	のる	のる	noru	のる	On	On			yes	hiragana:2; katakana:0; kanji:0; Latin:0; digits:0; phonetic hiragana orthography		Source suppresses normal kanji/katakana distinctions; restore only with context	fixed-address label; 3 packed bytes	medium		
1817	T25	T25/fixed/r35	fixed-address	$AC1F	7	ぼーといどう	ぼーといどう	bootoidou	ぼーといどう	Boat	Boat			yes	hiragana:5; katakana:1; kanji:0; Latin:0; digits:0		Source suppresses normal kanji/katakana distinctions; restore only with context	fixed-address label; 7 packed bytes	medium		
1818	T25	T25/fixed/r36	fixed-address	$AC26	5	こよーて	こよーて	koyoote	こよーて	Coyote	Coyote			yes	hiragana:3; katakana:1; kanji:0; Latin:0; digits:0		Source suppresses normal kanji/katakana distinctions; restore only with context	fixed-address label; 5 packed bytes	medium		
1819	T25	T25/fixed/r37	fixed-address	$AC2B	3	かわ	かわ	kawa	かわ	River	River			yes	hiragana:2; katakana:0; kanji:0; Latin:0; digits:0; phonetic hiragana orthography		Source suppresses normal kanji/katakana distinctions; restore only with context	fixed-address label; 3 packed bytes	medium		
1820	T25	T25/fixed/r38	fixed-address	$AC2E	3	おれ	おれ	ore	おれ	Me	Me			yes	hiragana:2; katakana:0; kanji:0; Latin:0; digits:0; phonetic hiragana orthography	おれ: plain-to-rough masculine first person	Source suppresses normal kanji/katakana distinctions; restore only with context	fixed-address label; 3 packed bytes	high		
1821	T25	T25/fixed/r39	fixed-address	$AC31	6	こよーて1	こよーて1	koyoote1	こよーて1	Coyote 1	Coyote 1			yes	hiragana:3; katakana:1; kanji:0; Latin:0; digits:1		Source suppresses normal kanji/katakana distinctions; restore only with context	source numerals ['1']; verify dates/counts and Japanese ordering | fixed-address label; 6 packed bytes	medium		
1822	T25	T25/fixed/r40	fixed-address	$AC37	6	こよーて2	こよーて2	koyoote2	こよーて2	Coyote 2	Coyote 2			yes	hiragana:3; katakana:1; kanji:0; Latin:0; digits:1		Source suppresses normal kanji/katakana distinctions; restore only with context	source numerals ['2']; verify dates/counts and Japanese ordering | fixed-address label; 6 packed bytes	medium		
1823	T25	T25/fixed/r41	fixed-address	$AC3D	6	こよーて3	こよーて3	koyoote3	こよーて3	Coyote 3	Coyote 3			yes	hiragana:3; katakana:1; kanji:0; Latin:0; digits:1		Source suppresses normal kanji/katakana distinctions; restore only with context	source numerals ['3']; verify dates/counts and Japanese ordering | fixed-address label; 6 packed bytes	medium		
1824	TT6A	TT6A/fixed/r0	fixed-address	$A747	3	みる	みる	miru	みる	Look	Look			yes	hiragana:2; katakana:0; kanji:0; Latin:0; digits:0; phonetic hiragana orthography		みる → 見る/診る	fixed-address label; 3 packed bytes	medium		
1825	TT6A	TT6A/fixed/r1	fixed-address	$A74A	3	きく	きく	kiku	きく	Ask	Ask			yes	hiragana:2; katakana:0; kanji:0; Latin:0; digits:0; phonetic hiragana orthography		きく → 聞く/聴く/訊く	fixed-address label; 3 packed bytes	medium		
1826	TT6A	TT6A/fixed/r2	fixed-address	$A74D	3	かぐ	かぐ	kagu	かぐ	Smell	Smell			yes	hiragana:2; katakana:0; kanji:0; Latin:0; digits:0; phonetic hiragana orthography		Source suppresses normal kanji/katakana distinctions; restore only with context	fixed-address label; 3 packed bytes	medium		
1827	TT6A	TT6A/fixed/r3	fixed-address	$A750	4	くわえる	くわえる	kuwaeru	くわえる	Hold	Hold			yes	hiragana:4; katakana:0; kanji:0; Latin:0; digits:0; phonetic hiragana orthography		Source suppresses normal kanji/katakana distinctions; restore only with context	fixed-address label; 4 packed bytes	medium		
1828	TT6A	TT6A/fixed/r4	fixed-address	$A754	4	いどう	いどう	idou	いどう	Move	Move			yes	hiragana:3; katakana:0; kanji:0; Latin:0; digits:0; phonetic hiragana orthography		Source suppresses normal kanji/katakana distinctions; restore only with context	fixed-address label; 4 packed bytes	medium		
1829	TT6A	TT6A/fixed/r5	fixed-address	$A758	4	まわり	まわり	mawari	まわり	Area	Area			yes	hiragana:3; katakana:0; kanji:0; Latin:0; digits:0; phonetic hiragana orthography		Source suppresses normal kanji/katakana distinctions; restore only with context	fixed-address label; 4 packed bytes	medium		
1830	TT6A	TT6A/fixed/r6	fixed-address	$A75C	3	そら	そら	sora	そら	Sky	Sky			yes	hiragana:2; katakana:0; kanji:0; Latin:0; digits:0; phonetic hiragana orthography		Source suppresses normal kanji/katakana distinctions; restore only with context	fixed-address label; 3 packed bytes	medium		
1831	TT6A	TT6A/fixed/r7	fixed-address	$A75F	4	からだ	からだ	karada	からだ	Body	Body			yes	hiragana:3; katakana:0; kanji:0; Latin:0; digits:0; phonetic hiragana orthography		からだ → 体	fixed-address label; 4 packed bytes	medium		
1832	TT6A	TT6A/fixed/r8	fixed-address	$A763	4	よせふ	よせふ	yosefu	よせふ	Joseph	Joseph			yes	hiragana:3; katakana:0; kanji:0; Latin:0; digits:0; phonetic hiragana orthography		Source suppresses normal kanji/katakana distinctions; restore only with context	fixed-address label; 4 packed bytes	medium		
1833	TT6A	TT6A/fixed/r9	fixed-address	$A767	5	うなずく	うなずく	unazuku	うなずく	Nod	Nod			yes	hiragana:4; katakana:0; kanji:0; Latin:0; digits:0; phonetic hiragana orthography		Source suppresses normal kanji/katakana distinctions; restore only with context	fixed-address label; 5 packed bytes	medium		
1834	TT6A	TT6A/fixed/r10	fixed-address	$A76C	5	よこをむく	よこをむく	yokoomuku	よこをむく	Turn	Turn			yes	hiragana:5; katakana:0; kanji:0; Latin:0; digits:0; phonetic hiragana orthography		Source suppresses normal kanji/katakana distinctions; restore only with context	fixed-address label; 5 packed bytes	medium		
1835	TT6A	TT6A/fixed/r11	fixed-address	$A771	3	そで	そで	sode	そで	Sleeve	Sleeve			yes	hiragana:2; katakana:0; kanji:0; Latin:0; digits:0; phonetic hiragana orthography		Source suppresses normal kanji/katakana distinctions; restore only with context	fixed-address label; 3 packed bytes	medium		
1836	TT6A	TT6A/fixed/r12	fixed-address	$A774	3	むら	むら	mura	むら	Village	Village			yes	hiragana:2; katakana:0; kanji:0; Latin:0; digits:0; phonetic hiragana orthography		Source suppresses normal kanji/katakana distinctions; restore only with context	fixed-address label; 3 packed bytes	medium		
1837	TT6A	TT6A/fixed/r13	fixed-address	$A777	3	のむ	のむ	nomu	のむ	Drink	Drink			yes	hiragana:2; katakana:0; kanji:0; Latin:0; digits:0; phonetic hiragana orthography		Source suppresses normal kanji/katakana distinctions; restore only with context	fixed-address label; 3 packed bytes	medium		
1838	TT6A	TT6A/fixed/r14	fixed-address	$A77A	4	でーた	でーた	deeta	でーた	Data	Data			yes	hiragana:2; katakana:1; kanji:0; Latin:0; digits:0		Source suppresses normal kanji/katakana distinctions; restore only with context	fixed-address label; 4 packed bytes	medium		
1839	TT6A	TT6A/fixed/r15	fixed-address	$A77E	5	ちょうろう	ちょうろう	chourou	ちょうろう	Elder	Elder			yes	hiragana:5; katakana:0; kanji:0; Latin:0; digits:0; phonetic hiragana orthography		Source suppresses normal kanji/katakana distinctions; restore only with context	fixed-address label; 5 packed bytes	medium		
1840	TT6A	TT6A/fixed/r16	fixed-address	$A783	4	こども	こども	kodomo	こども	Kid	Kid			yes	hiragana:3; katakana:0; kanji:0; Latin:0; digits:0; phonetic hiragana orthography		こども → 子供	fixed-address label; 4 packed bytes	medium		
1841	TT6A	TT6A/fixed/r17	fixed-address	$A787	3	いど	いど	ido	いど	Well	Well			yes	hiragana:2; katakana:0; kanji:0; Latin:0; digits:0; phonetic hiragana orthography		Source suppresses normal kanji/katakana distinctions; restore only with context	fixed-address label; 3 packed bytes	medium		
1842	TT6A	TT6A/fixed/r18	fixed-address	$A78A	5	かいばおけ	かいばおけ	kaibaoke	かいばおけ	Trough	Trough			yes	hiragana:5; katakana:0; kanji:0; Latin:0; digits:0; phonetic hiragana orthography		Source suppresses normal kanji/katakana distinctions; restore only with context	fixed-address label; 5 packed bytes	medium		
1843	TT6A	TT6A/fixed/r19	fixed-address	$A78F	3	なわ	なわ	nawa	なわ	Rope	Rope			yes	hiragana:2; katakana:0; kanji:0; Latin:0; digits:0; phonetic hiragana orthography		Source suppresses normal kanji/katakana distinctions; restore only with context	fixed-address label; 3 packed bytes	medium		
1844	TT6A	TT6A/fixed/r20	fixed-address	$A792	4	ほしくさ	ほしくさ	hoshikusa	ほしくさ	Hay	Hay			yes	hiragana:4; katakana:0; kanji:0; Latin:0; digits:0; phonetic hiragana orthography		Source suppresses normal kanji/katakana distinctions; restore only with context	fixed-address label; 4 packed bytes	medium		
1845	TT6A	TT6A/fixed/r21	fixed-address	$A796	6	いどのみず	いどのみず	idonomizu	いどのみず	Water	Water			yes	hiragana:5; katakana:0; kanji:0; Latin:0; digits:0; phonetic hiragana orthography		Source suppresses normal kanji/katakana distinctions; restore only with context	fixed-address label; 6 packed bytes	medium		
1846	TT6A	TT6A/fixed/r22	fixed-address	$A79C	3	おか	おか	oka	おか	Hill	Hill			yes	hiragana:2; katakana:0; kanji:0; Latin:0; digits:0; phonetic hiragana orthography		Source suppresses normal kanji/katakana distinctions; restore only with context	fixed-address label; 3 packed bytes	medium		
1847	TT6A	TT6A/fixed/r23	fixed-address	$A79F	5	みぎのいえ	みぎのいえ	miginoie	みぎのいえ	Right house	Right house			yes	hiragana:5; katakana:0; kanji:0; Latin:0; digits:0; phonetic hiragana orthography		Source suppresses normal kanji/katakana distinctions; restore only with context	fixed-address label; 5 packed bytes	medium		
1848	TT6A	TT6A/fixed/r24	fixed-address	$A7A4	6	ひだりのいえ	ひだりのいえ	hidarinoie	ひだりのいえ	Left house	Left house			yes	hiragana:6; katakana:0; kanji:0; Latin:0; digits:0; phonetic hiragana orthography		Source suppresses normal kanji/katakana distinctions; restore only with context	fixed-address label; 6 packed bytes	medium		
1849	TT6A	TT6A/fixed/r25	fixed-address	$A7AA	3	かわ	かわ	kawa	かわ	River	River			yes	hiragana:2; katakana:0; kanji:0; Latin:0; digits:0; phonetic hiragana orthography		Source suppresses normal kanji/katakana distinctions; restore only with context	fixed-address label; 3 packed bytes	medium		
1850	TT6A	TT6A/fixed/r26	fixed-address	$A7AD	5	へやのなか	へやのなか	heyanonaka	へやのなか	Room	Room			yes	hiragana:5; katakana:0; kanji:0; Latin:0; digits:0; phonetic hiragana orthography		Source suppresses normal kanji/katakana distinctions; restore only with context	fixed-address label; 5 packed bytes	medium		
1851	TT6A	TT6A/fixed/r27	fixed-address	$A7B2	4	まりあ	まりあ	maria	まりあ	Mary	Mary			yes	hiragana:3; katakana:0; kanji:0; Latin:0; digits:0; phonetic hiragana orthography		Source suppresses normal kanji/katakana distinctions; restore only with context	fixed-address label; 4 packed bytes	medium		
1852	TT6A	TT6A/fixed/r28	fixed-address	$A7B6	4	うつわ	うつわ	utsuwa	うつわ	Bowl	Bowl			yes	hiragana:3; katakana:0; kanji:0; Latin:0; digits:0; phonetic hiragana orthography		Source suppresses normal kanji/katakana distinctions; restore only with context	fixed-address label; 4 packed bytes	medium		
1853	TT6A	TT6A/fixed/r29	fixed-address	$A7BA	4	ひきうす	ひきうす	hikiusu	ひきうす	Mill	Mill			yes	hiragana:4; katakana:0; kanji:0; Latin:0; digits:0; phonetic hiragana orthography		Source suppresses normal kanji/katakana distinctions; restore only with context	fixed-address label; 4 packed bytes	medium		
1854	TT6A	TT6A/fixed/r30	fixed-address	$A7BE	4	うでわ	うでわ	udewa	うでわ	Bracelet	Bracelet			yes	hiragana:3; katakana:0; kanji:0; Latin:0; digits:0; phonetic hiragana orthography		Source suppresses normal kanji/katakana distinctions; restore only with context	fixed-address label; 4 packed bytes	medium		
1855	TT6A	TT6A/fixed/r31	fixed-address	$A7C2	6	くびかざり	くびかざり	kubikazari	くびかざり	Necklace	Necklace			yes	hiragana:5; katakana:0; kanji:0; Latin:0; digits:0; phonetic hiragana orthography		Source suppresses normal kanji/katakana distinctions; restore only with context	fixed-address label; 6 packed bytes	medium		
1856	TT6A	TT6A/fixed/r32	fixed-address	$A7C8	4	こむぎ	こむぎ	komugi	こむぎ	Wheat	Wheat			yes	hiragana:3; katakana:0; kanji:0; Latin:0; digits:0; phonetic hiragana orthography		Source suppresses normal kanji/katakana distinctions; restore only with context	fixed-address label; 4 packed bytes	medium		
1857	TT6A	TT6A/fixed/r33	fixed-address	$A7CC	4	おもて	おもて	omote	おもて	Out	Out			yes	hiragana:3; katakana:0; kanji:0; Latin:0; digits:0; phonetic hiragana orthography		Source suppresses normal kanji/katakana distinctions; restore only with context	fixed-address label; 4 packed bytes	medium		
1858	TT6A	TT6A/fixed/r34	fixed-address	$A7D0	3	のる	のる	noru	のる	On	On			yes	hiragana:2; katakana:0; kanji:0; Latin:0; digits:0; phonetic hiragana orthography		Source suppresses normal kanji/katakana distinctions; restore only with context	fixed-address label; 3 packed bytes	medium		
1859	TT6A	TT6A/fixed/r35	fixed-address	$A7D3	4	おりる	おりる	oriru	おりる	Down	Down			yes	hiragana:3; katakana:0; kanji:0; Latin:0; digits:0; phonetic hiragana orthography		Source suppresses normal kanji/katakana distinctions; restore only with context	fixed-address label; 4 packed bytes	medium		
1860	TT6A	TT6A/fixed/r36	fixed-address	$A7D7	4	こうぐ	こうぐ	kougu	こうぐ	Tools	Tools			yes	hiragana:3; katakana:0; kanji:0; Latin:0; digits:0; phonetic hiragana orthography		Source suppresses normal kanji/katakana distinctions; restore only with context	fixed-address label; 4 packed bytes	medium		
1861	TT6A	TT6A/fixed/r37	fixed-address	$A7DB	3	だい	だい	dai	だい	Stand	Stand			yes	hiragana:2; katakana:0; kanji:0; Latin:0; digits:0; phonetic hiragana orthography		Source suppresses normal kanji/katakana distinctions; restore only with context	fixed-address label; 3 packed bytes	medium		
1862	TT6A	TT6A/fixed/r38	fixed-address	$A7DE	5	だいのうえ	だいのうえ	dainoue	だいのうえ	On stand	On stand			yes	hiragana:5; katakana:0; kanji:0; Latin:0; digits:0; phonetic hiragana orthography		Source suppresses normal kanji/katakana distinctions; restore only with context	fixed-address label; 5 packed bytes	medium		
1863	TT6A	TT6A/fixed/r39	fixed-address	$A7E3	4	かわら	かわら	kawara	かわら	Tile	Tile			yes	hiragana:3; katakana:0; kanji:0; Latin:0; digits:0; phonetic hiragana orthography		Source suppresses normal kanji/katakana distinctions; restore only with context	fixed-address label; 4 packed bytes	medium		
1864	TT6A	TT6A/fixed/r40	fixed-address	$A7E7	5	こどもたち	こどもたち	kodomotachi	こどもたち	Kids	Kids			yes	hiragana:5; katakana:0; kanji:0; Latin:0; digits:0; phonetic hiragana orthography		こども → 子供	fixed-address label; 5 packed bytes	medium		
1865	TT6B	TT6B/fixed/r0	fixed-address	$A780	3	みる	みる	miru	みる	Look	Look			yes	hiragana:2; katakana:0; kanji:0; Latin:0; digits:0; phonetic hiragana orthography		みる → 見る/診る	fixed-address label; 3 packed bytes	medium		
1866	TT6B	TT6B/fixed/r1	fixed-address	$A783	3	きく	きく	kiku	きく	Ask	Ask			yes	hiragana:2; katakana:0; kanji:0; Latin:0; digits:0; phonetic hiragana orthography		きく → 聞く/聴く/訊く	fixed-address label; 3 packed bytes	medium		
1867	TT6B	TT6B/fixed/r2	fixed-address	$A786	3	かぐ	かぐ	kagu	かぐ	Smell	Smell			yes	hiragana:2; katakana:0; kanji:0; Latin:0; digits:0; phonetic hiragana orthography		Source suppresses normal kanji/katakana distinctions; restore only with context	fixed-address label; 3 packed bytes	medium		
1868	TT6B	TT6B/fixed/r3	fixed-address	$A789	4	くわえる	くわえる	kuwaeru	くわえる	Hold	Hold			yes	hiragana:4; katakana:0; kanji:0; Latin:0; digits:0; phonetic hiragana orthography		Source suppresses normal kanji/katakana distinctions; restore only with context	fixed-address label; 4 packed bytes	medium		
1869	TT6B	TT6B/fixed/r4	fixed-address	$A78D	4	いどう	いどう	idou	いどう	Move	Move			yes	hiragana:3; katakana:0; kanji:0; Latin:0; digits:0; phonetic hiragana orthography		Source suppresses normal kanji/katakana distinctions; restore only with context	fixed-address label; 4 packed bytes	medium		
1870	TT6B	TT6B/fixed/r5	fixed-address	$A791	4	まわり	まわり	mawari	まわり	Area	Area			yes	hiragana:3; katakana:0; kanji:0; Latin:0; digits:0; phonetic hiragana orthography		Source suppresses normal kanji/katakana distinctions; restore only with context	fixed-address label; 4 packed bytes	medium		
1871	TT6B	TT6B/fixed/r6	fixed-address	$A795	4	よせふ	よせふ	yosefu	よせふ	Joseph	Joseph			yes	hiragana:3; katakana:0; kanji:0; Latin:0; digits:0; phonetic hiragana orthography		Source suppresses normal kanji/katakana distinctions; restore only with context	fixed-address label; 4 packed bytes	medium		
1872	TT6B	TT6B/fixed/r7	fixed-address	$A799	4	まりあ	まりあ	maria	まりあ	Mary	Mary			yes	hiragana:3; katakana:0; kanji:0; Latin:0; digits:0; phonetic hiragana orthography		Source suppresses normal kanji/katakana distinctions; restore only with context	fixed-address label; 4 packed bytes	medium		
1873	TT6B	TT6B/fixed/r8	fixed-address	$A79D	4	からだ	からだ	karada	からだ	Body	Body			yes	hiragana:3; katakana:0; kanji:0; Latin:0; digits:0; phonetic hiragana orthography		からだ → 体	fixed-address label; 4 packed bytes	medium		
1874	TT6B	TT6B/fixed/r9	fixed-address	$A7A1	3	そで	そで	sode	そで	Sleeve	Sleeve			yes	hiragana:2; katakana:0; kanji:0; Latin:0; digits:0; phonetic hiragana orthography		Source suppresses normal kanji/katakana distinctions; restore only with context	fixed-address label; 3 packed bytes	medium		
1875	TT6B	TT6B/fixed/r10	fixed-address	$A7A4	4	めをむく	めをむく	meomuku	めをむく	Glare	Glare			yes	hiragana:4; katakana:0; kanji:0; Latin:0; digits:0; phonetic hiragana orthography		Source suppresses normal kanji/katakana distinctions; restore only with context	fixed-address label; 4 packed bytes	medium		
1876	TT6B	TT6B/fixed/r11	fixed-address	$A7A8	4	さけぶ	さけぶ	sakebu	さけぶ	Yell	Yell			yes	hiragana:3; katakana:0; kanji:0; Latin:0; digits:0; phonetic hiragana orthography		Source suppresses normal kanji/katakana distinctions; restore only with context	fixed-address label; 4 packed bytes	medium		
1877	TT6B	TT6B/fixed/r12	fixed-address	$A7AC	5	したをだす	したをだす	shitaodasu	したをだす	Tongue	Tongue			yes	hiragana:5; katakana:0; kanji:0; Latin:0; digits:0; phonetic hiragana orthography		Source suppresses normal kanji/katakana distinctions; restore only with context	fixed-address label; 5 packed bytes	medium		
1878	TT6B	TT6B/fixed/r13	fixed-address	$A7B1	6	ういんくする	ういんくする	uinkusuru	ういんくする	Wink	Wink			yes	hiragana:6; katakana:0; kanji:0; Latin:0; digits:0; phonetic hiragana orthography		Source suppresses normal kanji/katakana distinctions; restore only with context	fixed-address label; 6 packed bytes	medium		
1879	TT6B	TT6B/fixed/r14	fixed-address	$A7B7	4	はなす	はなす	hanasu	はなす	Talk	Talk			yes	hiragana:3; katakana:0; kanji:0; Latin:0; digits:0; phonetic hiragana orthography		Source suppresses normal kanji/katakana distinctions; restore only with context	fixed-address label; 4 packed bytes	medium		
1880	TT6B	TT6B/fixed/r15	fixed-address	$A7BB	4	たべる	たべる	taberu	たべる	Eat	Eat			yes	hiragana:3; katakana:0; kanji:0; Latin:0; digits:0; phonetic hiragana orthography		Source suppresses normal kanji/katakana distinctions; restore only with context	fixed-address label; 4 packed bytes	medium		
1881	TT6B	TT6B/fixed/r16	fixed-address	$A7BF	4	てんと	てんと	tento	てんと	Tent	Tent			yes	hiragana:3; katakana:0; kanji:0; Latin:0; digits:0; phonetic hiragana orthography		Source suppresses normal kanji/katakana distinctions; restore only with context	fixed-address label; 4 packed bytes	medium		
1882	TT6B	TT6B/fixed/r17	fixed-address	$A7C3	4	らくだ	らくだ	rakuda	らくだ	Camel	Camel			yes	hiragana:3; katakana:0; kanji:0; Latin:0; digits:0; phonetic hiragana orthography		Source suppresses normal kanji/katakana distinctions; restore only with context	fixed-address label; 4 packed bytes	medium		
1883	TT6B	TT6B/fixed/r18	fixed-address	$A7C7	5	おとこたち	おとこたち	otokotachi	おとこたち	Men	Men			yes	hiragana:5; katakana:0; kanji:0; Latin:0; digits:0; phonetic hiragana orthography		おとこ → 男	fixed-address label; 5 packed bytes	medium		
1884	TT6B	TT6B/fixed/r19	fixed-address	$A7CC	3	きた	きた	kita	きた	North	North			yes	hiragana:2; katakana:0; kanji:0; Latin:0; digits:0; phonetic hiragana orthography		Source suppresses normal kanji/katakana distinctions; restore only with context	fixed-address label; 3 packed bytes	medium		
1885	TT6B	TT6B/fixed/r20	fixed-address	$A7CF	4	ひがし	ひがし	higashi	ひがし	East	East			yes	hiragana:3; katakana:0; kanji:0; Latin:0; digits:0; phonetic hiragana orthography		Source suppresses normal kanji/katakana distinctions; restore only with context	fixed-address label; 4 packed bytes	medium		
1886	TT6B	TT6B/fixed/r21	fixed-address	$A7D3	3	にし	にし	nishi	にし	West	West			yes	hiragana:2; katakana:0; kanji:0; Latin:0; digits:0; phonetic hiragana orthography		Source suppresses normal kanji/katakana distinctions; restore only with context	fixed-address label; 3 packed bytes	medium		
1887	TT6B	TT6B/fixed/r22	fixed-address	$A7D6	4	みなみ	みなみ	minami	みなみ	South	South			yes	hiragana:3; katakana:0; kanji:0; Latin:0; digits:0; phonetic hiragana orthography		Source suppresses normal kanji/katakana distinctions; restore only with context	fixed-address label; 4 packed bytes	medium		
1888	TT6B	TT6B/fixed/r23	fixed-address	$A7DA	4	すすむ	すすむ	susumu	すすむ	Forward	Forward			yes	hiragana:3; katakana:0; kanji:0; Latin:0; digits:0; phonetic hiragana orthography		Source suppresses normal kanji/katakana distinctions; restore only with context	fixed-address label; 4 packed bytes	medium		
1889	TT6B	TT6B/fixed/r24	fixed-address	$A7DE	4	もどる	もどる	modoru	もどる	Back	Back			yes	hiragana:3; katakana:0; kanji:0; Latin:0; digits:0; phonetic hiragana orthography		Source suppresses normal kanji/katakana distinctions; restore only with context	fixed-address label; 4 packed bytes	medium		
1890	TT6B	TT6B/fixed/r25	fixed-address	$A7E2	5	あたっく	あたっく	atakku	あたっく	Fight	Fight			yes	hiragana:4; katakana:0; kanji:0; Latin:0; digits:0; phonetic hiragana orthography		Source suppresses normal kanji/katakana distinctions; restore only with context	fixed-address label; 5 packed bytes	medium		
1891	TT6B	TT6B/fixed/r26	fixed-address	$A7E7	4	あるく	あるく	aruku	あるく	Walk	Walk			yes	hiragana:3; katakana:0; kanji:0; Latin:0; digits:0; phonetic hiragana orthography		Source suppresses normal kanji/katakana distinctions; restore only with context	fixed-address label; 4 packed bytes	medium		
1892	TT6B	TT6B/fixed/r27	fixed-address	$A7EB	5	へやのなか	へやのなか	heyanonaka	へやのなか	Room	Room			yes	hiragana:5; katakana:0; kanji:0; Latin:0; digits:0; phonetic hiragana orthography		Source suppresses normal kanji/katakana distinctions; restore only with context	fixed-address label; 5 packed bytes	medium		
1893	TT6B	TT6B/fixed/r28	fixed-address	$A7F0	5	かいばおけ	かいばおけ	kaibaoke	かいばおけ	Trough	Trough			yes	hiragana:5; katakana:0; kanji:0; Latin:0; digits:0; phonetic hiragana orthography		Source suppresses normal kanji/katakana distinctions; restore only with context	fixed-address label; 5 packed bytes	medium		
1894	TT6B	TT6B/fixed/r29	fixed-address	$A7F5	3	うま	うま	uma	うま	Horse	Horse			yes	hiragana:2; katakana:0; kanji:0; Latin:0; digits:0; phonetic hiragana orthography		Source suppresses normal kanji/katakana distinctions; restore only with context	fixed-address label; 3 packed bytes	medium		
1895	TT6B	TT6B/fixed/r30	fixed-address	$A7F8	4	ひつじ	ひつじ	hitsuji	ひつじ	Sheep	Sheep			yes	hiragana:3; katakana:0; kanji:0; Latin:0; digits:0; phonetic hiragana orthography		Source suppresses normal kanji/katakana distinctions; restore only with context	fixed-address label; 4 packed bytes	medium		
1896	TT6B	TT6B/fixed/r31	fixed-address	$A7FC	3	うし	うし	ushi	うし	Cow	Cow			yes	hiragana:2; katakana:0; kanji:0; Latin:0; digits:0; phonetic hiragana orthography		Source suppresses normal kanji/katakana distinctions; restore only with context	fixed-address label; 3 packed bytes	medium		
1897	TT6B	TT6B/fixed/r32	fixed-address	$A7FF	4	うんち	うんち	unchi	うんち	Dung	Dung			yes	hiragana:3; katakana:0; kanji:0; Latin:0; digits:0; phonetic hiragana orthography		Source suppresses normal kanji/katakana distinctions; restore only with context	fixed-address label; 4 packed bytes	medium		
1898	TT6B	TT6B/fixed/r33	fixed-address	$A803	4	ちえのみ	ちえのみ	chienomi	ちえのみ	Wisdom	Wisdom			yes	hiragana:4; katakana:0; kanji:0; Latin:0; digits:0; phonetic hiragana orthography		Source suppresses normal kanji/katakana distinctions; restore only with context	fixed-address label; 4 packed bytes	medium		
1899	TT6B	TT6B/fixed/r34	fixed-address	$A807	5	ちしきのみ	ちしきのみ	chishikinomi	ちしきのみ	Knowledge	Knowledge			yes	hiragana:5; katakana:0; kanji:0; Latin:0; digits:0; phonetic hiragana orthography		Source suppresses normal kanji/katakana distinctions; restore only with context	fixed-address label; 5 packed bytes	medium		
1900	TT6B	TT6B/fixed/r35	fixed-address	$A80C	4	いしす	いしす	ishisu	いしす	Isis	Isis			yes	hiragana:3; katakana:0; kanji:0; Latin:0; digits:0; phonetic hiragana orthography		Source suppresses normal kanji/katakana distinctions; restore only with context	fixed-address label; 4 packed bytes	medium		
1901	TT6B	TT6B/fixed/r36	fixed-address	$A810	4	ばーる	ばーる	baaru	ばーる	Baal	Baal			yes	hiragana:2; katakana:1; kanji:0; Latin:0; digits:0		Source suppresses normal kanji/katakana distinctions; restore only with context	fixed-address label; 4 packed bytes	medium		
1902	TT6B	TT6B/fixed/r37	fixed-address	$A814	4	えほば	えほば	ehoba	えほば	Jehovah	Jehovah			yes	hiragana:3; katakana:0; kanji:0; Latin:0; digits:0; phonetic hiragana orthography		Source suppresses normal kanji/katakana distinctions; restore only with context	fixed-address label; 4 packed bytes	medium		
1903	TT6B	TT6B/fixed/r38	fixed-address	$A818	4	いらく	いらく	iraku	いらく	Iraq	Iraq			yes	hiragana:3; katakana:0; kanji:0; Latin:0; digits:0; phonetic hiragana orthography		Source suppresses normal kanji/katakana distinctions; restore only with context	fixed-address label; 4 packed bytes	medium		
1904	TT6B	TT6B/fixed/r39	fixed-address	$A81C	5	よるだん	よるだん	yorudan	よるだん	Jordan	Jordan			yes	hiragana:4; katakana:0; kanji:0; Latin:0; digits:0; phonetic hiragana orthography		Source suppresses normal kanji/katakana distinctions; restore only with context	fixed-address label; 5 packed bytes	medium		
1905	TT6B	TT6B/fixed/r40	fixed-address	$A821	4	しりあ	しりあ	shiria	しりあ	Syria	Syria			yes	hiragana:3; katakana:0; kanji:0; Latin:0; digits:0; phonetic hiragana orthography		Source suppresses normal kanji/katakana distinctions; restore only with context	fixed-address label; 4 packed bytes	medium		
1906	TT6B	TT6B/fixed/r41	fixed-address	$A825	5	えじぷと	えじぷと	ejiputo	えじぷと	Egypt	Egypt			yes	hiragana:4; katakana:0; kanji:0; Latin:0; digits:0; phonetic hiragana orthography		Source suppresses normal kanji/katakana distinctions; restore only with context	fixed-address label; 5 packed bytes	medium		
1907	TT6B	TT6B/fixed/r42	fixed-address	$A82A	5	だびで	だびで	dabide	だびで	David	David			yes	hiragana:3; katakana:0; kanji:0; Latin:0; digits:0; phonetic hiragana orthography		Source suppresses normal kanji/katakana distinctions; restore only with context	fixed-address label; 5 packed bytes	medium		
1908	TT6B	TT6B/fixed/r43	fixed-address	$A82F	4	そろもん	そろもん	soromon	そろもん	Solomon	Solomon			yes	hiragana:4; katakana:0; kanji:0; Latin:0; digits:0; phonetic hiragana orthography		Source suppresses normal kanji/katakana distinctions; restore only with context	fixed-address label; 4 packed bytes	medium		
1909	TT6B	TT6B/fixed/r44	fixed-address	$A833	4	さむそん	さむそん	samuson	さむそん	Samson	Samson			yes	hiragana:4; katakana:0; kanji:0; Latin:0; digits:0; phonetic hiragana orthography		Source suppresses normal kanji/katakana distinctions; restore only with context	fixed-address label; 4 packed bytes	medium		
1910	TT6B	TT6B/fixed/r45	fixed-address	$A837	4	やこぶ	やこぶ	yakobu	やこぶ	Jacob	Jacob			yes	hiragana:3; katakana:0; kanji:0; Latin:0; digits:0; phonetic hiragana orthography		Source suppresses normal kanji/katakana distinctions; restore only with context	fixed-address label; 4 packed bytes	medium		
1911	TT6B	TT6B/fixed/r46	fixed-address	$A83B	4	いさく	いさく	isaku	いさく	Isaac	Isaac			yes	hiragana:3; katakana:0; kanji:0; Latin:0; digits:0; phonetic hiragana orthography		Source suppresses normal kanji/katakana distinctions; restore only with context	fixed-address label; 4 packed bytes	medium		
1912	TT6B	TT6B/fixed/r47	fixed-address	$A83F	4	さだむ	さだむ	sadamu	さだむ	Saddam	Saddam			yes	hiragana:3; katakana:0; kanji:0; Latin:0; digits:0; phonetic hiragana orthography		Source suppresses normal kanji/katakana distinctions; restore only with context	fixed-address label; 4 packed bytes	medium		
1913	TT6B	TT6B/fixed/r48	fixed-address	$A843	5	あぶらはむ	あぶらはむ	aburahamu	あぶらはむ	Abraham	Abraham			yes	hiragana:5; katakana:0; kanji:0; Latin:0; digits:0; phonetic hiragana orthography		Source suppresses normal kanji/katakana distinctions; restore only with context	fixed-address label; 5 packed bytes	medium		
1914	TT6B	TT6B/fixed/r49	fixed-address	$A848	4	さたん	さたん	satan	さたん	Satan	Satan			yes	hiragana:3; katakana:0; kanji:0; Latin:0; digits:0; phonetic hiragana orthography		Source suppresses normal kanji/katakana distinctions; restore only with context	fixed-address label; 4 packed bytes	medium		
1915	TT6B	TT6B/fixed/r50	fixed-address	$A84C	4	きりすと	きりすと	kirisuto	きりすと	Christ	Christ			yes	hiragana:4; katakana:0; kanji:0; Latin:0; digits:0; phonetic hiragana orthography		きりすと → キリスト (Christ)	fixed-address label; 4 packed bytes	medium		
1916	TT6B	TT6B/fixed/r51	fixed-address	$A850	7	ぞろあすたー	ぞろあすたー	zoroasutaa	ぞろあすたー	Zoroaster	Zoroaster			yes	hiragana:5; katakana:1; kanji:0; Latin:0; digits:0		Source suppresses normal kanji/katakana distinctions; restore only with context	fixed-address label; 7 packed bytes	medium		
1917	TT6B	TT6B/fixed/r52	fixed-address	$A857	4	おいる	おいる	oiru	おいる	Oil	Oil			yes	hiragana:3; katakana:0; kanji:0; Latin:0; digits:0; phonetic hiragana orthography		Source suppresses normal kanji/katakana distinctions; restore only with context	fixed-address label; 4 packed bytes	medium		
1918	TT6B	TT6B/fixed/r53	fixed-address	$A85B	4	ほしくさ	ほしくさ	hoshikusa	ほしくさ	Hay	Hay			yes	hiragana:4; katakana:0; kanji:0; Latin:0; digits:0; phonetic hiragana orthography		Source suppresses normal kanji/katakana distinctions; restore only with context	fixed-address label; 4 packed bytes	medium		
1919	TT6B	TT6B/fixed/r54	fixed-address	$A85F	7	しっぽをふる	しっぽをふる	shippoofuru	しっぽをふる	Wag	Wag			yes	hiragana:6; katakana:0; kanji:0; Latin:0; digits:0; phonetic hiragana orthography		Source suppresses normal kanji/katakana distinctions; restore only with context	fixed-address label; 7 packed bytes	medium		
1920	TT6B	TT6B/fixed/r55	fixed-address	$A866	5	のみをとる	のみをとる	nomiotoru	のみをとる	Fleas	Fleas			yes	hiragana:5; katakana:0; kanji:0; Latin:0; digits:0; phonetic hiragana orthography		Source suppresses normal kanji/katakana distinctions; restore only with context	fixed-address label; 5 packed bytes	medium		
1921	TT6B	TT6B/fixed/r56	fixed-address	$A86B	5	かたをだく	かたをだく	kataodaku	かたをだく	Hug	Hug			yes	hiragana:5; katakana:0; kanji:0; Latin:0; digits:0; phonetic hiragana orthography		Source suppresses normal kanji/katakana distinctions; restore only with context	fixed-address label; 5 packed bytes	medium		
1922	TT6B	TT6B/fixed/r57	fixed-address	$A870	6	わらいかける	わらいかける	waraikakeru	わらいかける	Smile	Smile			yes	hiragana:6; katakana:0; kanji:0; Latin:0; digits:0; phonetic hiragana orthography		Source suppresses normal kanji/katakana distinctions; restore only with context	fixed-address label; 6 packed bytes	medium		
1923	TT6B	TT6B/fixed/r58	fixed-address	$A876	4	ほめる	ほめる	homeru	ほめる	Praise	Praise			yes	hiragana:3; katakana:0; kanji:0; Latin:0; digits:0; phonetic hiragana orthography		Source suppresses normal kanji/katakana distinctions; restore only with context	fixed-address label; 4 packed bytes	medium		
1924	TT6B	TT6B/fixed/r59	fixed-address	$A87A	4	ひづめ	ひづめ	hizume	ひづめ	Hoof	Hoof			yes	hiragana:3; katakana:0; kanji:0; Latin:0; digits:0; phonetic hiragana orthography		Source suppresses normal kanji/katakana distinctions; restore only with context	fixed-address label; 4 packed bytes	medium		
1925	TT6B	TT6B/fixed/r60	fixed-address	$A87E	4	しっぽ	しっぽ	shippo	しっぽ	Tail	Tail			yes	hiragana:3; katakana:0; kanji:0; Latin:0; digits:0; phonetic hiragana orthography		Source suppresses normal kanji/katakana distinctions; restore only with context	fixed-address label; 4 packed bytes	medium		
1926	TT6B	TT6B/fixed/r61	fixed-address	$A882	5	たてがみ	たてがみ	tategami	たてがみ	Mane	Mane			yes	hiragana:4; katakana:0; kanji:0; Latin:0; digits:0; phonetic hiragana orthography		Source suppresses normal kanji/katakana distinctions; restore only with context	fixed-address label; 5 packed bytes	medium		
1927	TT6C	TT6C/fixed/r0	fixed-address	$AAB8	3	みる	みる	miru	みる	Look	Look			yes	hiragana:2; katakana:0; kanji:0; Latin:0; digits:0; phonetic hiragana orthography		みる → 見る/診る	fixed-address label; 3 packed bytes	medium		
1928	TT6C	TT6C/fixed/r1	fixed-address	$AABB	2	あくま	あくま	akuma	あくま	Devil	Devil			yes	hiragana:3; katakana:0; kanji:0; Latin:0; digits:0; phonetic hiragana orthography		あくま → 悪魔	fixed-address label; 2 packed bytes	medium		
1929	TT6C	TT6C/fixed/r2	fixed-address	$AABD	5	とびかかる	とびかかる	tobikakaru	とびかかる	Leap	Leap			yes	hiragana:5; katakana:0; kanji:0; Latin:0; digits:0; phonetic hiragana orthography		Source suppresses normal kanji/katakana distinctions; restore only with context	fixed-address label; 5 packed bytes	medium		
1930	TT6C	TT6C/fixed/r3	fixed-address	$AAC2	3	とる	とる	toru	とる	Take	Take			yes	hiragana:2; katakana:0; kanji:0; Latin:0; digits:0; phonetic hiragana orthography		とる → 取る/撮る/採る	fixed-address label; 3 packed bytes	medium		
1931	TT6C	TT6C/fixed/r4	fixed-address	$AAC5	3	つぼ	つぼ	tsubo	つぼ	Jar	Jar			yes	hiragana:2; katakana:0; kanji:0; Latin:0; digits:0; phonetic hiragana orthography		Source suppresses normal kanji/katakana distinctions; restore only with context	fixed-address label; 3 packed bytes	medium		
1932	TT6C	TT6C/fixed/r5	fixed-address	$AAC8	4	はなす	はなす	hanasu	はなす	Talk	Talk			yes	hiragana:3; katakana:0; kanji:0; Latin:0; digits:0; phonetic hiragana orthography		Source suppresses normal kanji/katakana distinctions; restore only with context	fixed-address label; 4 packed bytes	medium		
1933	TT6C	TT6C/fixed/r6	fixed-address	$AACC	3	きく	きく	kiku	きく	Ask	Ask			yes	hiragana:2; katakana:0; kanji:0; Latin:0; digits:0; phonetic hiragana orthography		きく → 聞く/聴く/訊く	fixed-address label; 3 packed bytes	medium		
1934	TT6C	TT6C/fixed/r7	fixed-address	$AACF	4	たべる	たべる	taberu	たべる	Eat	Eat			yes	hiragana:3; katakana:0; kanji:0; Latin:0; digits:0; phonetic hiragana orthography		Source suppresses normal kanji/katakana distinctions; restore only with context	fixed-address label; 4 packed bytes	medium		
1935	TT6C	TT6C/fixed/r8	fixed-address	$AAD3	4	つかう	つかう	tsukau	つかう	Use	Use			yes	hiragana:3; katakana:0; kanji:0; Latin:0; digits:0; phonetic hiragana orthography		Source suppresses normal kanji/katakana distinctions; restore only with context	fixed-address label; 4 packed bytes	medium		
1936	TT6C	TT6C/fixed/r9	fixed-address	$AAD7	5	へやのなか	へやのなか	heyanonaka	へやのなか	Room	Room			yes	hiragana:5; katakana:0; kanji:0; Latin:0; digits:0; phonetic hiragana orthography		Source suppresses normal kanji/katakana distinctions; restore only with context	fixed-address label; 5 packed bytes	medium		
1937	TT6C	TT6C/fixed/r10	fixed-address	$AADC	4	よせふ	よせふ	yosefu	よせふ	Joseph	Joseph			yes	hiragana:3; katakana:0; kanji:0; Latin:0; digits:0; phonetic hiragana orthography		Source suppresses normal kanji/katakana distinctions; restore only with context	fixed-address label; 4 packed bytes	medium		
1938	TT6C	TT6C/fixed/r11	fixed-address	$AAE0	4	まりあ	まりあ	maria	まりあ	Mary	Mary			yes	hiragana:3; katakana:0; kanji:0; Latin:0; digits:0; phonetic hiragana orthography		Source suppresses normal kanji/katakana distinctions; restore only with context	fixed-address label; 4 packed bytes	medium		
1939	TT6C	TT6C/fixed/r12	fixed-address	$AAE4	2	あかんぼう	あかんぼう	akanbou	あかんぼう	Baby	Baby			yes	hiragana:5; katakana:0; kanji:0; Latin:0; digits:0; phonetic hiragana orthography		Source suppresses normal kanji/katakana distinctions; restore only with context	fixed-address label; 2 packed bytes	medium		
1940	TT6C	TT6C/fixed/r13	fixed-address	$AAE6	5	おとこたち	おとこたち	otokotachi	おとこたち	Men	Men			yes	hiragana:5; katakana:0; kanji:0; Latin:0; digits:0; phonetic hiragana orthography		おとこ → 男	fixed-address label; 5 packed bytes	medium		
1941	TT6C	TT6C/fixed/r14	fixed-address	$AAEB	6	おれのからだ	おれのからだ	orenokarada	おれのからだ	My body	My body			yes	hiragana:6; katakana:0; kanji:0; Latin:0; digits:0; phonetic hiragana orthography	おれ: plain-to-rough masculine first person	からだ → 体	fixed-address label; 6 packed bytes	medium		
1942	TT6C	TT6C/fixed/r15	fixed-address	$AAF1	4	かしむ	かしむ	kashimu	かしむ	Kashim	Kashim			yes	hiragana:3; katakana:0; kanji:0; Latin:0; digits:0; phonetic hiragana orthography		Source suppresses normal kanji/katakana distinctions; restore only with context	fixed-address label; 4 packed bytes	medium		
1943	TT6C	TT6C/fixed/r16	fixed-address	$AAF5	4	からだ	からだ	karada	からだ	Body	Body			yes	hiragana:3; katakana:0; kanji:0; Latin:0; digits:0; phonetic hiragana orthography		からだ → 体	fixed-address label; 4 packed bytes	medium		
1944	TT6C	TT6C/fixed/r17	fixed-address	$AAF9	6	たいむべると	たいむべると	taimuberuto	たいむべると	Time Belt	Time Belt			yes	hiragana:6; katakana:0; kanji:0; Latin:0; digits:0; phonetic hiragana orthography		たいむ → タイム | べると → ベルト	fixed-address label; 6 packed bytes	medium		
1945	TT6C	TT6C/fixed/r18	fixed-address	$AAFF	4	どかす	どかす	dokasu	どかす	Move	Move			yes	hiragana:3; katakana:0; kanji:0; Latin:0; digits:0; phonetic hiragana orthography		Source suppresses normal kanji/katakana distinctions; restore only with context	fixed-address label; 4 packed bytes	medium		
1946	TT6C	TT6C/fixed/r19	fixed-address	$AB03	4	あける	あける	akeru	あける	Open	Open			yes	hiragana:3; katakana:0; kanji:0; Latin:0; digits:0; phonetic hiragana orthography		Source suppresses normal kanji/katakana distinctions; restore only with context	fixed-address label; 4 packed bytes	medium		
1947	TT6C	TT6C/fixed/r20	fixed-address	$AB07	4	いどう	いどう	idou	いどう	Move	Move			yes	hiragana:3; katakana:0; kanji:0; Latin:0; digits:0; phonetic hiragana orthography		Source suppresses normal kanji/katakana distinctions; restore only with context	fixed-address label; 4 packed bytes	medium		
1948	TT6C	TT6C/fixed/r21	fixed-address	$AB0B	4	まわり	まわり	mawari	まわり	Area	Area			yes	hiragana:3; katakana:0; kanji:0; Latin:0; digits:0; phonetic hiragana orthography		Source suppresses normal kanji/katakana distinctions; restore only with context	fixed-address label; 4 packed bytes	medium		
1949	TT6C	TT6C/fixed/r22	fixed-address	$AB0F	4	じめん	じめん	jimen	じめん	Ground	Ground			yes	hiragana:3; katakana:0; kanji:0; Latin:0; digits:0; phonetic hiragana orthography		Source suppresses normal kanji/katakana distinctions; restore only with context	fixed-address label; 4 packed bytes	medium		
1950	TT6C	TT6C/fixed/r23	fixed-address	$AB13	3	あな	あな	ana	あな	Hole	Hole			yes	hiragana:2; katakana:0; kanji:0; Latin:0; digits:0; phonetic hiragana orthography		Source suppresses normal kanji/katakana distinctions; restore only with context	fixed-address label; 3 packed bytes	medium		
1951	TT6C	TT6C/fixed/r24	fixed-address	$AB16	4	ぱねる	ぱねる	paneru	ぱねる	Panel	Panel			yes	hiragana:3; katakana:0; kanji:0; Latin:0; digits:0; phonetic hiragana orthography		Source suppresses normal kanji/katakana distinctions; restore only with context	fixed-address label; 4 packed bytes	medium		
1952	TT6C	TT6C/fixed/r25	fixed-address	$AB1A	3	はい	はい	hai	はい	Yes	Yes			yes	hiragana:2; katakana:0; kanji:0; Latin:0; digits:0; phonetic hiragana orthography		Source suppresses normal kanji/katakana distinctions; restore only with context	fixed-address label; 3 packed bytes	medium		
1953	TT6C	TT6C/fixed/r26	fixed-address	$AB1D	3	ふた	ふた	futa	ふた	Lid	Lid			yes	hiragana:2; katakana:0; kanji:0; Latin:0; digits:0; phonetic hiragana orthography		Source suppresses normal kanji/katakana distinctions; restore only with context	fixed-address label; 3 packed bytes	medium		
1954	TT6C	TT6C/fixed/r27	fixed-address	$AB20	3	きた	きた	kita	きた	North	North			yes	hiragana:2; katakana:0; kanji:0; Latin:0; digits:0; phonetic hiragana orthography		Source suppresses normal kanji/katakana distinctions; restore only with context	fixed-address label; 3 packed bytes	medium		
1955	TT6C	TT6C/fixed/r28	fixed-address	$AB23	4	ひがし	ひがし	higashi	ひがし	East	East			yes	hiragana:3; katakana:0; kanji:0; Latin:0; digits:0; phonetic hiragana orthography		Source suppresses normal kanji/katakana distinctions; restore only with context	fixed-address label; 4 packed bytes	medium		
1956	TT6C	TT6C/fixed/r29	fixed-address	$AB27	3	にし	にし	nishi	にし	West	West			yes	hiragana:2; katakana:0; kanji:0; Latin:0; digits:0; phonetic hiragana orthography		Source suppresses normal kanji/katakana distinctions; restore only with context	fixed-address label; 3 packed bytes	medium		
1957	TT6C	TT6C/fixed/r30	fixed-address	$AB2A	4	みなみ	みなみ	minami	みなみ	South	South			yes	hiragana:3; katakana:0; kanji:0; Latin:0; digits:0; phonetic hiragana orthography		Source suppresses normal kanji/katakana distinctions; restore only with context	fixed-address label; 4 packed bytes	medium		
1958	TT6C	TT6C/fixed/r31	fixed-address	$AB2E	3	よむ	よむ	yomu	よむ	Read	Read			yes	hiragana:2; katakana:0; kanji:0; Latin:0; digits:0; phonetic hiragana orthography		Source suppresses normal kanji/katakana distinctions; restore only with context	fixed-address label; 3 packed bytes	medium		
1959	TT6C	TT6C/fixed/r32	fixed-address	$AB31	5	じんこつ	じんこつ	jinkotsu	じんこつ	Bones	Bones			yes	hiragana:4; katakana:0; kanji:0; Latin:0; digits:0; phonetic hiragana orthography		Source suppresses normal kanji/katakana distinctions; restore only with context	fixed-address label; 5 packed bytes	medium		
1960	TT6C	TT6C/fixed/r33	fixed-address	$AB36	2	え	え	e	え	Picture	Picture			yes	hiragana:1; katakana:0; kanji:0; Latin:0; digits:0; phonetic hiragana orthography		Source suppresses normal kanji/katakana distinctions; restore only with context	fixed-address label; 2 packed bytes	medium		
1961	TT6C	TT6C/fixed/r34	fixed-address	$AB38	3	もじ	もじ	moji	もじ	Text	Text			yes	hiragana:2; katakana:0; kanji:0; Latin:0; digits:0; phonetic hiragana orthography		Source suppresses normal kanji/katakana distinctions; restore only with context	fixed-address label; 3 packed bytes	medium		
1962	TT6C	TT6C/fixed/r35	fixed-address	$AB3B	3	そと	そと	soto	そと	Outside	Outside			yes	hiragana:2; katakana:0; kanji:0; Latin:0; digits:0; phonetic hiragana orthography		Source suppresses normal kanji/katakana distinctions; restore only with context	fixed-address label; 3 packed bytes	medium		
1963	TT6C	TT6C/fixed/r36	fixed-address	$AB3E	3	4こ	4こ	4ko	4こ	Four	Four			yes	hiragana:1; katakana:0; kanji:0; Latin:0; digits:1; phonetic hiragana orthography		Source suppresses normal kanji/katakana distinctions; restore only with context	source numerals ['4']; verify dates/counts and Japanese ordering | fixed-address label; 3 packed bytes	medium		
1964	TT6C	TT6C/fixed/r37	fixed-address	$AB41	3	5こ	5こ	5ko	5こ	Five	Five			yes	hiragana:1; katakana:0; kanji:0; Latin:0; digits:1; phonetic hiragana orthography		Source suppresses normal kanji/katakana distinctions; restore only with context	source numerals ['5']; verify dates/counts and Japanese ordering | fixed-address label; 3 packed bytes	medium		
1965	TT6C	TT6C/fixed/r38	fixed-address	$AB44	3	6こ	6こ	6ko	6こ	Six	Six			yes	hiragana:1; katakana:0; kanji:0; Latin:0; digits:1; phonetic hiragana orthography		Source suppresses normal kanji/katakana distinctions; restore only with context	source numerals ['6']; verify dates/counts and Japanese ordering | fixed-address label; 3 packed bytes	medium		
1966	TT6C	TT6C/fixed/r39	fixed-address	$AB47	3	7こ	7こ	7ko	7こ	Seven	Seven			yes	hiragana:1; katakana:0; kanji:0; Latin:0; digits:1; phonetic hiragana orthography		Source suppresses normal kanji/katakana distinctions; restore only with context	source numerals ['7']; verify dates/counts and Japanese ordering | fixed-address label; 3 packed bytes	medium		
1967	TT6C	TT6C/fixed/r40	fixed-address	$AB4A	5	くーがー	くーがー	kuugaa	くーがー	Cougar	Cougar			yes	hiragana:2; katakana:2; kanji:0; Latin:0; digits:0		Source suppresses normal kanji/katakana distinctions; restore only with context	fixed-address label; 5 packed bytes	medium		
1968	TT6C	TT6C/fixed/r41	fixed-address	$AB4F	5	るーがー	るーがー	ruugaa	るーがー	Ruger	Ruger			yes	hiragana:2; katakana:2; kanji:0; Latin:0; digits:0		Source suppresses normal kanji/katakana distinctions; restore only with context	fixed-address label; 5 packed bytes	medium		
1969	TT6C	TT6C/fixed/r42	fixed-address	$AB54	5	はうあー	はうあー	hauaa	はうあー	Hauer	Hauer			yes	hiragana:3; katakana:1; kanji:0; Latin:0; digits:0		Source suppresses normal kanji/katakana distinctions; restore only with context	fixed-address label; 5 packed bytes	medium		
1970	TT6C	TT6C/fixed/r43	fixed-address	$AB59	5	べるがー	べるがー	berugaa	べるがー	Berger	Berger			yes	hiragana:3; katakana:1; kanji:0; Latin:0; digits:0		Source suppresses normal kanji/katakana distinctions; restore only with context	fixed-address label; 5 packed bytes	medium		
1971	TT6C	TT6C/fixed/r44	fixed-address	$AB5E	5	がらすや	がらすや	garasuya	がらすや	Glazier	Glazier			yes	hiragana:4; katakana:0; kanji:0; Latin:0; digits:0; phonetic hiragana orthography		Source suppresses normal kanji/katakana distinctions; restore only with context	fixed-address label; 5 packed bytes	medium		
1972	TT6C	TT6C/fixed/r45	fixed-address	$AB63	4	かじや	かじや	kajiya	かじや	Blacksmith	Blacksmith			yes	hiragana:3; katakana:0; kanji:0; Latin:0; digits:0; phonetic hiragana orthography		Source suppresses normal kanji/katakana distinctions; restore only with context	fixed-address label; 4 packed bytes	medium		
1973	TT6C	TT6C/fixed/r46	fixed-address	$AB67	4	さかや	さかや	sakaya	さかや	Tavern	Tavern			yes	hiragana:3; katakana:0; kanji:0; Latin:0; digits:0; phonetic hiragana orthography		Source suppresses normal kanji/katakana distinctions; restore only with context	fixed-address label; 4 packed bytes	medium		
1974	TT6C	TT6C/fixed/r47	fixed-address	$AB6B	4	したてや	したてや	shitateya	したてや	Tailor	Tailor			yes	hiragana:4; katakana:0; kanji:0; Latin:0; digits:0; phonetic hiragana orthography		Source suppresses normal kanji/katakana distinctions; restore only with context	fixed-address label; 4 packed bytes	medium		
1975	TT6C	TT6C/fixed/r48	fixed-address	$AB6F	5	かとりーぬ	かとりーぬ	katoriinu	かとりーぬ	Catherine	Catherine			yes	hiragana:4; katakana:1; kanji:0; Latin:0; digits:0	ぬ: literary/archaic negative	Source suppresses normal kanji/katakana distinctions; restore only with context	fixed-address label; 5 packed bytes	high		
1976	TT6C	TT6C/fixed/r49	fixed-address	$AB74	5	みれーぬ	みれーぬ	mireenu	みれーぬ	Mylene	Mylene			yes	hiragana:3; katakana:1; kanji:0; Latin:0; digits:0	ぬ: literary/archaic negative	Source suppresses normal kanji/katakana distinctions; restore only with context	fixed-address label; 5 packed bytes	high		
1977	TT6C	TT6C/fixed/r50	fixed-address	$AB79	4	ろーら	ろーら	roora	ろーら	Laura	Laura			yes	hiragana:2; katakana:1; kanji:0; Latin:0; digits:0		Source suppresses normal kanji/katakana distinctions; restore only with context	fixed-address label; 4 packed bytes	medium		
1978	TT6C	TT6C/fixed/r51	fixed-address	$AB7D	5	いざべる	いざべる	izaberu	いざべる	Isabel	Isabel			yes	hiragana:4; katakana:0; kanji:0; Latin:0; digits:0; phonetic hiragana orthography		Source suppresses normal kanji/katakana distinctions; restore only with context	fixed-address label; 5 packed bytes	medium		
1979	TT6C	TT6C/fixed/r52	fixed-address	$AB82	5	もろっこ	もろっこ	morokko	もろっこ	Morocco	Morocco			yes	hiragana:4; katakana:0; kanji:0; Latin:0; digits:0; phonetic hiragana orthography		Source suppresses normal kanji/katakana distinctions; restore only with context	fixed-address label; 5 packed bytes	medium		
1980	TT6C	TT6C/fixed/r53	fixed-address	$AB87	5	れべっか	れべっか	rebekka	れべっか	Rebecca	Rebecca			yes	hiragana:4; katakana:0; kanji:0; Latin:0; digits:0; phonetic hiragana orthography		Source suppresses normal kanji/katakana distinctions; restore only with context	fixed-address label; 5 packed bytes	medium		
1981	TT6C	TT6C/fixed/r54	fixed-address	$AB8C	5	ぶれっど	ぶれっど	bureddo	ぶれっど	Bread	Bread			yes	hiragana:4; katakana:0; kanji:0; Latin:0; digits:0; phonetic hiragana orthography		Source suppresses normal kanji/katakana distinctions; restore only with context	fixed-address label; 5 packed bytes	medium		
1982	TT6C	TT6C/fixed/r55	fixed-address	$AB91	5	とらっど	とらっど	toraddo	とらっど	Trad	Trad			yes	hiragana:4; katakana:0; kanji:0; Latin:0; digits:0; phonetic hiragana orthography		Source suppresses normal kanji/katakana distinctions; restore only with context	fixed-address label; 5 packed bytes	medium		
1983	TT6C	TT6C/fixed/r56	fixed-address	$AB96	6	おーすとりあ	おーすとりあ	oosutoria	おーすとりあ	Austria	Austria			yes	hiragana:5; katakana:1; kanji:0; Latin:0; digits:0		Source suppresses normal kanji/katakana distinctions; restore only with context	fixed-address label; 6 packed bytes	medium		
1984	TT6C	TT6C/fixed/r57	fixed-address	$AB9C	4	ふらんす	ふらんす	furansu	ふらんす	France	France			yes	hiragana:4; katakana:0; kanji:0; Latin:0; digits:0; phonetic hiragana orthography		Source suppresses normal kanji/katakana distinctions; restore only with context	fixed-address label; 4 packed bytes	medium		
1985	TT6C	TT6C/fixed/r58	fixed-address	$ABA0	4	すいす	すいす	suisu	すいす	Switzerland	Switzerland			yes	hiragana:3; katakana:0; kanji:0; Latin:0; digits:0; phonetic hiragana orthography		Source suppresses normal kanji/katakana distinctions; restore only with context	fixed-address label; 4 packed bytes	medium		
1986	TT6C	TT6C/fixed/r59	fixed-address	$ABA4	5	べるぎー	べるぎー	berugii	べるぎー	Belgium	Belgium			yes	hiragana:3; katakana:1; kanji:0; Latin:0; digits:0		Source suppresses normal kanji/katakana distinctions; restore only with context	fixed-address label; 5 packed bytes	medium		
1987	TT6C	TT6C/fixed/r60	fixed-address	$ABA9	5	おおばこ	おおばこ	oobako	おおばこ	Plantain	Plantain			yes	hiragana:4; katakana:0; kanji:0; Latin:0; digits:0; phonetic hiragana orthography		Source suppresses normal kanji/katakana distinctions; restore only with context	fixed-address label; 5 packed bytes	medium		
1988	TT6C	TT6C/fixed/r61	fixed-address	$ABAE	7	あまちゃづる	あまちゃづる	amachazuru	あまちゃづる	Jiaogulan	Jiaogulan			yes	hiragana:6; katakana:0; kanji:0; Latin:0; digits:0; phonetic hiragana orthography		Source suppresses normal kanji/katakana distinctions; restore only with context	fixed-address label; 7 packed bytes	medium		
1989	TT6C	TT6C/fixed/r62	fixed-address	$ABB5	5	どくだみ	どくだみ	dokudami	どくだみ	Fish mint	Fish mint			yes	hiragana:4; katakana:0; kanji:0; Latin:0; digits:0; phonetic hiragana orthography		Source suppresses normal kanji/katakana distinctions; restore only with context	fixed-address label; 5 packed bytes	medium		
1990	TT6C	TT6C/fixed/r63	fixed-address	$ABBA	5	せんぶり	せんぶり	senburi	せんぶり	Swertia	Swertia			yes	hiragana:4; katakana:0; kanji:0; Latin:0; digits:0; phonetic hiragana orthography		Source suppresses normal kanji/katakana distinctions; restore only with context	fixed-address label; 5 packed bytes	medium		
1991	TT6C	TT6C/fixed/r64	fixed-address	$ABBF	5	だいたろす	だいたろす	daitarosu	だいたろす	Daedalus	Daedalus			yes	hiragana:5; katakana:0; kanji:0; Latin:0; digits:0; phonetic hiragana orthography		Source suppresses normal kanji/katakana distinctions; restore only with context	fixed-address label; 5 packed bytes	medium		
1992	TT6C	TT6C/fixed/r65	fixed-address	$ABC4	6	けんたうろす	けんたうろす	kentaurosu	けんたうろす	Centaur	Centaur			yes	hiragana:6; katakana:0; kanji:0; Latin:0; digits:0; phonetic hiragana orthography		Source suppresses normal kanji/katakana distinctions; restore only with context	fixed-address label; 6 packed bytes	medium		
1993	TT6C	TT6C/fixed/r66	fixed-address	$ABCA	4	あとらす	あとらす	atorasu	あとらす	Atlas	Atlas			yes	hiragana:4; katakana:0; kanji:0; Latin:0; digits:0; phonetic hiragana orthography		Source suppresses normal kanji/katakana distinctions; restore only with context	fixed-address label; 4 packed bytes	medium		
1994	TT6C	TT6C/fixed/r67	fixed-address	$ABCE	5	けるべろす	けるべろす	keruberosu	けるべろす	Cerberus	Cerberus			yes	hiragana:5; katakana:0; kanji:0; Latin:0; digits:0; phonetic hiragana orthography		Source suppresses normal kanji/katakana distinctions; restore only with context	fixed-address label; 5 packed bytes	medium		
1995	TT6C	TT6C/fixed/r68	fixed-address	$ABD3	5	ふれっど	ふれっど	fureddo	ふれっど	Fred	Fred			yes	hiragana:4; katakana:0; kanji:0; Latin:0; digits:0; phonetic hiragana orthography		Source suppresses normal kanji/katakana distinctions; restore only with context	fixed-address label; 5 packed bytes	medium		
1996	TT6C	TT6C/fixed/r69	fixed-address	$ABD8	4	ぼぶ	ぼぶ	bobu	ぼぶ	Bob	Bob			yes	hiragana:2; katakana:0; kanji:0; Latin:0; digits:0; phonetic hiragana orthography		Source suppresses normal kanji/katakana distinctions; restore only with context	fixed-address label; 4 packed bytes	medium		
1997	TT6C	TT6C/fixed/r70	fixed-address	$ABDC	3	とむ	とむ	tomu	とむ	Tom	Tom			yes	hiragana:2; katakana:0; kanji:0; Latin:0; digits:0; phonetic hiragana orthography		Source suppresses normal kanji/katakana distinctions; restore only with context	fixed-address label; 3 packed bytes	medium		
1998	TT6C	TT6C/fixed/r71	fixed-address	$ABDF	3	じむ	じむ	jimu	じむ	Jim	Jim			yes	hiragana:2; katakana:0; kanji:0; Latin:0; digits:0; phonetic hiragana orthography		Source suppresses normal kanji/katakana distinctions; restore only with context	fixed-address label; 3 packed bytes	medium		
1999	TT6C	TT6C/fixed/r72	fixed-address	$ABE2	4	かもしか	かもしか	kamoshika	かもしか	Serow	Serow			yes	hiragana:4; katakana:0; kanji:0; Latin:0; digits:0; phonetic hiragana orthography		Source suppresses normal kanji/katakana distinctions; restore only with context	fixed-address label; 4 packed bytes	medium		
2000	TT6C	TT6C/fixed/r73	fixed-address	$ABE6	5	こよーて	こよーて	koyoote	こよーて	Coyote	Coyote			yes	hiragana:3; katakana:1; kanji:0; Latin:0; digits:0		Source suppresses normal kanji/katakana distinctions; restore only with context	fixed-address label; 5 packed bytes	medium		
2001	TT6C	TT6C/fixed/r74	fixed-address	$ABEB	4	となかい	となかい	tonakai	となかい	Reindeer	Reindeer			yes	hiragana:4; katakana:0; kanji:0; Latin:0; digits:0; phonetic hiragana orthography		Source suppresses normal kanji/katakana distinctions; restore only with context	fixed-address label; 4 packed bytes	medium		
2002	TT6C	TT6C/fixed/r75	fixed-address	$ABEF	5	ぴゅーま	ぴゅーま	pyuuma	ぴゅーま	Puma	Puma			yes	hiragana:3; katakana:1; kanji:0; Latin:0; digits:0		Source suppresses normal kanji/katakana distinctions; restore only with context	fixed-address label; 5 packed bytes	medium		
2003	TT6C	TT6C/fixed/r76	fixed-address	$ABF4	6	きんのうでわ	きんのうでわ	kinnoudewa	きんのうでわ	Gold	Gold			yes	hiragana:6; katakana:0; kanji:0; Latin:0; digits:0; phonetic hiragana orthography		Source suppresses normal kanji/katakana distinctions; restore only with context	fixed-address label; 6 packed bytes	medium		
2004	TT6C	TT6C/fixed/r77	fixed-address	$ABFA	7	ぎんのうでわ	ぎんのうでわ	ginnoudewa	ぎんのうでわ	Silver	Silver			yes	hiragana:6; katakana:0; kanji:0; Latin:0; digits:0; phonetic hiragana orthography		Source suppresses normal kanji/katakana distinctions; restore only with context	fixed-address label; 7 packed bytes	medium		
2005	TT6C	TT6C/fixed/r78	fixed-address	$AC01	7	どうのうでわ	どうのうでわ	dounoudewa	どうのうでわ	Copper	Copper			yes	hiragana:6; katakana:0; kanji:0; Latin:0; digits:0; phonetic hiragana orthography		Source suppresses normal kanji/katakana distinctions; restore only with context	fixed-address label; 7 packed bytes	medium		
2006	TT6C	TT6C/fixed/r79	fixed-address	$AC08	7	すずのうでわ	すずのうでわ	suzunoudewa	すずのうでわ	Tin	Tin			yes	hiragana:6; katakana:0; kanji:0; Latin:0; digits:0; phonetic hiragana orthography		Source suppresses normal kanji/katakana distinctions; restore only with context	fixed-address label; 7 packed bytes	medium		
2007	TT6C	TT6C/fixed/r80	fixed-address	$AC0F	5	まぐだら	まぐだら	magudara	まぐだら	Magdala	Magdala			yes	hiragana:4; katakana:0; kanji:0; Latin:0; digits:0; phonetic hiragana orthography		Source suppresses normal kanji/katakana distinctions; restore only with context	fixed-address label; 5 packed bytes	medium		
2008	TT6C	TT6C/fixed/r81	fixed-address	$AC14	4	なざれ	なざれ	nazare	なざれ	Nazareth	Nazareth			yes	hiragana:3; katakana:0; kanji:0; Latin:0; digits:0; phonetic hiragana orthography		Source suppresses normal kanji/katakana distinctions; restore only with context	fixed-address label; 4 packed bytes	medium		
2009	TT6C	TT6C/fixed/r82	fixed-address	$AC18	5	べつれへむ	べつれへむ	betsurehemu	べつれへむ	Bethlehem	Bethlehem			yes	hiragana:5; katakana:0; kanji:0; Latin:0; digits:0; phonetic hiragana orthography		べつれへむ → ベツレヘム (Bethlehem)	fixed-address label; 5 packed bytes	medium		
2010	TT6C	TT6C/fixed/r83	fixed-address	$AC1D	5	えるされむ	えるされむ	erusaremu	えるされむ	Jerusalem	Jerusalem			yes	hiragana:5; katakana:0; kanji:0; Latin:0; digits:0; phonetic hiragana orthography		えるされむ → エルサレム (Jerusalem)	fixed-address label; 5 packed bytes	medium		
2011	TT6C	TT6C/fixed/r84	fixed-address	$AC22	5	しきょう	しきょう	shikyou	しきょう	Bishop	Bishop			yes	hiragana:4; katakana:0; kanji:0; Latin:0; digits:0; phonetic hiragana orthography		Source suppresses normal kanji/katakana distinctions; restore only with context	fixed-address label; 5 packed bytes	medium		
2012	TT6C	TT6C/fixed/r85	fixed-address	$AC27	5	まいやー	まいやー	maiyaa	まいやー	Meyer	Meyer			yes	hiragana:3; katakana:1; kanji:0; Latin:0; digits:0		Source suppresses normal kanji/katakana distinctions; restore only with context	fixed-address label; 5 packed bytes	medium		
2013	TT6C	TT6C/fixed/r86	fixed-address	$AC2C	5	ひとらー	ひとらー	hitoraa	ひとらー	Hitler	Hitler			yes	hiragana:3; katakana:1; kanji:0; Latin:0; digits:0		ひとらー → ヒトラー (Hitler)	fixed-address label; 5 packed bytes	medium		
2014	TT6C	TT6C/fixed/r87	fixed-address	$AC31	4	にくらす	にくらす	nikurasu	にくらす	Nicras	Nicras			yes	hiragana:4; katakana:0; kanji:0; Latin:0; digits:0; phonetic hiragana orthography		Source suppresses normal kanji/katakana distinctions; restore only with context	fixed-address label; 4 packed bytes	medium		
2015	TT6C	TT6C/fixed/r88	fixed-address	$AC35	5	じゃんぬ	じゃんぬ	jannu	じゃんぬ	Jeanne	Jeanne			yes	hiragana:4; katakana:0; kanji:0; Latin:0; digits:0; phonetic hiragana orthography	ぬ: literary/archaic negative	じゃんぬ → ジャンヌ (Jeanne)	fixed-address label; 5 packed bytes	medium		
2016	TT6C	TT6C/fixed/r89	fixed-address	$AC3A	6	あれくさんだ	あれくさんだ	arekusanda	あれくさんだ	Alexander	Alexander			yes	hiragana:6; katakana:0; kanji:0; Latin:0; digits:0; phonetic hiragana orthography		Source suppresses normal kanji/katakana distinctions; restore only with context	fixed-address label; 6 packed bytes	medium		
2017	TT6C	TT6C/fixed/r90	fixed-address	$AC40	5	りんかーん	りんかーん	rinkaan	りんかーん	Lincoln	Lincoln			yes	hiragana:4; katakana:1; kanji:0; Latin:0; digits:0		りんかーん → リンカーン (Lincoln)	fixed-address label; 5 packed bytes	medium		
2018	TT6C	TT6C/fixed/r91	fixed-address	$AC45	4	ひだり	ひだり	hidari	ひだり	Left	Left			yes	hiragana:3; katakana:0; kanji:0; Latin:0; digits:0; phonetic hiragana orthography		Source suppresses normal kanji/katakana distinctions; restore only with context	fixed-address label; 4 packed bytes	medium		
2019	TT6C	TT6C/fixed/r92	fixed-address	$AC49	3	うえ	うえ	ue	うえ	Up	Up			yes	hiragana:2; katakana:0; kanji:0; Latin:0; digits:0; phonetic hiragana orthography		Source suppresses normal kanji/katakana distinctions; restore only with context	fixed-address label; 3 packed bytes	medium		
2020	TT6C	TT6C/fixed/r93	fixed-address	$AC4C	3	みぎ	みぎ	migi	みぎ	Right	Right			yes	hiragana:2; katakana:0; kanji:0; Latin:0; digits:0; phonetic hiragana orthography		Source suppresses normal kanji/katakana distinctions; restore only with context	fixed-address label; 3 packed bytes	medium		
2021	TT1A	TT1A/blood/r0	fixed-address	$A45B	3	えー	えー	ee	えー	A	A			yes	hiragana:1; katakana:1; kanji:0; Latin:0; digits:0		Source suppresses normal kanji/katakana distinctions; restore only with context	fixed-address label; 3 packed bytes | compact uppercase label may be an abbreviation	high		
2022	TT1A	TT1A/blood/r1	fixed-address	$A45E	4	びー	びー	bii	びー	B	B			yes	hiragana:1; katakana:1; kanji:0; Latin:0; digits:0		Source suppresses normal kanji/katakana distinctions; restore only with context	fixed-address label; 4 packed bytes | compact uppercase label may be an abbreviation	high		
2023	TT1A	TT1A/blood/r2	fixed-address	$A462	3	おー	おー	oo	おー	O	O			yes	hiragana:1; katakana:1; kanji:0; Latin:0; digits:0		Source suppresses normal kanji/katakana distinctions; restore only with context	fixed-address label; 3 packed bytes | compact uppercase label may be an abbreviation	high		
2024	TT1A	TT1A/blood/r3	fixed-address	$A465	5	えーびー	えーびー	eebii	えーびー	AB	AB			yes	hiragana:2; katakana:2; kanji:0; Latin:0; digits:0		Source suppresses normal kanji/katakana distinctions; restore only with context	fixed-address label; 5 packed bytes | compact uppercase label may be an abbreviation	high		
2025	TT1A	TT1A/month/r0	fixed-address	$A46A	4	1がつ	1がつ	1gatsu	1がつ	Jan	Jan			yes	hiragana:2; katakana:0; kanji:0; Latin:0; digits:1; phonetic hiragana orthography		Source suppresses normal kanji/katakana distinctions; restore only with context	source numerals ['1']; verify dates/counts and Japanese ordering | fixed-address label; 4 packed bytes	medium		
2026	TT1A	TT1A/month/r1	fixed-address	$A46E	4	2がつ	2がつ	2gatsu	2がつ	Feb	Feb			yes	hiragana:2; katakana:0; kanji:0; Latin:0; digits:1; phonetic hiragana orthography		Source suppresses normal kanji/katakana distinctions; restore only with context	source numerals ['2']; verify dates/counts and Japanese ordering | fixed-address label; 4 packed bytes	medium		
2027	TT1A	TT1A/month/r2	fixed-address	$A472	4	3がつ	3がつ	3gatsu	3がつ	Mar	Mar			yes	hiragana:2; katakana:0; kanji:0; Latin:0; digits:1; phonetic hiragana orthography		Source suppresses normal kanji/katakana distinctions; restore only with context	source numerals ['3']; verify dates/counts and Japanese ordering | fixed-address label; 4 packed bytes	medium		
2028	TT1A	TT1A/month/r3	fixed-address	$A476	4	4がつ	4がつ	4gatsu	4がつ	Apr	Apr			yes	hiragana:2; katakana:0; kanji:0; Latin:0; digits:1; phonetic hiragana orthography		Source suppresses normal kanji/katakana distinctions; restore only with context	source numerals ['4']; verify dates/counts and Japanese ordering | fixed-address label; 4 packed bytes	medium		
2029	TT1A	TT1A/month/r4	fixed-address	$A47A	4	5がつ	5がつ	5gatsu	5がつ	May	May			yes	hiragana:2; katakana:0; kanji:0; Latin:0; digits:1; phonetic hiragana orthography		Source suppresses normal kanji/katakana distinctions; restore only with context	source numerals ['5']; verify dates/counts and Japanese ordering | fixed-address label; 4 packed bytes	medium		
2030	TT1A	TT1A/month/r5	fixed-address	$A47E	4	6がつ	6がつ	6gatsu	6がつ	Jun	Jun			yes	hiragana:2; katakana:0; kanji:0; Latin:0; digits:1; phonetic hiragana orthography		Source suppresses normal kanji/katakana distinctions; restore only with context	source numerals ['6']; verify dates/counts and Japanese ordering | fixed-address label; 4 packed bytes	medium		
2031	TT1A	TT1A/month/r6	fixed-address	$A482	7	7がついこう	7がついこう	7gatsuikou	7がついこう	Jul-Dec	Jul-Dec			yes	hiragana:5; katakana:0; kanji:0; Latin:0; digits:1; phonetic hiragana orthography		Source suppresses normal kanji/katakana distinctions; restore only with context	source numerals ['7']; verify dates/counts and Japanese ordering | fixed-address label; 7 packed bytes	medium		
2032	TT1A	TT1A/month/r7	fixed-address	$A489	4	7がつ	7がつ	7gatsu	7がつ	Jul	Jul			yes	hiragana:2; katakana:0; kanji:0; Latin:0; digits:1; phonetic hiragana orthography		Source suppresses normal kanji/katakana distinctions; restore only with context	source numerals ['7']; verify dates/counts and Japanese ordering | fixed-address label; 4 packed bytes	medium		
2033	TT1A	TT1A/month/r8	fixed-address	$A48D	4	8がつ	8がつ	8gatsu	8がつ	Aug	Aug			yes	hiragana:2; katakana:0; kanji:0; Latin:0; digits:1; phonetic hiragana orthography		Source suppresses normal kanji/katakana distinctions; restore only with context	source numerals ['8']; verify dates/counts and Japanese ordering | fixed-address label; 4 packed bytes	medium		
2034	TT1A	TT1A/month/r9	fixed-address	$A491	4	9がつ	9がつ	9gatsu	9がつ	Sep	Sep			yes	hiragana:2; katakana:0; kanji:0; Latin:0; digits:1; phonetic hiragana orthography		Source suppresses normal kanji/katakana distinctions; restore only with context	source numerals ['9']; verify dates/counts and Japanese ordering | fixed-address label; 4 packed bytes	medium		
2035	TT1A	TT1A/month/r10	fixed-address	$A495	5	10がつ	10がつ	10gatsu	10がつ	Oct	Oct			yes	hiragana:2; katakana:0; kanji:0; Latin:0; digits:2; phonetic hiragana orthography		Source suppresses normal kanji/katakana distinctions; restore only with context	source numerals ['10']; verify dates/counts and Japanese ordering | fixed-address label; 5 packed bytes	medium		
2036	TT1A	TT1A/month/r11	fixed-address	$A49A	5	11がつ	11がつ	11gatsu	11がつ	Nov	Nov			yes	hiragana:2; katakana:0; kanji:0; Latin:0; digits:2; phonetic hiragana orthography		Source suppresses normal kanji/katakana distinctions; restore only with context	source numerals ['11']; verify dates/counts and Japanese ordering | fixed-address label; 5 packed bytes	medium		
2037	TT1A	TT1A/month/r12	fixed-address	$A49F	5	12がつ	12がつ	12gatsu	12がつ	Dec	Dec			yes	hiragana:2; katakana:0; kanji:0; Latin:0; digits:2; phonetic hiragana orthography		Source suppresses normal kanji/katakana distinctions; restore only with context	source numerals ['12']; verify dates/counts and Japanese ordering | fixed-address label; 5 packed bytes	medium		
2038	TT1A	TT1A/confirmation/r0	fixed-address	$A4A4	4	いえす	いえす	iesu	いえす	Yes	Yes			yes	hiragana:3; katakana:0; kanji:0; Latin:0; digits:0; phonetic hiragana orthography		いえす → イエス (Jesus or 'yes'; context is essential)	fixed-address label; 4 packed bytes	medium		
2039	TT1A	TT1A/confirmation/r1	fixed-address	$A4A8	3	のー	のー	noo	のー	No	No			yes	hiragana:1; katakana:1; kanji:0; Latin:0; digits:0		Source suppresses normal kanji/katakana distinctions; restore only with context	fixed-address label; 3 packed bytes	medium		
2040	NOV2	NOV2/start	fixed-address	$8651	6	さいしょから	さいしょから	saishokara	さいしょから	START	START			yes	hiragana:6; katakana:0; kanji:0; Latin:0; digits:0; phonetic hiragana orthography		Source suppresses normal kanji/katakana distinctions; restore only with context	fixed-address label; 6 packed bytes | compact uppercase label may be an abbreviation	high		
2041	NOV4	NOV4/start	fixed-address	$A295	6	さいしょから	さいしょから	saishokara	さいしょから	START	START			yes	hiragana:6; katakana:0; kanji:0; Latin:0; digits:0; phonetic hiragana orthography		Source suppresses normal kanji/katakana distinctions; restore only with context	fixed-address label; 6 packed bytes | compact uppercase label may be an abbreviation	high		
2042	NOV2	NOV2/wait	fixed-address	$85D9	13	しばらく{CTRL:0}  おまちください	しばらく ⟦CTRL:0⟧   おまちください	shibaraku /   omachikudasai	しばらく  おまちください	PLEASE WAIT...	PLEASE WAIT...	0		NO	hiragana:11; katakana:0; kanji:0; Latin:0; digits:0; phonetic hiragana orthography		Source suppresses normal kanji/katakana distinctions; restore only with context	control sequence differs | fixed-address label; 13 packed bytes | compact uppercase label may be an abbreviation	high		
2043	NOV2	NOV2/disk/r0	fixed-address	$860D	6	ぜんぺんの	ぜんぺんの	zenpenno	ぜんぺんの	Part 1	Part 1			yes	hiragana:5; katakana:0; kanji:0; Latin:0; digits:0; phonetic hiragana orthography		Source suppresses normal kanji/katakana distinctions; restore only with context	fixed-address label; 6 packed bytes	medium		
2044	NOV2	NOV2/disk/r1	fixed-address	$8613	5	こうへんの	こうへんの	kouhenno	こうへんの	Part2	Part2			yes	hiragana:5; katakana:0; kanji:0; Latin:0; digits:0; phonetic hiragana orthography		Source suppresses normal kanji/katakana distinctions; restore only with context	fixed-address label; 5 packed bytes	medium		
2045	NOV2	NOV2/disk/r2	fixed-address	$8618	6	{CTRL:0}えーめんを	⟦CTRL:0⟧ えーめんを	 / eemeno	えーめんを	{CTRL:0}SideA	⟦CTRL:0⟧ SideA	0	0	yes	hiragana:4; katakana:1; kanji:0; Latin:0; digits:0		Source suppresses normal kanji/katakana distinctions; restore only with context	fixed-address label; 6 packed bytes | compact uppercase label may be an abbreviation	high		
2046	NOV2	NOV2/disk/r3	fixed-address	$861E	7	{CTRL:0}びーめんを	⟦CTRL:0⟧ びーめんを	 / biimeno	びーめんを	{CTRL:0}Side B	⟦CTRL:0⟧ Side B	0	0	yes	hiragana:4; katakana:1; kanji:0; Latin:0; digits:0		Source suppresses normal kanji/katakana distinctions; restore only with context	fixed-address label; 7 packed bytes | compact uppercase label may be an abbreviation	high		
2047	NOV2	NOV2/disk/r4	fixed-address	$8625	11	{CTRL:0}{CTRL:0}せっとしてください	⟦CTRL:0⟧  ⟦CTRL:0⟧ せっとしてください	 /  / settoshitekudasai	せっとしてください	{CTRL:0}{CTRL:0}Insert now.	⟦CTRL:0⟧  ⟦CTRL:0⟧ Insert now.	0,0	0,0	yes	hiragana:9; katakana:0; kanji:0; Latin:0; digits:0; phonetic hiragana orthography		Source suppresses normal kanji/katakana distinctions; restore only with context	fixed-address label; 11 packed bytes | compact uppercase label may be an abbreviation	high		
2048	NOV2	NOV2/disk/r5	fixed-address	$86E8	11	ちがった でぃすくが	ちがった でぃすくが	chigatta disukuga	ちがった でぃすくが	Wrong disk!	Wrong disk!			yes	hiragana:9; katakana:0; kanji:0; Latin:0; digits:0; phonetic hiragana orthography		Source suppresses normal kanji/katakana distinctions; restore only with context	fixed-address label; 11 packed bytes	medium		
2049	NOV2	NOV2/disk/r6	fixed-address	$86F3	14	{CTRL:0}    せっとされています	⟦CTRL:0⟧     せっとされています	 /     settosareteimasu	    せっとされています	{CTRL:0}Try another side	⟦CTRL:0⟧ Try another side	0	0	yes	hiragana:9; katakana:0; kanji:0; Latin:0; digits:0; phonetic hiragana orthography	です/ます: polite register	Source suppresses normal kanji/katakana distinctions; restore only with context	fixed-address label; 14 packed bytes | compact uppercase label may be an abbreviation	high		
2050	NOV2	NOV2/system/save_destination	fixed-address	$85E6	26	えー らむせーぶ{CTRL:0}びー ですくせーぶ{CTRL:0}せる きゃんせる	えー らむせーぶ ⟦CTRL:0⟧ びー ですくせーぶ ⟦CTRL:0⟧ せる きゃんせる	ee ramuseebu / bii desukuseebu / seru kyanseru	えー らむせーぶびー ですくせーぶせる きゃんせる	A RAM Save{CTRL:0}B Disk{CTRL:0}Select Cancel	A RAM Save ⟦CTRL:0⟧ B Disk ⟦CTRL:0⟧ Select Cancel	0,0	0,0	yes	hiragana:18; katakana:4; kanji:0; Latin:0; digits:0		Source suppresses normal kanji/katakana distinctions; restore only with context	fixed-address label; 26 packed bytes | compact uppercase label may be an abbreviation	high		
2051	NOV2	NOV2/system/saving_status	fixed-address	$8600	13	でぃすくせーぶ{CTRL:0}しとるからの	でぃすくせーぶ ⟦CTRL:0⟧ しとるからの	disukuseebu / shitorukarano	でぃすくせーぶしとるからの	Saving{CTRL:0}to disk.	Saving ⟦CTRL:0⟧ to disk.	0	0	yes	hiragana:12; katakana:1; kanji:0; Latin:0; digits:0		Source suppresses normal kanji/katakana distinctions; restore only with context	fixed-address label; 13 packed bytes | compact uppercase label may be an abbreviation	high		
2052	NOV2	NOV2/system/chapter_start	fixed-address	$8631	7	しょうはじめ	しょうはじめ	shouhajime	しょうはじめ	Chapter	Chapter			yes	hiragana:6; katakana:0; kanji:0; Latin:0; digits:0; phonetic hiragana orthography		Source suppresses normal kanji/katakana distinctions; restore only with context	fixed-address label; 7 packed bytes	medium		
2053	NOV2	NOV2/system/disk_trouble	fixed-address	$863A	9	でぃすく、とらぶる	でぃすく、とらぶる	disuku、toraburu	でぃすく、とらぶる	Disk error	Disk error			yes	hiragana:8; katakana:0; kanji:0; Latin:0; digits:0; phonetic hiragana orthography		Source suppresses normal kanji/katakana distinctions; restore only with context	fixed-address label; 9 packed bytes	medium		
2054	NOV2	NOV2/system/ram_store	fixed-address	$8643	5	おぼえる	おぼえる	oboeru	おぼえる	Store	Store			yes	hiragana:4; katakana:0; kanji:0; Latin:0; digits:0; phonetic hiragana orthography		Source suppresses normal kanji/katakana distinctions; restore only with context	fixed-address label; 5 packed bytes	medium		
2055	NOV2	NOV2/system/ram_fetch	fixed-address	$864C	5	おもいだす	おもいだす	omoidasu	おもいだす	Fetch	Fetch			yes	hiragana:5; katakana:0; kanji:0; Latin:0; digits:0; phonetic hiragana orthography		Source suppresses normal kanji/katakana distinctions; restore only with context	fixed-address label; 5 packed bytes	medium		
2056	TITLE	TITLE/wordmark	graphics-text	graphics-only	n/a	タイムツイスト	タイムツイスト	taimutsuisuto	タイムツイスト	TIME TWIST	TIME TWIST			yes	hiragana:0; katakana:7; kanji:0; Latin:0; digits:0				low		
2057	TITLE	TITLE/subtitle	graphics-text	graphics-only	n/a	歴史のかたすみで……	歴史のかたすみで……	歴史nokatasumide……	歴史のかたすみで……	On the Outskirts of History...	On the Outskirts of History...			yes	hiragana:6; katakana:0; kanji:2; Latin:0; digits:0		Source suppresses normal kanji/katakana distinctions; restore only with context	ellipsis carries timing/hesitation tone	medium		
2058	SON-KOUH	SON-KOUH/direct-boot	graphics-text	graphics-only	n/a	ぜんぺんディスクから ロードしてください。	ぜんぺんディスクから ロードしてください。	zenpendisukukara roodoshitekudasai。	ぜんぺんディスクから ロードしてください。	PLEASE START WITH PART 1	PLEASE START WITH PART 1			yes	hiragana:12; katakana:7; kanji:0; Latin:0; digits:0		Source suppresses normal kanji/katakana distinctions; restore only with context		medium		
